{"logs": {"0": "INFO [Timer-0] 2010-09-03 12:23:33,282 Gossiper.java (line 402) FatClient /10.251.243.191 has been silent for 3600000ms, removing from gossip", "1": "ERROR [Timer-0] 2010-09-03 12:23:33,318 Gossiper.java (line 99) Gossip error", "8": "ERROR [pool-1-thread-69153] 2010-09-03 12:23:33,857 Cassandra.java (line 1659) Internal error processing batch_mutate", "20": "ERROR [pool-1-thread-69154] 2010-09-03 12:23:33,869 Cassandra.java (line 1659) Internal error processing batch_mutate", "33": "ERROR [pool-1-thread-68869] 2010-09-03 12:39:22,857 Cassandra.java (line 1659) Internal error processing batch_mutate", "35": "ERROR [pool-1-thread-68869] 2010-09-03 12:39:22,883 Cassandra.java (line 1659) Internal error processing batch_mutate", "37": "ERROR [pool-1-thread-68869] 2010-09-03 12:39:22,894 Cassandra.java (line 1659) Internal error processing batch_mutate", "39": "ERROR [pool-1-thread-68970] 2010-09-03 12:39:22,985 Cassandra.java (line 1659) Internal error processing batch_mutate", "41": "ERROR [pool-1-thread-68970] 2010-09-03 12:39:23,084 Cassandra.java (line 1659) Internal error processing batch_mutate"}, "traces": {"4": "at org.apache.cassandra.gms.Gossiper.doStatusCheck(Gossiper.java:383)", "5": "at org.apache.cassandra.gms.Gossiper$GossipTimerTask.run(Gossiper.java:93)", "10": "at org.apache.cassandra.gms.FailureDetector.isAlive(FailureDetector.java:135)", "11": "at org.apache.cassandra.locator.AbstractReplicationStrategy.getHintedEndpoints(AbstractReplicationStrategy.java:85)", "12": "at org.apache.cassandra.service.StorageProxy.mutateBlocking(StorageProxy.java:204)", "13": "at org.apache.cassandra.thrift.CassandraServer.batch_mutate(CassandraServer.java:415)", "14": "at org.apache.cassandra.thrift.Cassandra$Processor$batch_mutate.process(Cassandra.java:1651)", "15": "at org.apache.cassandra.thrift.Cassandra$Processor.process(Cassandra.java:1166)", "16": "at org.apache.cassandra.thrift.CustomTThreadPoolServer$WorkerProcess.run(CustomTThreadPoolServer.java:167)", "22": "at org.apache.cassandra.gms.FailureDetector.isAlive(FailureDetector.java:135)", "23": "at org.apache.cassandra.locator.AbstractReplicationStrategy.getHintedEndpoints(AbstractReplicationStrategy.java:85)", "24": "at org.apache.cassandra.service.StorageProxy.mutateBlocking(StorageProxy.java:204)", "25": "at org.apache.cassandra.thrift.CassandraServer.batch_mutate(CassandraServer.java:415)", "26": "at org.apache.cassandra.thrift.Cassandra$Processor$batch_mutate.process(Cassandra.java:1651)", "27": "at org.apache.cassandra.thrift.Cassandra$Processor.process(Cassandra.java:1166)", "28": "at org.apache.cassandra.thrift.CustomTThreadPoolServer$WorkerProcess.run(CustomTThreadPoolServer.java:167)"}, "parsed_logs": {"0": {"class": "Gossiper.java", "method": "", "line_number": "402", "message": "FatClient /10.251.243.191 has been silent for 3600000ms, removing from gossip"}, "1": {"class": "Gossiper.java", "method": "", "line_number": "99", "message": "Gossip error"}, "8": {"class": "Cassandra.java", "method": "", "line_number": "1659", "message": "Internal error processing batch_mutate"}, "20": {"class": "Cassandra.java", "method": "", "line_number": "1659", "message": "Internal error processing batch_mutate"}, "33": {"class": "Cassandra.java", "method": "batch_mutate", "line_number": "1659", "message": "Internal error processing"}, "35": {"class": "Cassandra.java", "method": "", "line_number": "1659", "message": "Internal error processing batch_mutate"}, "37": {"class": "Cassandra.java", "method": "", "line_number": "1659", "message": "Internal error processing batch_mutate"}, "39": {"class": "Cassandra.java", "method": "", "line_number": "1659", "message": "Internal error processing batch_mutate"}, "41": {"class": "Cassandra.java", "method": "", "line_number": "1659", "message": "Internal error processing batch_mutate"}}, "parsed_traces": {"4": {"package_class": "org.apache.cassandra.gms.Gossiper", "method": "doStatusCheck", "file_name": "Gossiper.java", "line_number": 383}, "5": {"package_class": "org.apache.cassandra.gms.Gossiper$GossipTimerTask", "method": "run", "file_name": "Gossiper.java", "line_number": 93}, "10": {"package_class": "org.apache.cassandra.gms.FailureDetector", "method": "isAlive", "file_name": "FailureDetector.java", "line_number": 135}, "11": {"package_class": "org.apache.cassandra.locator.AbstractReplicationStrategy", "method": "getHintedEndpoints", "file_name": "AbstractReplicationStrategy.java", "line_number": 85}, "12": {"package_class": "org.apache.cassandra.service.StorageProxy", "method": "mutateBlocking", "file_name": "StorageProxy.java", "line_number": 204}, "13": {"package_class": "org.apache.cassandra.thrift.CassandraServer", "method": "batch_mutate", "file_name": "CassandraServer.java", "line_number": 415}, "14": {"package_class": "org.apache.cassandra.thrift.Cassandra$Processor$batch_mutate", "method": "process", "file_name": "Cassandra.java", "line_number": 1651}, "15": {"package_class": "org.apache.cassandra.thrift.Cassandra$Processor", "method": "process", "file_name": "Cassandra.java", "line_number": 1166}, "16": {"package_class": "org.apache.cassandra.thrift.CustomTThreadPoolServer$WorkerProcess", "method": "run", "file_name": "CustomTThreadPoolServer.java", "line_number": 167}, "22": {"package_class": "org.apache.cassandra.gms.FailureDetector", "method": "isAlive", "file_name": "FailureDetector.java", "line_number": 135}, "23": {"package_class": "org.apache.cassandra.locator.AbstractReplicationStrategy", "method": "getHintedEndpoints", "file_name": "AbstractReplicationStrategy.java", "line_number": 85}, "24": {"package_class": "org.apache.cassandra.service.StorageProxy", "method": "mutateBlocking", "file_name": "StorageProxy.java", "line_number": 204}, "25": {"package_class": "org.apache.cassandra.thrift.CassandraServer", "method": "batch_mutate", "file_name": "CassandraServer.java", "line_number": 415}, "26": {"package_class": "org.apache.cassandra.thrift.Cassandra$Processor$batch_mutate", "method": "process", "file_name": "Cassandra.java", "line_number": 1651}, "27": {"package_class": "org.apache.cassandra.thrift.Cassandra$Processor", "method": "process", "file_name": "Cassandra.java", "line_number": 1166}, "28": {"package_class": "org.apache.cassandra.thrift.CustomTThreadPoolServer$WorkerProcess", "method": "run", "file_name": "CustomTThreadPoolServer.java", "line_number": 167}}}