{"logs": {"0": "ERROR 21:46:49,417 Error in ThreadPoolExecutor", "13": "ERROR 21:46:49,418 Fatal exception in thread Thread[GMFD:1,5,main]"}, "traces": {"2": "at org.apache.cassandra.locator.TokenMetadata.addBootstrapToken(TokenMetadata.java:130)", "3": "at org.apache.cassandra.service.StorageService.handleStateBootstrap(StorageService.java:548)", "4": "at org.apache.cassandra.service.StorageService.onChange(StorageService.java:511)", "5": "at org.apache.cassandra.gms.Gossiper.doNotifications(Gossiper.java:705)", "6": "at org.apache.cassandra.gms.Gossiper.applyApplicationStateLocally(Gossiper.java:670)", "7": "at org.apache.cassandra.gms.Gossiper.applyStateLocally(Gossiper.java:624)", "8": "at org.apache.cassandra.gms.Gossiper$GossipDigestAck2VerbHandler.doVerb(Gossiper.java:1016)", "9": "at org.apache.cassandra.net.MessageDeliveryTask.run(MessageDeliveryTask.java:41)", "15": "at org.apache.cassandra.locator.TokenMetadata.addBootstrapToken(TokenMetadata.java:130)", "16": "at org.apache.cassandra.service.StorageService.handleStateBootstrap(StorageService.java:548)", "17": "at org.apache.cassandra.service.StorageService.onChange(StorageService.java:511)", "18": "at org.apache.cassandra.gms.Gossiper.doNotifications(Gossiper.java:705)", "19": "at org.apache.cassandra.gms.Gossiper.applyApplicationStateLocally(Gossiper.java:670)", "20": "at org.apache.cassandra.gms.Gossiper.applyStateLocally(Gossiper.java:624)", "21": "at org.apache.cassandra.gms.Gossiper$GossipDigestAck2VerbHandler.doVerb(Gossiper.java:1016)", "22": "at org.apache.cassandra.net.MessageDeliveryTask.run(MessageDeliveryTask.java:41)"}, "parsed_logs": {"0": {"class": "ThreadPoolExecutor", "method": "", "line_number": "", "message": "Error in ThreadPoolExecutor"}, "13": {"class": "", "method": "", "line_number": "", "message": "ERROR 21:46:49,418 Fatal exception in thread Thread[GMFD:1,5,main]"}}, "parsed_traces": {"2": {"package_class": "org.apache.cassandra.locator.TokenMetadata", "method": "addBootstrapToken", "file_name": "TokenMetadata.java", "line_number": 130}, "3": {"package_class": "org.apache.cassandra.service.StorageService", "method": "handleStateBootstrap", "file_name": "StorageService.java", "line_number": 548}, "4": {"package_class": "org.apache.cassandra.service.StorageService", "method": "onChange", "file_name": "StorageService.java", "line_number": 511}, "5": {"package_class": "org.apache.cassandra.gms.Gossiper", "method": "doNotifications", "file_name": "Gossiper.java", "line_number": 705}, "6": {"package_class": "org.apache.cassandra.gms.Gossiper", "method": "applyApplicationStateLocally", "file_name": "Gossiper.java", "line_number": 670}, "7": {"package_class": "org.apache.cassandra.gms.Gossiper", "method": "applyStateLocally", "file_name": "Gossiper.java", "line_number": 624}, "8": {"package_class": "org.apache.cassandra.gms.Gossiper$GossipDigestAck2VerbHandler", "method": "doVerb", "file_name": "Gossiper.java", "line_number": 1016}, "9": {"package_class": "org.apache.cassandra.net.MessageDeliveryTask", "method": "run", "file_name": "MessageDeliveryTask.java", "line_number": 41}, "15": {"package_class": "org.apache.cassandra.locator.TokenMetadata", "method": "addBootstrapToken", "file_name": "TokenMetadata.java", "line_number": 130}, "16": {"package_class": "org.apache.cassandra.service.StorageService", "method": "handleStateBootstrap", "file_name": "StorageService.java", "line_number": 548}, "17": {"package_class": "org.apache.cassandra.service.StorageService", "method": "onChange", "file_name": "StorageService.java", "line_number": 511}, "18": {"package_class": "org.apache.cassandra.gms.Gossiper", "method": "doNotifications", "file_name": "Gossiper.java", "line_number": 705}, "19": {"package_class": "org.apache.cassandra.gms.Gossiper", "method": "applyApplicationStateLocally", "file_name": "Gossiper.java", "line_number": 670}, "20": {"package_class": "org.apache.cassandra.gms.Gossiper", "method": "applyStateLocally", "file_name": "Gossiper.java", "line_number": 624}, "21": {"package_class": "org.apache.cassandra.gms.Gossiper$GossipDigestAck2VerbHandler", "method": "doVerb", "file_name": "Gossiper.java", "line_number": 1016}, "22": {"package_class": "org.apache.cassandra.net.MessageDeliveryTask", "method": "run", "file_name": "MessageDeliveryTask.java", "line_number": 41}}}