{"logs": {"27": "INFO [StreamStage:1] 2011-06-17 22:27:05,925 StreamOut.java (line 100) Flushing memtables for FMM_Studio...", "28": "INFO [StreamStage:1] 2011-06-17 22:27:06,004 StreamOut.java (line 173) Stream context metadata [/var/opt/cassandra/data/FMM_Studio/Classes-f-107-Data.db sections=1 progress=0/1585378 - 0%, /var/opt/cas", "31": "INFO [StreamStage:1] 2011-06-17 22:27:06,005 StreamOutSession.java (line 174) Streaming to /192.168.1.9", "32": "INFO [StreamStage:1] 2011-06-17 22:27:06,006 StreamOut.java (line 126) Beginning transfer to /192.168.1.9", "33": "INFO [StreamStage:1] 2011-06-17 22:27:06,007 StreamOut.java (line 100) Flushing memtables for FightMyMonster...", "34": "INFO [StreamStage:1] 2011-06-17 22:27:06,007 ColumnFamilyStore.java (line 1065) Enqueuing flush of Memtable-MonsterMarket_1@1054909557(338 bytes, 24 operations)", "35": "INFO [StreamStage:1] 2011-06-17 22:27:06,007 ColumnFamilyStore.java (line 1065) Enqueuing flush of Memtable-UserFights@239934867(1124836 bytes, 965 operations)", "36": "INFO [FlushWriter:409] 2011-06-17 22:27:06,007 Memtable.java (line 157) Writing Memtable-MonsterMarket_1@1054909557(338 bytes, 24 operations)", "37": "INFO [StreamStage:1] 2011-06-17 22:27:06,007 ColumnFamilyStore.java (line 1065) Enqueuing flush of Memtable-Users_CisIndex@1758504250(242 bytes, 8 operations)", "38": "INFO [StreamStage:1] 2011-06-17 22:27:06,008 ColumnFamilyStore.java (line 1065) Enqueuing flush of Memtable-Tribes@1510979736(18318 bytes, 703 operations)", "39": "INFO [StreamStage:1] 2011-06-17 22:27:06,008 ColumnFamilyStore.java (line 1065) Enqueuing flush of Memtable-ColumnViews_TimeUUID@864545260(2073 bytes, 63 operations)", "40": "INFO [StreamStage:1] 2011-06-17 22:27:06,008 ColumnFamilyStore.java (line 1065) Enqueuing flush of Memtable-MonsterMarket_0@537829218(2600 bytes, 129 operations)", "41": "INFO [FlushWriter:409] 2011-06-17 22:27:06,069 Memtable.java (line 172) Completed flushing /var/opt/cassandra/data/FightMyMonster/MonsterMarket_1-f-3799-Data.db (1774 bytes)", "42": "INFO [FlushWriter:409] 2011-06-17 22:27:06,069 Memtable.java (line 157) Writing Memtable-UserFights@239934867(1124836 bytes, 965 operations)", "43": "INFO [StreamStage:1] 2011-06-17 22:27:06,070 ColumnFamilyStore.java (line 1065) Enqueuing flush of Memtable-UserSigninLog@1692186117(4043 bytes, 137 operations)", "44": "INFO [FlushWriter:409] 2011-06-17 22:27:06,161 Memtable.java (line 172) Completed flushing /var/opt/cassandra/data/FightMyMonster/UserFights-f-8192-Data.db (1179202 bytes)", "45": "INFO [FlushWriter:409] 2011-06-17 22:27:06,161 Memtable.java (line 157) Writing Memtable-Users_CisIndex@1758504250(242 bytes, 8 operations)", "46": "INFO [CompactionExecutor:1] 2011-06-17 22:27:06,161 CompactionManager.java (line 395) Compacting [SSTableReader(path='/var/opt/cassandra/data/FightMyMonster/UserFights-f-8189-Data.db'),SSTableReader(pa", "49": "INFO [StreamStage:1] 2011-06-17 22:27:06,162 ColumnFamilyStore.java (line 1065) Enqueuing flush of Memtable-TribeFights@321579649(138 bytes, 3 operations)", "50": "ERROR [MiscStage:1] 2011-06-17 22:27:06,168 AbstractCassandraDaemon.java (line 114) Fatal exception in thread Thread[MiscStage:1,5,main]"}, "traces": {"52": "at org.apache.cassandra.streaming.StreamOutSession.validateCurrentFile(StreamOutSession.java:166)", "53": "at org.apache.cassandra.streaming.StreamReplyVerbHandler.doVerb(StreamReplyVerbHandler.java:58)", "54": "at org.apache.cassandra.net.MessageDeliveryTask.run(MessageDeliveryTask.java:72)"}, "parsed_logs": {"27": {"class": "StreamOut.java", "method": "", "line_number": "100", "message": "Flushing memtables for FMM_Studio..."}, "28": {"class": "StreamOut.java", "method": "", "line_number": "173", "message": "Stream context metadata [/var/opt/cassandra/data/FMM_Studio/Classes-f-107-Data.db sections=1 progress=0/1585378 - 0%, /var/opt/cas"}, "31": {"class": "StreamOutSession.java", "method": "", "line_number": "174", "message": "Streaming to /192.168.1.9"}, "32": {"class": "StreamOut.java", "method": "", "line_number": "126", "message": "Beginning transfer to /192.168.1.9"}, "33": {"class": "StreamOut.java", "method": "", "line_number": "100", "message": "Flushing memtables for FightMyMonster..."}, "34": {"class": "ColumnFamilyStore.java", "method": "", "line_number": "1065", "message": "Enqueuing flush of Memtable-MonsterMarket_1@1054909557(338 bytes, 24 operations)"}, "35": {"class": "ColumnFamilyStore.java", "method": "", "line_number": "1065", "message": "Enqueuing flush of Memtable-UserFights@239934867(1124836 bytes, 965 operations)"}, "36": {"class": "Memtable.java", "method": "Writing Memtable-MonsterMarket_1", "line_number": "157", "message": "Writing Memtable-MonsterMarket_1@1054909557(338 bytes, 24 operations)"}, "37": {"class": "ColumnFamilyStore.java", "method": "", "line_number": "1065", "message": "Enqueuing flush of Memtable-Users_CisIndex@1758504250(242 bytes, 8 operations)"}, "38": {"class": "ColumnFamilyStore.java", "method": "", "line_number": "1065", "message": "Enqueuing flush of Memtable-Tribes@1510979736(18318 bytes, 703 operations)"}, "39": {"class": "ColumnFamilyStore.java", "method": "", "line_number": "1065", "message": "Enqueuing flush of Memtable-ColumnViews_TimeUUID@864545260(2073 bytes, 63 operations)"}, "40": {"class": "ColumnFamilyStore.java", "method": "", "line_number": "1065", "message": "Enqueuing flush of Memtable-MonsterMarket_0@537829218(2600 bytes, 129 operations)"}, "41": {"class": "Memtable.java", "method": "Completed flushing", "line_number": "172", "message": "/var/opt/cassandra/data/FightMyMonster/MonsterMarket_1-f-3799-Data.db (1774 bytes)"}, "42": {"class": "Memtable.java", "method": "", "line_number": "157", "message": "Writing Memtable-UserFights@239934867(1124836 bytes, 965 operations)"}, "43": {"class": "ColumnFamilyStore.java", "method": "", "line_number": "1065", "message": "Enqueuing flush of Memtable-UserSigninLog@1692186117(4043 bytes, 137 operations)"}, "44": {"class": "Memtable.java", "method": "", "line_number": "172", "message": "Completed flushing /var/opt/cassandra/data/FightMyMonster/UserFights-f-8192-Data.db (1179202 bytes)"}, "45": {"class": "Memtable.java", "method": "Writing", "line_number": "157", "message": "Memtable-Users_CisIndex@1758504250(242 bytes, 8 operations)"}, "46": {"class": "CompactionManager", "method": "", "line_number": "395", "message": "Compacting [SSTableReader(path='/var/opt/cassandra/data/FightMyMonster/UserFights-f-8189-Data.db'),SSTableReader(pa"}, "49": {"class": "ColumnFamilyStore.java", "method": "", "line_number": "1065", "message": "Enqueuing flush of Memtable-TribeFights@321579649(138 bytes, 3 operations)"}, "50": {"class": "AbstractCassandraDaemon.java", "method": "", "line_number": "114", "message": "Fatal exception in thread Thread[MiscStage:1,5,main]"}}, "parsed_traces": {"52": {"package_class": "org.apache.cassandra.streaming.StreamOutSession", "method": "validateCurrentFile", "file_name": "StreamOutSession.java", "line_number": 166}, "53": {"package_class": "org.apache.cassandra.streaming.StreamReplyVerbHandler", "method": "doVerb", "file_name": "StreamReplyVerbHandler.java", "line_number": 58}, "54": {"package_class": "org.apache.cassandra.net.MessageDeliveryTask", "method": "run", "file_name": "MessageDeliveryTask.java", "line_number": 72}}}