{"logs": {"0": "INFO [AntiEntropyStage:1] 2011-06-09 19:02:47,999 AntiEntropyService.java (line 234) Queueing comparison #<Differencer #<TreeRequest manual-repair-0c17c5f9-583f-4a31-a6d4-a9e7306fb46e, /1", "2": "INFO [AntiEntropyStage:1] 2011-06-09 19:02:48,026 AntiEntropyService.java (line 468) Endpoints somewhere/1.10.42.81 and /1.10.42.82 have 2 range(s) out of sync for (JP,XXX) on (Token(bytes[6e]),Token(bytes[313039]))            ", "4": "INFO [AntiEntropyStage:1] 2011-06-09 19:02:48,026 AntiEntropyService.java (line 485) Performing streaming repair of 2 ranges for #<TreeRequest manual-repair-0c17c5f9-583f-4a31-a6d4-a9e7306", "6": "INFO [AntiEntropyStage:1] 2011-06-09 19:02:48,030 StreamOut.java (line 173) Stream context metadata[/data/cassandra/node0/data/JP/XXX-g-3-Data.db sections=1 progress=0/36592 - 0%], 1 sstables.", "7": "INFO [AntiEntropyStage:1] 2011-06-09 19:02:48,031 StreamOutSession.java (line 174) Streaming to /1.10.42.82", "8": "ERROR [CompactionExecutor:9] 2011-06-09 19:02:48,970 AbstractCassandraDaemon.java (line 113) Fatal exception in thread Thread[CompactionExecutor:9,1,main]", "22": "ERROR [CompactionExecutor:12] 2011-06-09 19:02:48,051 AbstractCassandraDaemon.java (line 113) Fatal exception in thread Thread[CompactionExecutor:12,1,main]", "35": "ERROR [Thread-132] 2011-06-09 19:02:48,051 AbstractCassandraDaemon.java (line 113) Fatal exception in thread Thread[Thread-132,5,main]"}, "traces": {"11": "at org.apache.cassandra.io.sstable.SSTableWriter$RowIndexer.doIndexing(SSTableWriter.java:457)", "12": "at org.apache.cassandra.io.sstable.SSTableWriter$RowIndexer.index(SSTableWriter.java:364)", "13": "at org.apache.cassandra.io.sstable.SSTableWriter$Builder.build(SSTableWriter.java:315)", "14": "at org.apache.cassandra.db.CompactionManager$9.call(CompactionManager.java:1099)", "15": "at org.apache.cassandra.db.CompactionManager$9.call(CompactionManager.java:1090)", "25": "at org.apache.cassandra.io.sstable.SSTableWriter$RowIndexer.doIndexing(SSTableWriter.java:457)", "26": "at org.apache.cassandra.io.sstable.SSTableWriter$RowIndexer.index(SSTableWriter.java:364)", "27": "at org.apache.cassandra.io.sstable.SSTableWriter$Builder.build(SSTableWriter.java:315)", "28": "at org.apache.cassandra.db.CompactionManager$9.call(CompactionManager.java:1099)", "29": "at org.apache.cassandra.db.CompactionManager$9.call(CompactionManager.java:1090)", "37": "at org.apache.cassandra.streaming.StreamInSession.closeIfFinished(StreamInSession.java:152)", "38": "at org.apache.cassandra.streaming.IncomingStreamReader.read(IncomingStreamReader.java:63)", "39": "at org.apache.cassandra.net.IncomingTcpConnection.stream(IncomingTcpConnection.java:155)", "40": "at org.apache.cassandra.net.IncomingTcpConnection.run(IncomingTcpConnection.java:93)", "44": "at org.apache.cassandra.streaming.StreamInSession.closeIfFinished(StreamInSession.java:136)", "48": "at org.apache.cassandra.io.sstable.SSTableWriter$RowIndexer.doIndexing(SSTableWriter.java:457)", "49": "at org.apache.cassandra.io.sstable.SSTableWriter$RowIndexer.index(SSTableWriter.java:364)", "50": "at org.apache.cassandra.io.sstable.SSTableWriter$Builder.build(SSTableWriter.java:315)", "51": "at org.apache.cassandra.db.CompactionManager$9.call(CompactionManager.java:1099)", "52": "at org.apache.cassandra.db.CompactionManager$9.call(CompactionManager.java:1090)"}, "parsed_logs": {"0": {"class": "AntiEntropyService.java", "method": "", "line_number": "234", "message": "Queueing comparison #<Differencer #<TreeRequest manual-repair-0c17c5f9-583f-4a31-a6d4-a9e7306fb46e, /1"}, "2": {"class": "AntiEntropyService.java", "method": "", "line_number": "468", "message": "Endpoints somewhere/1.10.42.81 and /1.10.42.82 have 2 range(s) out of sync for (JP,XXX) on (Token(bytes[6e]),Token(bytes[313039]))"}, "4": {"class": "AntiEntropyService", "method": "", "line_number": "485", "message": "Performing streaming repair of 2 ranges for #<TreeRequest manual-repair-0c17c5f9-583f-4a31-a6d4-a9e7306"}, "6": {"class": "StreamOut.java", "method": "", "line_number": "173", "message": "Stream context metadata[/data/cassandra/node0/data/JP/XXX-g-3-Data.db sections=1 progress=0/36592 - 0%], 1 sstables."}, "7": {"class": "StreamOutSession.java", "method": "", "line_number": "174", "message": "Streaming to /1.10.42.82"}, "8": {"class": "AbstractCassandraDaemon", "method": "", "line_number": "113", "message": "Fatal exception in thread Thread[CompactionExecutor:9,1,main]"}, "22": {"class": "AbstractCassandraDaemon.java", "method": "", "line_number": "113", "message": "Fatal exception in thread Thread[CompactionExecutor:12,1,main]"}, "35": {"class": "AbstractCassandraDaemon.java", "method": "", "line_number": "113", "message": "Fatal exception in thread Thread[Thread-132,5,main]"}}, "parsed_traces": {"11": {"package_class": "org.apache.cassandra.io.sstable.SSTableWriter$RowIndexer", "method": "doIndexing", "file_name": "SSTableWriter.java", "line_number": 457}, "12": {"package_class": "org.apache.cassandra.io.sstable.SSTableWriter$RowIndexer", "method": "index", "file_name": "SSTableWriter.java", "line_number": 364}, "13": {"package_class": "org.apache.cassandra.io.sstable.SSTableWriter$Builder", "method": "build", "file_name": "SSTableWriter.java", "line_number": 315}, "14": {"package_class": "org.apache.cassandra.db.CompactionManager$9", "method": "call", "file_name": "CompactionManager.java", "line_number": 1099}, "15": {"package_class": "org.apache.cassandra.db.CompactionManager$9", "method": "call", "file_name": "CompactionManager.java", "line_number": 1090}, "25": {"package_class": "org.apache.cassandra.io.sstable.SSTableWriter$RowIndexer", "method": "doIndexing", "file_name": "SSTableWriter.java", "line_number": 457}, "26": {"package_class": "org.apache.cassandra.io.sstable.SSTableWriter$RowIndexer", "method": "index", "file_name": "SSTableWriter.java", "line_number": 364}, "27": {"package_class": "org.apache.cassandra.io.sstable.SSTableWriter$Builder", "method": "build", "file_name": "SSTableWriter.java", "line_number": 315}, "28": {"package_class": "org.apache.cassandra.db.CompactionManager$9", "method": "call", "file_name": "CompactionManager.java", "line_number": 1099}, "29": {"package_class": "org.apache.cassandra.db.CompactionManager$9", "method": "call", "file_name": "CompactionManager.java", "line_number": 1090}, "37": {"package_class": "org.apache.cassandra.streaming.StreamInSession", "method": "closeIfFinished", "file_name": "StreamInSession.java", "line_number": 152}, "38": {"package_class": "org.apache.cassandra.streaming.IncomingStreamReader", "method": "read", "file_name": "IncomingStreamReader.java", "line_number": 63}, "39": {"package_class": "org.apache.cassandra.net.IncomingTcpConnection", "method": "stream", "file_name": "IncomingTcpConnection.java", "line_number": 155}, "40": {"package_class": "org.apache.cassandra.net.IncomingTcpConnection", "method": "run", "file_name": "IncomingTcpConnection.java", "line_number": 93}, "44": {"package_class": "org.apache.cassandra.streaming.StreamInSession", "method": "closeIfFinished", "file_name": "StreamInSession.java", "line_number": 136}, "48": {"package_class": "org.apache.cassandra.io.sstable.SSTableWriter$RowIndexer", "method": "doIndexing", "file_name": "SSTableWriter.java", "line_number": 457}, "49": {"package_class": "org.apache.cassandra.io.sstable.SSTableWriter$RowIndexer", "method": "index", "file_name": "SSTableWriter.java", "line_number": 364}, "50": {"package_class": "org.apache.cassandra.io.sstable.SSTableWriter$Builder", "method": "build", "file_name": "SSTableWriter.java", "line_number": 315}, "51": {"package_class": "org.apache.cassandra.db.CompactionManager$9", "method": "call", "file_name": "CompactionManager.java", "line_number": 1099}, "52": {"package_class": "org.apache.cassandra.db.CompactionManager$9", "method": "call", "file_name": "CompactionManager.java", "line_number": 1090}}}