{"logs": {"0": "ERROR [HintedHandoff:1] 2011-07-25 17:19:14,729 AbstractCassandraDaemon.java (line 139) Fatal exception in thread Thread[HintedHandoff:1,1,main]", "14": "DEBUG [HintedHandoff:1] 2011-07-26 11:22:35,526 HintedHandOffManager.java (line 300) Checking remote schema before delivering hints", "16": "DEBUG [pool-2-thread-1] 2011-07-26 11:22:44,965 CassandraServer.java (line 1123) checking schema agreement", "18": "DEBUG [pool-2-thread-1] 2011-07-26 11:22:44,969 StorageProxy.java (line 823) Schemas are in agreement.", "20": "ERROR [HintedHandoff:1] 2011-07-26 11:23:36,788 AbstractCassandraDaemon.java (line 138) Fatal exception in thread Thread[HintedHandoff:1,1,main]"}, "traces": {"2": "at org.apache.cassandra.utils.WrappedRunnable.run(WrappedRunnable.java:34)", "7": "at org.apache.cassandra.db.HintedHandOffManager.waitForSchemaAgreement(HintedHandOffManager.java:290)", "8": "at org.apache.cassandra.db.HintedHandOffManager.deliverHintsToEndpoint(HintedHandOffManager.java:301)", "9": "at org.apache.cassandra.db.HintedHandOffManager.access$100(HintedHandOffManager.java:89)", "10": "at org.apache.cassandra.db.HintedHandOffManager$2.runMayThrow(HintedHandOffManager.java:394)", "11": "at org.apache.cassandra.utils.WrappedRunnable.run(WrappedRunnable.java:30)"}, "parsed_logs": {"0": {"class": "AbstractCassandraDaemon.java", "method": "", "line_number": "139", "message": "Fatal exception in thread Thread[HintedHandoff:1,1,main]"}, "14": {"class": "HintedHandOffManager.java", "method": "", "line_number": "300", "message": "Checking remote schema before delivering hints"}, "16": {"class": "CassandraServer.java", "method": "", "line_number": "1123", "message": "checking schema agreement"}, "18": {"class": "StorageProxy.java", "method": "", "line_number": "823", "message": "Schemas are in agreement."}, "20": {"class": "AbstractCassandraDaemon.java", "method": "", "line_number": "138", "message": "Fatal exception in thread Thread[HintedHandoff:1,1,main]"}}, "parsed_traces": {"2": {"package_class": "org.apache.cassandra.utils.WrappedRunnable", "method": "run", "file_name": "WrappedRunnable.java", "line_number": 34}, "7": {"package_class": "org.apache.cassandra.db.HintedHandOffManager", "method": "waitForSchemaAgreement", "file_name": "HintedHandOffManager.java", "line_number": 290}, "8": {"package_class": "org.apache.cassandra.db.HintedHandOffManager", "method": "deliverHintsToEndpoint", "file_name": "HintedHandOffManager.java", "line_number": 301}, "9": {"package_class": "org.apache.cassandra.db.HintedHandOffManager", "method": "access$100", "file_name": "HintedHandOffManager.java", "line_number": 89}, "10": {"package_class": "org.apache.cassandra.db.HintedHandOffManager$2", "method": "runMayThrow", "file_name": "HintedHandOffManager.java", "line_number": 394}, "11": {"package_class": "org.apache.cassandra.utils.WrappedRunnable", "method": "run", "file_name": "WrappedRunnable.java", "line_number": 30}}}