{"logs": {"0": "ERROR 17:20:41,385 Fatal exception in thread Thread[MutationStage:5,5,main]", "15": "ERROR 17:20:41,389 Fatal exception in thread Thread[MutationStage:58,5,main]"}, "traces": {"2": "                      at org.apache.cassandra.utils.WrappedRunnable.run(WrappedRunnable.java:34)", "10": "                      at org.apache.cassandra.db.Table.ignoreObsoleteMutations(Table.java:431)", "11": "                      at org.apache.cassandra.db.Table.apply(Table.java:387)", "12": "                      at org.apache.cassandra.db.commitlog.CommitLog$2.runMayThrow(CommitLog.java:300)", "13": "                      at org.apache.cassandra.utils.WrappedRunnable.run(WrappedRunnable.java:30)", "17": "                      at org.apache.cassandra.utils.WrappedRunnable.run(WrappedRunnable.java:34)", "25": "                      at org.apache.cassandra.db.Table.ignoreObsoleteMutations(Table.java:431)", "26": "                      at org.apache.cassandra.db.Table.apply(Table.java:387)", "27": "                      at org.apache.cassandra.db.commitlog.CommitLog$2.runMayThrow(CommitLog.java:300)", "28": "                      at org.apache.cassandra.utils.WrappedRunnable.run(WrappedRunnable.java:30)"}, "parsed_logs": {"0": {"class": "", "method": "", "line_number": "", "message": "ERROR 17:20:41,385 Fatal exception in thread Thread[MutationStage:5,5,main]"}, "15": {"class": "", "method": "", "line_number": "", "message": "ERROR 17:20:41,389 Fatal exception in thread Thread[MutationStage:58,5,main]"}}, "parsed_traces": {"2": {"package_class": "org.apache.cassandra.utils.WrappedRunnable", "method": "run", "file_name": "WrappedRunnable.java", "line_number": 34}, "10": {"package_class": "org.apache.cassandra.db.Table", "method": "ignoreObsoleteMutations", "file_name": "Table.java", "line_number": 431}, "11": {"package_class": "org.apache.cassandra.db.Table", "method": "apply", "file_name": "Table.java", "line_number": 387}, "12": {"package_class": "org.apache.cassandra.db.commitlog.CommitLog$2", "method": "runMayThrow", "file_name": "CommitLog.java", "line_number": 300}, "13": {"package_class": "org.apache.cassandra.utils.WrappedRunnable", "method": "run", "file_name": "WrappedRunnable.java", "line_number": 30}, "17": {"package_class": "org.apache.cassandra.utils.WrappedRunnable", "method": "run", "file_name": "WrappedRunnable.java", "line_number": 34}, "25": {"package_class": "org.apache.cassandra.db.Table", "method": "ignoreObsoleteMutations", "file_name": "Table.java", "line_number": 431}, "26": {"package_class": "org.apache.cassandra.db.Table", "method": "apply", "file_name": "Table.java", "line_number": 387}, "27": {"package_class": "org.apache.cassandra.db.commitlog.CommitLog$2", "method": "runMayThrow", "file_name": "CommitLog.java", "line_number": 300}, "28": {"package_class": "org.apache.cassandra.utils.WrappedRunnable", "method": "run", "file_name": "WrappedRunnable.java", "line_number": 30}}}