{"logs": {"0": "ERROR 01:29:26,989 Exception encountered during startup."}, "traces": {"2": "                      at org.apache.cassandra.db.Table.<init>(Table.java:278)", "3": "                      at org.apache.cassandra.db.Table.open(Table.java:110)", "4": "                      at org.apache.cassandra.service.AbstractCassandraDaemon.setup(AbstractCassandraDaemon.java:160)", "5": "                      at org.apache.cassandra.service.AbstractCassandraDaemon.activate(AbstractCassandraDaemon.java:314)", "6": "                      at org.apache.cassandra.thrift.CassandraDaemon.main(CassandraDaemon.java:80)", "8": "                      at org.apache.cassandra.locator.SimpleStrategy.validateOptions(SimpleStrategy.java:79)", "9": "                      at org.apache.cassandra.locator.AbstractReplicationStrategy.createReplicationStrategy(AbstractReplicationStrategy.java:262)", "10": "                      at org.apache.cassandra.db.Table.createReplicationStrategy(Table.java:328)", "11": "                      at org.apache.cassandra.db.Table.<init>(Table.java:274)"}, "parsed_logs": {"0": {"class": "", "method": "", "line_number": "", "message": "ERROR 01:29:26,989 Exception encountered during startup."}}, "parsed_traces": {"2": {"package_class": "org.apache.cassandra.db.Table", "method": "<init>", "file_name": "Table.java", "line_number": 278}, "3": {"package_class": "org.apache.cassandra.db.Table", "method": "open", "file_name": "Table.java", "line_number": 110}, "4": {"package_class": "org.apache.cassandra.service.AbstractCassandraDaemon", "method": "setup", "file_name": "AbstractCassandraDaemon.java", "line_number": 160}, "5": {"package_class": "org.apache.cassandra.service.AbstractCassandraDaemon", "method": "activate", "file_name": "AbstractCassandraDaemon.java", "line_number": 314}, "6": {"package_class": "org.apache.cassandra.thrift.CassandraDaemon", "method": "main", "file_name": "CassandraDaemon.java", "line_number": 80}, "8": {"package_class": "org.apache.cassandra.locator.SimpleStrategy", "method": "validateOptions", "file_name": "SimpleStrategy.java", "line_number": 79}, "9": {"package_class": "org.apache.cassandra.locator.AbstractReplicationStrategy", "method": "createReplicationStrategy", "file_name": "AbstractReplicationStrategy.java", "line_number": 262}, "10": {"package_class": "org.apache.cassandra.db.Table", "method": "createReplicationStrategy", "file_name": "Table.java", "line_number": 328}, "11": {"package_class": "org.apache.cassandra.db.Table", "method": "<init>", "file_name": "Table.java", "line_number": 274}}}