{"logs": {}, "traces": {"1": "at org.apache.cassandra.service.AntiEntropyService$Validator.prepare(AntiEntropyService.java:283)", "2": "at org.apache.cassandra.db.compaction.CompactionManager.doValidationCompaction(CompactionManager.java:825)", "3": "at org.apache.cassandra.db.compaction.CompactionManager.access$600(CompactionManager.java:63)", "4": "at org.apache.cassandra.db.compaction.CompactionManager$6.call(CompactionManager.java:432)"}, "parsed_logs": {}, "parsed_traces": {"1": {"package_class": "org.apache.cassandra.service.AntiEntropyService$Validator", "method": "prepare", "file_name": "AntiEntropyService.java", "line_number": 283}, "2": {"package_class": "org.apache.cassandra.db.compaction.CompactionManager", "method": "doValidationCompaction", "file_name": "CompactionManager.java", "line_number": 825}, "3": {"package_class": "org.apache.cassandra.db.compaction.CompactionManager", "method": "access$600", "file_name": "CompactionManager.java", "line_number": 63}, "4": {"package_class": "org.apache.cassandra.db.compaction.CompactionManager$6", "method": "call", "file_name": "CompactionManager.java", "line_number": 432}}}