{"logs": {"0": "ERROR [AntiEntropySessions:12] 2011-10-24 11:17:52,154 AbstractCassandraDaemon.java (line 139) Fatal exception in thread Thread[AntiEntropySessions:12,5,RMI Runtime]"}, "traces": {"2": "at org.apache.cassandra.utils.WrappedRunnable.run(WrappedRunnable.java:34)", "12": "at org.apache.cassandra.service.AntiEntropyService$RepairSession$RepairJob.sendTreeRequests(AntiEntropyService.java:784)", "13": "at org.apache.cassandra.service.AntiEntropyService$RepairSession.runMayThrow(AntiEntropyService.java:680)", "14": "at org.apache.cassandra.utils.WrappedRunnable.run(WrappedRunnable.java:30)"}, "parsed_logs": {"0": {"class": "AbstractCassandraDaemon.java", "method": "", "line_number": "139", "message": "Fatal exception in thread Thread[AntiEntropySessions:12,5,RMI Runtime]"}}, "parsed_traces": {"2": {"package_class": "org.apache.cassandra.utils.WrappedRunnable", "method": "run", "file_name": "WrappedRunnable.java", "line_number": 34}, "12": {"package_class": "org.apache.cassandra.service.AntiEntropyService$RepairSession$RepairJob", "method": "sendTreeRequests", "file_name": "AntiEntropyService.java", "line_number": 784}, "13": {"package_class": "org.apache.cassandra.service.AntiEntropyService$RepairSession", "method": "runMayThrow", "file_name": "AntiEntropyService.java", "line_number": 680}, "14": {"package_class": "org.apache.cassandra.utils.WrappedRunnable", "method": "run", "file_name": "WrappedRunnable.java", "line_number": 30}}}