{"logs": {"0": "DEBUG 03:15:59,866 Processing response on a callback from 3840@/10.179.64.227", "1": "DEBUG 03:15:59,866 Preprocessed data response", "2": "DEBUG 03:15:59,866 Processing response on a callback from 3841@/10.179.111.137", "3": "DEBUG 03:15:59,866 Preprocessed digest response", "4": "DEBUG 03:15:59,865 Processing response on a callback from 3837@/10.179.111.137", "5": "DEBUG 03:15:59,865 Preprocessed data response", "6": "DEBUG 03:15:59,865 Preprocessed data response", "7": "DEBUG 03:15:59,867 Preprocessed digest response", "8": "DEBUG 03:15:59,867 resolving 2 responses", "9": "ERROR 03:15:59,866 Fatal exception in thread Thread[ReadRepairStage:526,5,main]", "17": "ERROR 03:15:59,866 Fatal exception in thread Thread[ReadRepairStage:525,5,main]", "25": "ERROR 03:15:59,867 Fatal exception in thread Thread[ReadRepairStage:528,5,main]", "33": "DEBUG 03:15:59,867 resolving 2 responses", "34": "DEBUG 03:15:59,867 resolving 2 responses", "35": "DEBUG 03:15:59,867 resolving 2 responses"}, "traces": {"11": "at org.apache.cassandra.service.RowRepairResolver.resolve(RowRepairResolver.java:77)", "12": "at org.apache.cassandra.service.AsyncRepairCallback$1.runMayThrow(AsyncRepairCallback.java:54)", "13": "at org.apache.cassandra.utils.WrappedRunnable.run(WrappedRunnable.java:30)", "19": "at org.apache.cassandra.service.RowRepairResolver.resolve(RowRepairResolver.java:77)", "20": "at org.apache.cassandra.service.AsyncRepairCallback$1.runMayThrow(AsyncRepairCallback.java:54)", "21": "at org.apache.cassandra.utils.WrappedRunnable.run(WrappedRunnable.java:30)", "27": "at org.apache.cassandra.service.RowRepairResolver.resolve(RowRepairResolver.java:77)", "28": "at org.apache.cassandra.service.AsyncRepairCallback$1.runMayThrow(AsyncRepairCallback.java:54)", "29": "at org.apache.cassandra.utils.WrappedRunnable.run(WrappedRunnable.java:30)"}, "parsed_logs": {"0": {"class": "", "method": "", "line_number": "", "message": "Processing response on a callback from 3840@/10.179.64.227"}, "1": {"class": "", "method": "", "line_number": "", "message": "DEBUG 03:15:59,866 Preprocessed data response"}, "2": {"class": "", "method": "Processing response", "line_number": "", "message": "on a callback from 3841@/10.179.111.137"}, "3": {"class": "", "method": "", "line_number": "", "message": "DEBUG 03:15:59,866 Preprocessed digest response"}, "4": {"class": "", "method": "", "line_number": "", "message": "Processing response on a callback from 3837@/10.179.111.137"}, "5": {"class": "", "method": "", "line_number": "", "message": "Preprocessed data response"}, "6": {"class": "", "method": "", "line_number": "", "message": "DEBUG 03:15:59,865 Preprocessed data response"}, "7": {"class": "", "method": "", "line_number": "", "message": "Preprocessed digest response"}, "8": {"class": "", "method": "", "line_number": "", "message": "DEBUG 03:15:59,867 resolving 2 responses"}, "9": {"class": "Thread", "method": "", "line_number": "", "message": "Fatal exception in thread Thread[ReadRepairStage:526,5,main]"}, "17": {"class": "", "method": "", "line_number": "", "message": "Fatal exception in thread Thread[ReadRepairStage:525,5,main]"}, "25": {"class": "Thread", "method": "", "line_number": "", "message": "Fatal exception in thread Thread[ReadRepairStage:528,5,main]"}, "33": {"class": "", "method": "", "line_number": "", "message": "DEBUG 03:15:59,867 resolving 2 responses"}, "34": {"class": "", "method": "", "line_number": "", "message": "DEBUG 03:15:59,867 resolving 2 responses"}, "35": {"class": "", "method": "", "line_number": "", "message": "DEBUG 03:15:59,867 resolving 2 responses"}}, "parsed_traces": {"11": {"package_class": "org.apache.cassandra.service.RowRepairResolver", "method": "resolve", "file_name": "RowRepairResolver.java", "line_number": 77}, "12": {"package_class": "org.apache.cassandra.service.AsyncRepairCallback$1", "method": "runMayThrow", "file_name": "AsyncRepairCallback.java", "line_number": 54}, "13": {"package_class": "org.apache.cassandra.utils.WrappedRunnable", "method": "run", "file_name": "WrappedRunnable.java", "line_number": 30}, "19": {"package_class": "org.apache.cassandra.service.RowRepairResolver", "method": "resolve", "file_name": "RowRepairResolver.java", "line_number": 77}, "20": {"package_class": "org.apache.cassandra.service.AsyncRepairCallback$1", "method": "runMayThrow", "file_name": "AsyncRepairCallback.java", "line_number": 54}, "21": {"package_class": "org.apache.cassandra.utils.WrappedRunnable", "method": "run", "file_name": "WrappedRunnable.java", "line_number": 30}, "27": {"package_class": "org.apache.cassandra.service.RowRepairResolver", "method": "resolve", "file_name": "RowRepairResolver.java", "line_number": 77}, "28": {"package_class": "org.apache.cassandra.service.AsyncRepairCallback$1", "method": "runMayThrow", "file_name": "AsyncRepairCallback.java", "line_number": 54}, "29": {"package_class": "org.apache.cassandra.utils.WrappedRunnable", "method": "run", "file_name": "WrappedRunnable.java", "line_number": 30}}}