{"logs": {"0": "ERROR [GossipTasks:1] 2012-10-06 10:47:48,390 Gossiper.java (line 169) Gossip error"}, "traces": {"4": "at org.apache.cassandra.gms.Gossiper.sendGossip(Gossiper.java:541)", "5": "at org.apache.cassandra.gms.Gossiper.doGossipToUnreachableMember(Gossiper.java:575)", "6": "at org.apache.cassandra.gms.Gossiper.access$300(Gossiper.java:59)", "7": "at org.apache.cassandra.gms.Gossiper$GossipTask.run(Gossiper.java:141)", "8": "at org.apache.cassandra.concurrent.DebuggableScheduledThreadPoolExecutor$UncomplainingRunnable.run(DebuggableScheduledThreadPoolExecutor.java:79)"}, "parsed_logs": {"0": {"class": "Gossiper.java", "method": "", "line_number": "169", "message": "Gossip error"}}, "parsed_traces": {"4": {"package_class": "org.apache.cassandra.gms.Gossiper", "method": "sendGossip", "file_name": "Gossiper.java", "line_number": 541}, "5": {"package_class": "org.apache.cassandra.gms.Gossiper", "method": "doGossipToUnreachableMember", "file_name": "Gossiper.java", "line_number": 575}, "6": {"package_class": "org.apache.cassandra.gms.Gossiper", "method": "access$300", "file_name": "Gossiper.java", "line_number": 59}, "7": {"package_class": "org.apache.cassandra.gms.Gossiper$GossipTask", "method": "run", "file_name": "Gossiper.java", "line_number": 141}, "8": {"package_class": "org.apache.cassandra.concurrent.DebuggableScheduledThreadPoolExecutor$UncomplainingRunnable", "method": "run", "file_name": "DebuggableScheduledThreadPoolExecutor.java", "line_number": 79}}}