{"logs": {"0": "INFO [AntiEntropyStage:1] 2013-03-27 22:48:55,390 AntiEntropyService.java (line 239) repair #80fe25a0-9730-11e2-0000-ebe7011631ff Sending completed merkle tree to /54.246.XXX.YYY for (Geo,GeoCountryMetadata)", "1": "DEBUG [WRITE-/54.246.XXX.YYY] 2013-03-27 22:48:55,392 OutboundTcpConnection.java (line 165) error writing to ec2-54-246-XXX.YYY.eu-west-1.compute.amazonaws.com/54.246.XXX.YYY"}, "traces": {"15": "at org.apache.cassandra.net.OutboundTcpConnection.write(OutboundTcpConnection.java:200)", "16": "at org.apache.cassandra.net.OutboundTcpConnection.writeConnected(OutboundTcpConnection.java:152)", "17": "at org.apache.cassandra.net.OutboundTcpConnection.run(OutboundTcpConnection.java:126)"}, "parsed_logs": {"0": {"class": "AntiEntropyService", "method": "", "line_number": "239", "message": "repair #80fe25a0-9730-11e2-0000-ebe7011631ff Sending completed merkle tree to /54.246.XXX.YYY for (Geo,GeoCountryMetadata)"}, "1": {"class": "OutboundTcpConnection.java", "method": "", "line_number": "165", "message": "error writing to ec2-54-246-XXX.YYY.eu-west-1.compute.amazonaws.com/54.246.XXX.YYY"}}, "parsed_traces": {"15": {"package_class": "org.apache.cassandra.net.OutboundTcpConnection", "method": "write", "file_name": "OutboundTcpConnection.java", "line_number": 200}, "16": {"package_class": "org.apache.cassandra.net.OutboundTcpConnection", "method": "writeConnected", "file_name": "OutboundTcpConnection.java", "line_number": 152}, "17": {"package_class": "org.apache.cassandra.net.OutboundTcpConnection", "method": "run", "file_name": "OutboundTcpConnection.java", "line_number": 126}}}