{"logs": {"0": "ERROR 05:45:39,305 Exception encountered during startup"}, "traces": {"2": "at org.apache.cassandra.locator.GossipingPropertyFileSnitch.getDatacenter(GossipingPropertyFileSnitch.java:109)", "3": "at org.apache.cassandra.locator.DynamicEndpointSnitch.getDatacenter(DynamicEndpointSnitch.java:127)", "4": "at org.apache.cassandra.locator.TokenMetadata$Topology.addEndpoint(TokenMetadata.java:1040)", "5": "at org.apache.cassandra.locator.TokenMetadata.updateNormalTokens(TokenMetadata.java:185)", "6": "at org.apache.cassandra.locator.TokenMetadata.updateNormalTokens(TokenMetadata.java:157)", "7": "at org.apache.cassandra.service.StorageService.initServer(StorageService.java:441)", "8": "at org.apache.cassandra.service.StorageService.initServer(StorageService.java:397)", "9": "at org.apache.cassandra.service.CassandraDaemon.setup(CassandraDaemon.java:309)", "10": "at org.apache.cassandra.service.CassandraDaemon.activate(CassandraDaemon.java:397)", "11": "at org.apache.cassandra.service.CassandraDaemon.main(CassandraDaemon.java:440)", "13": "at org.apache.cassandra.locator.GossipingPropertyFileSnitch.getDatacenter(GossipingPropertyFileSnitch.java:109)", "14": "at org.apache.cassandra.locator.DynamicEndpointSnitch.getDatacenter(DynamicEndpointSnitch.java:127)", "15": "at org.apache.cassandra.locator.TokenMetadata$Topology.addEndpoint(TokenMetadata.java:1040)", "16": "at org.apache.cassandra.locator.TokenMetadata.updateNormalTokens(TokenMetadata.java:185)", "17": "at org.apache.cassandra.locator.TokenMetadata.updateNormalTokens(TokenMetadata.java:157)", "18": "at org.apache.cassandra.service.StorageService.initServer(StorageService.java:441)", "19": "at org.apache.cassandra.service.StorageService.initServer(StorageService.java:397)", "20": "at org.apache.cassandra.service.CassandraDaemon.setup(CassandraDaemon.java:309)", "21": "at org.apache.cassandra.service.CassandraDaemon.activate(CassandraDaemon.java:397)", "22": "at org.apache.cassandra.service.CassandraDaemon.main(CassandraDaemon.java:440)"}, "parsed_logs": {"0": {"class": "", "method": "", "line_number": "", "message": "Exception encountered during startup"}}, "parsed_traces": {"2": {"package_class": "org.apache.cassandra.locator.GossipingPropertyFileSnitch", "method": "getDatacenter", "file_name": "GossipingPropertyFileSnitch.java", "line_number": 109}, "3": {"package_class": "org.apache.cassandra.locator.DynamicEndpointSnitch", "method": "getDatacenter", "file_name": "DynamicEndpointSnitch.java", "line_number": 127}, "4": {"package_class": "org.apache.cassandra.locator.TokenMetadata$Topology", "method": "addEndpoint", "file_name": "TokenMetadata.java", "line_number": 1040}, "5": {"package_class": "org.apache.cassandra.locator.TokenMetadata", "method": "updateNormalTokens", "file_name": "TokenMetadata.java", "line_number": 185}, "6": {"package_class": "org.apache.cassandra.locator.TokenMetadata", "method": "updateNormalTokens", "file_name": "TokenMetadata.java", "line_number": 157}, "7": {"package_class": "org.apache.cassandra.service.StorageService", "method": "initServer", "file_name": "StorageService.java", "line_number": 441}, "8": {"package_class": "org.apache.cassandra.service.StorageService", "method": "initServer", "file_name": "StorageService.java", "line_number": 397}, "9": {"package_class": "org.apache.cassandra.service.CassandraDaemon", "method": "setup", "file_name": "CassandraDaemon.java", "line_number": 309}, "10": {"package_class": "org.apache.cassandra.service.CassandraDaemon", "method": "activate", "file_name": "CassandraDaemon.java", "line_number": 397}, "11": {"package_class": "org.apache.cassandra.service.CassandraDaemon", "method": "main", "file_name": "CassandraDaemon.java", "line_number": 440}, "13": {"package_class": "org.apache.cassandra.locator.GossipingPropertyFileSnitch", "method": "getDatacenter", "file_name": "GossipingPropertyFileSnitch.java", "line_number": 109}, "14": {"package_class": "org.apache.cassandra.locator.DynamicEndpointSnitch", "method": "getDatacenter", "file_name": "DynamicEndpointSnitch.java", "line_number": 127}, "15": {"package_class": "org.apache.cassandra.locator.TokenMetadata$Topology", "method": "addEndpoint", "file_name": "TokenMetadata.java", "line_number": 1040}, "16": {"package_class": "org.apache.cassandra.locator.TokenMetadata", "method": "updateNormalTokens", "file_name": "TokenMetadata.java", "line_number": 185}, "17": {"package_class": "org.apache.cassandra.locator.TokenMetadata", "method": "updateNormalTokens", "file_name": "TokenMetadata.java", "line_number": 157}, "18": {"package_class": "org.apache.cassandra.service.StorageService", "method": "initServer", "file_name": "StorageService.java", "line_number": 441}, "19": {"package_class": "org.apache.cassandra.service.StorageService", "method": "initServer", "file_name": "StorageService.java", "line_number": 397}, "20": {"package_class": "org.apache.cassandra.service.CassandraDaemon", "method": "setup", "file_name": "CassandraDaemon.java", "line_number": 309}, "21": {"package_class": "org.apache.cassandra.service.CassandraDaemon", "method": "activate", "file_name": "CassandraDaemon.java", "line_number": 397}, "22": {"package_class": "org.apache.cassandra.service.CassandraDaemon", "method": "main", "file_name": "CassandraDaemon.java", "line_number": 440}}}