{"logs": {"0": "(1) INFO [FlushWriter:1] 2013-02-14 10:01:10,311 Memtable.java (line 305) Completed flushing /tmp/dtest-iaYzzR/test/node1/data/system/schema_columns/system-schema_columns-hf-2-Data.db (558 bytes) for commitlog position ReplayPosition(segmentId=1360857665931, position=4770)", "1": "(2) INFO [MemoryMeter:1] 2013-02-14 10:01:10,974 Memtable.java (line 213) CFS(Keyspace='ks', ColumnFamily='cf') liveRatio is 20.488836662749705 (just-counted was 20.488836662749705).  calculation took 96ms for 144 columns", "2": "(5) INFO [GossipStage:1] 2013-02-14 10:01:12,119 Gossiper.java (line 831) InetAddress /127.0.0.3 is now dead.", "4": "(5) INFO [GossipStage:1] 2013-02-14 10:01:12,119 Gossiper.java (line 831) InetAddress /127.0.0.3 is now dead.", "5": "(6) INFO [GossipStage:1] 2013-02-14 10:01:12,238 Gossiper.java (line 817) InetAddress /127.0.0.3 is now UP", "6": "(7) INFO [GossipTasks:1] 2013-02-14 10:01:26,386 Gossiper.java (line 831) InetAddress /127.0.0.3 is now dead.", "8": "(3) INFO [StorageServiceShutdownHook] 2013-02-14 10:01:11,115 Gossiper.java (line 1134) Announcing shutdown", "9": "(4) INFO [StorageServiceShutdownHook] 2013-02-14 10:01:12,118 MessagingService.java (line 549) Waiting for messaging service to quiesce", "10": "(5) INFO [ACCEPT-/127.0.0.3] 2013-02-14 10:01:12,119 MessagingService.java (line 705) MessagingService shutting down server thread."}, "traces": {}, "parsed_logs": {"0": {"class": "Memtable.java", "method": "", "line_number": "305", "message": "Completed flushing /tmp/dtest-iaYzzR/test/node1/data/system/schema_columns/system-schema_columns-hf-2-Data.db (558 bytes) for commitlog position ReplayPosition(segmentId=1360857665931, position=4770)"}, "1": {"class": "Memtable.java", "method": "", "line_number": "213", "message": "CFS(Keyspace='ks', ColumnFamily='cf') liveRatio is 20.488836662749705 (just-counted was 20.488836662749705).  calculation took 96ms for 144 columns"}, "2": {"class": "Gossiper.java", "method": "", "line_number": "831", "message": "InetAddress /127.0.0.3 is now dead."}, "4": {"class": "Gossiper.java", "method": "", "line_number": "831", "message": "InetAddress /127.0.0.3 is now dead."}, "5": {"class": "Gossiper.java", "method": "", "line_number": "817", "message": "InetAddress /127.0.0.3 is now UP"}, "6": {"class": "Gossiper.java", "method": "", "line_number": "831", "message": "InetAddress /127.0.0.3 is now dead."}, "8": {"class": "Gossiper.java", "method": "", "line_number": "1134", "message": "Announcing shutdown"}, "9": {"class": "MessagingService", "method": "", "line_number": "549", "message": "Waiting for messaging service to quiesce"}, "10": {"class": "MessagingService.java", "method": "", "line_number": "705", "message": "MessagingService shutting down server thread."}}, "parsed_traces": {}}