{"logs": {"0": "WARN org.apache.hadoop.mapred.Child: Error running child", "31": "INFO org.apache.hadoop.mapred.Task: Runnning cleanup for the task"}, "traces": {"2": "at org.apache.cassandra.hadoop.ColumnFamilyRecordReader$StaticRowIterator.maybeInit(ColumnFamilyRecordReader.java:400)", "3": "at org.apache.cassandra.hadoop.ColumnFamilyRecordReader$StaticRowIterator.computeNext(ColumnFamilyRecordReader.java:406)", "4": "at org.apache.cassandra.hadoop.ColumnFamilyRecordReader$StaticRowIterator.computeNext(ColumnFamilyRecordReader.java:329)", "7": "at org.apache.cassandra.hadoop.ColumnFamilyRecordReader.getProgress(ColumnFamilyRecordReader.java:109)", "8": "at org.apache.hadoop.mapred.MapTask$NewTrackingRecordReader.getProgress(MapTask.java:522)", "9": "at org.apache.hadoop.mapred.MapTask$NewTrackingRecordReader.nextKeyValue(MapTask.java:547)", "10": "at org.apache.hadoop.mapreduce.MapContext.nextKeyValue(MapContext.java:67)", "11": "at org.apache.hadoop.mapreduce.Mapper.run(Mapper.java:143)", "12": "at org.apache.hadoop.mapred.MapTask.runNewMapper(MapTask.java:771)", "13": "at org.apache.hadoop.mapred.MapTask.run(MapTask.java:375)", "14": "at org.apache.hadoop.mapred.Child$4.run(Child.java:255)", "17": "at org.apache.hadoop.security.UserGroupInformation.doAs(UserGroupInformation.java:1132)", "18": "at org.apache.hadoop.mapred.Child.main(Child.java:249)", "22": "at org.apache.cassandra.thrift.Column.read(Column.java:528)", "23": "at org.apache.cassandra.thrift.ColumnOrSuperColumn.read(ColumnOrSuperColumn.java:507)", "24": "at org.apache.cassandra.thrift.KeySlice.read(KeySlice.java:408)", "25": "at org.apache.cassandra.thrift.Cassandra$get_range_slices_result.read(Cassandra.java:12422)", "27": "at org.apache.cassandra.thrift.Cassandra$Client.recv_get_range_slices(Cassandra.java:696)", "28": "at org.apache.cassandra.thrift.Cassandra$Client.get_range_slices(Cassandra.java:680)", "29": "at org.apache.cassandra.hadoop.ColumnFamilyRecordReader$StaticRowIterator.maybeInit(ColumnFamilyRecordReader.java:362)"}, "parsed_logs": {"0": {"class": "org.apache.hadoop.mapred.Child", "method": "", "line_number": "", "message": "Error running child"}, "31": {"class": "org.apache.hadoop.mapred.Task", "method": "", "line_number": "", "message": "Runnning cleanup for the task"}}, "parsed_traces": {"2": {"package_class": "org.apache.cassandra.hadoop.ColumnFamilyRecordReader$StaticRowIterator", "method": "maybeInit", "file_name": "ColumnFamilyRecordReader.java", "line_number": 400}, "3": {"package_class": "org.apache.cassandra.hadoop.ColumnFamilyRecordReader$StaticRowIterator", "method": "computeNext", "file_name": "ColumnFamilyRecordReader.java", "line_number": 406}, "4": {"package_class": "org.apache.cassandra.hadoop.ColumnFamilyRecordReader$StaticRowIterator", "method": "computeNext", "file_name": "ColumnFamilyRecordReader.java", "line_number": 329}, "7": {"package_class": "org.apache.cassandra.hadoop.ColumnFamilyRecordReader", "method": "getProgress", "file_name": "ColumnFamilyRecordReader.java", "line_number": 109}, "8": {"package_class": "org.apache.hadoop.mapred.MapTask$NewTrackingRecordReader", "method": "getProgress", "file_name": "MapTask.java", "line_number": 522}, "9": {"package_class": "org.apache.hadoop.mapred.MapTask$NewTrackingRecordReader", "method": "nextKeyValue", "file_name": "MapTask.java", "line_number": 547}, "10": {"package_class": "org.apache.hadoop.mapreduce.MapContext", "method": "nextKeyValue", "file_name": "MapContext.java", "line_number": 67}, "11": {"package_class": "org.apache.hadoop.mapreduce.Mapper", "method": "run", "file_name": "Mapper.java", "line_number": 143}, "12": {"package_class": "org.apache.hadoop.mapred.MapTask", "method": "runNewMapper", "file_name": "MapTask.java", "line_number": 771}, "13": {"package_class": "org.apache.hadoop.mapred.MapTask", "method": "run", "file_name": "MapTask.java", "line_number": 375}, "14": {"package_class": "org.apache.hadoop.mapred.Child$4", "method": "run", "file_name": "Child.java", "line_number": 255}, "17": {"package_class": "org.apache.hadoop.security.UserGroupInformation", "method": "doAs", "file_name": "UserGroupInformation.java", "line_number": 1132}, "18": {"package_class": "org.apache.hadoop.mapred.Child", "method": "main", "file_name": "Child.java", "line_number": 249}, "22": {"package_class": "org.apache.cassandra.thrift.Column", "method": "read", "file_name": "Column.java", "line_number": 528}, "23": {"package_class": "org.apache.cassandra.thrift.ColumnOrSuperColumn", "method": "read", "file_name": "ColumnOrSuperColumn.java", "line_number": 507}, "24": {"package_class": "org.apache.cassandra.thrift.KeySlice", "method": "read", "file_name": "KeySlice.java", "line_number": 408}, "25": {"package_class": "org.apache.cassandra.thrift.Cassandra$get_range_slices_result", "method": "read", "file_name": "Cassandra.java", "line_number": 12422}, "27": {"package_class": "org.apache.cassandra.thrift.Cassandra$Client", "method": "recv_get_range_slices", "file_name": "Cassandra.java", "line_number": 696}, "28": {"package_class": "org.apache.cassandra.thrift.Cassandra$Client", "method": "get_range_slices", "file_name": "Cassandra.java", "line_number": 680}, "29": {"package_class": "org.apache.cassandra.hadoop.ColumnFamilyRecordReader$StaticRowIterator", "method": "maybeInit", "file_name": "ColumnFamilyRecordReader.java", "line_number": 362}}}