{"logs": {"0": "ERROR [Streaming to /10.10.45.60:28] 2013-04-02 09:03:55,353 CassandraDaemon.java (line 132) Exception in thread Thread[Streaming to /10.10.45.60:28,5,main]", "14": "ERROR [Thread-2076] 2013-04-02 09:07:12,261 CassandraDaemon.java (line 132) Exception in thread Thread[Thread-2076,5,main]", "23": "ERROR [Thread-1424] 2013-04-02 09:07:12,248 CassandraDaemon.java (line 132) Exception in thread Thread[Thread-1424,5,main]", "31": "ERROR [Streaming to /10.10.45.58:55] 2013-04-02 09:07:12,263 CassandraDaemon.java (line 132) Exception in thread Thread[Streaming to /10.10.45.58:55,5,main]"}, "traces": {"3": "at org.apache.cassandra.utils.WrappedRunnable.run(WrappedRunnable.java:32)", "9": "at org.apache.cassandra.streaming.FileStreamTask.receiveReply(FileStreamTask.java:193)", "10": "at org.apache.cassandra.streaming.compress.CompressedFileStreamTask.stream(CompressedFileStreamTask.java:114)", "11": "at org.apache.cassandra.streaming.FileStreamTask.runMayThrow(FileStreamTask.java:91)", "12": "at org.apache.cassandra.utils.WrappedRunnable.run(WrappedRunnable.java:28)", "16": "at org.apache.cassandra.io.sstable.SSTableWriter.appendFromStream(SSTableWriter.java:285)", "17": "at org.apache.cassandra.streaming.IncomingStreamReader.streamIn(IncomingStreamReader.java:179)", "18": "at org.apache.cassandra.streaming.IncomingStreamReader.read(IncomingStreamReader.java:122)", "19": "at org.apache.cassandra.net.IncomingTcpConnection.stream(IncomingTcpConnection.java:238)", "20": "at org.apache.cassandra.net.IncomingTcpConnection.handleStream(IncomingTcpConnection.java:178)", "21": "at org.apache.cassandra.net.IncomingTcpConnection.run(IncomingTcpConnection.java:78)", "25": "at org.apache.cassandra.io.sstable.SSTableWriter.appendFromStream(SSTableWriter.java:285)", "26": "at org.apache.cassandra.streaming.IncomingStreamReader.streamIn(IncomingStreamReader.java:179)", "27": "at org.apache.cassandra.streaming.IncomingStreamReader.read(IncomingStreamReader.java:122)", "28": "at org.apache.cassandra.net.IncomingTcpConnection.stream(IncomingTcpConnection.java:238)", "29": "at org.apache.cassandra.net.IncomingTcpConnection.handleStream(IncomingTcpConnection.java:178)", "30": "at org.apache.cassandra.net.IncomingTcpConnection.run(IncomingTcpConnection.java:78)", "34": "at org.apache.cassandra.utils.WrappedRunnable.run(WrappedRunnable.java:32)", "40": "at org.apache.cassandra.streaming.FileStreamTask.receiveReply(FileStreamTask.java:193)", "41": "at org.apache.cassandra.streaming.compress.CompressedFileStreamTask.stream(CompressedFileStreamTask.java:114)", "42": "at org.apache.cassandra.streaming.FileStreamTask.runMayThrow(FileStreamTask.java:91)", "43": "at org.apache.cassandra.utils.WrappedRunnable.run(WrappedRunnable.java:28)"}, "parsed_logs": {"0": {"class": "CassandraDaemon.java", "method": "", "line_number": "132", "message": "Exception in thread Thread[Streaming to /10.10.45.60:28,5,main]"}, "14": {"class": "CassandraDaemon.java", "method": "", "line_number": "132", "message": "Exception in thread Thread[Thread-2076,5,main]"}, "23": {"class": "CassandraDaemon.java", "method": "", "line_number": "132", "message": "Exception in thread Thread[Thread-1424,5,main]"}, "31": {"class": "CassandraDaemon.java", "method": "", "line_number": "132", "message": "Exception in thread Thread[Streaming to /10.10.45.58:55,5,main]"}}, "parsed_traces": {"3": {"package_class": "org.apache.cassandra.utils.WrappedRunnable", "method": "run", "file_name": "WrappedRunnable.java", "line_number": 32}, "9": {"package_class": "org.apache.cassandra.streaming.FileStreamTask", "method": "receiveReply", "file_name": "FileStreamTask.java", "line_number": 193}, "10": {"package_class": "org.apache.cassandra.streaming.compress.CompressedFileStreamTask", "method": "stream", "file_name": "CompressedFileStreamTask.java", "line_number": 114}, "11": {"package_class": "org.apache.cassandra.streaming.FileStreamTask", "method": "runMayThrow", "file_name": "FileStreamTask.java", "line_number": 91}, "12": {"package_class": "org.apache.cassandra.utils.WrappedRunnable", "method": "run", "file_name": "WrappedRunnable.java", "line_number": 28}, "16": {"package_class": "org.apache.cassandra.io.sstable.SSTableWriter", "method": "appendFromStream", "file_name": "SSTableWriter.java", "line_number": 285}, "17": {"package_class": "org.apache.cassandra.streaming.IncomingStreamReader", "method": "streamIn", "file_name": "IncomingStreamReader.java", "line_number": 179}, "18": {"package_class": "org.apache.cassandra.streaming.IncomingStreamReader", "method": "read", "file_name": "IncomingStreamReader.java", "line_number": 122}, "19": {"package_class": "org.apache.cassandra.net.IncomingTcpConnection", "method": "stream", "file_name": "IncomingTcpConnection.java", "line_number": 238}, "20": {"package_class": "org.apache.cassandra.net.IncomingTcpConnection", "method": "handleStream", "file_name": "IncomingTcpConnection.java", "line_number": 178}, "21": {"package_class": "org.apache.cassandra.net.IncomingTcpConnection", "method": "run", "file_name": "IncomingTcpConnection.java", "line_number": 78}, "25": {"package_class": "org.apache.cassandra.io.sstable.SSTableWriter", "method": "appendFromStream", "file_name": "SSTableWriter.java", "line_number": 285}, "26": {"package_class": "org.apache.cassandra.streaming.IncomingStreamReader", "method": "streamIn", "file_name": "IncomingStreamReader.java", "line_number": 179}, "27": {"package_class": "org.apache.cassandra.streaming.IncomingStreamReader", "method": "read", "file_name": "IncomingStreamReader.java", "line_number": 122}, "28": {"package_class": "org.apache.cassandra.net.IncomingTcpConnection", "method": "stream", "file_name": "IncomingTcpConnection.java", "line_number": 238}, "29": {"package_class": "org.apache.cassandra.net.IncomingTcpConnection", "method": "handleStream", "file_name": "IncomingTcpConnection.java", "line_number": 178}, "30": {"package_class": "org.apache.cassandra.net.IncomingTcpConnection", "method": "run", "file_name": "IncomingTcpConnection.java", "line_number": 78}, "34": {"package_class": "org.apache.cassandra.utils.WrappedRunnable", "method": "run", "file_name": "WrappedRunnable.java", "line_number": 32}, "40": {"package_class": "org.apache.cassandra.streaming.FileStreamTask", "method": "receiveReply", "file_name": "FileStreamTask.java", "line_number": 193}, "41": {"package_class": "org.apache.cassandra.streaming.compress.CompressedFileStreamTask", "method": "stream", "file_name": "CompressedFileStreamTask.java", "line_number": 114}, "42": {"package_class": "org.apache.cassandra.streaming.FileStreamTask", "method": "runMayThrow", "file_name": "FileStreamTask.java", "line_number": 91}, "43": {"package_class": "org.apache.cassandra.utils.WrappedRunnable", "method": "run", "file_name": "WrappedRunnable.java", "line_number": 28}}}