{"logs": {"0": "2013-06-12 14:55:31,773 ERROR CassandraDaemon [MigrationStage:1] - Exception in thread Thread[MigrationStage:1,5,main]", "13": "2013-06-12 14:55:31,880 ERROR CassandraDaemon [MigrationStage:1] - Exception in thread Thread[MigrationStage:1,5,main]"}, "traces": {"2": "                      at org.apache.cassandra.db.DefsTable.addColumnFamily(DefsTable.java:510)", "3": "                      at org.apache.cassandra.db.DefsTable.mergeColumnFamilies(DefsTable.java:444)", "4": "                      at org.apache.cassandra.db.DefsTable.mergeSchema(DefsTable.java:354)", "5": "                      at org.apache.cassandra.db.DefinitionsUpdateVerbHandler$1.runMayThrow(DefinitionsUpdateVerbHandler.java:55)", "6": "                      at org.apache.cassandra.utils.WrappedRunnable.run(WrappedRunnable.java:28)", "15": "                      at org.apache.cassandra.db.DefsTable.mergeColumnFamilies(DefsTable.java:475)", "16": "                      at org.apache.cassandra.db.DefsTable.mergeSchema(DefsTable.java:354)", "17": "                      at org.apache.cassandra.db.DefinitionsUpdateVerbHandler$1.runMayThrow(DefinitionsUpdateVerbHandler.java:55)", "18": "                      at org.apache.cassandra.utils.WrappedRunnable.run(WrappedRunnable.java:28)"}, "parsed_logs": {"0": {"class": "CassandraDaemon", "method": "", "line_number": "", "message": "Exception in thread Thread[MigrationStage:1,5,main]"}, "13": {"class": "CassandraDaemon", "method": "", "line_number": "", "message": "Exception in thread Thread[MigrationStage:1,5,main]"}}, "parsed_traces": {"2": {"package_class": "org.apache.cassandra.db.DefsTable", "method": "addColumnFamily", "file_name": "DefsTable.java", "line_number": 510}, "3": {"package_class": "org.apache.cassandra.db.DefsTable", "method": "mergeColumnFamilies", "file_name": "DefsTable.java", "line_number": 444}, "4": {"package_class": "org.apache.cassandra.db.DefsTable", "method": "mergeSchema", "file_name": "DefsTable.java", "line_number": 354}, "5": {"package_class": "org.apache.cassandra.db.DefinitionsUpdateVerbHandler$1", "method": "runMayThrow", "file_name": "DefinitionsUpdateVerbHandler.java", "line_number": 55}, "6": {"package_class": "org.apache.cassandra.utils.WrappedRunnable", "method": "run", "file_name": "WrappedRunnable.java", "line_number": 28}, "15": {"package_class": "org.apache.cassandra.db.DefsTable", "method": "mergeColumnFamilies", "file_name": "DefsTable.java", "line_number": 475}, "16": {"package_class": "org.apache.cassandra.db.DefsTable", "method": "mergeSchema", "file_name": "DefsTable.java", "line_number": 354}, "17": {"package_class": "org.apache.cassandra.db.DefinitionsUpdateVerbHandler$1", "method": "runMayThrow", "file_name": "DefinitionsUpdateVerbHandler.java", "line_number": 55}, "18": {"package_class": "org.apache.cassandra.utils.WrappedRunnable", "method": "run", "file_name": "WrappedRunnable.java", "line_number": 28}}}