{"logs": {"0": "TRACE [GossipTasks:1] 2014-02-08 18:55:23,656 Gossiper.java (line 598) Performing status check ...", "2": "TRACE [GossipTasks:1] 2014-02-08 18:55:23,657 FailureDetector.java (line 229) PHI for /x.x.x.72 : 36643.639468390524", "3": "TRACE [GossipTasks:1] 2014-02-08 18:55:23,657 FailureDetector.java (line 233) notifying listeners that /x.x.x.72 is down", "5": "TRACE [GossipTasks:1] 2014-02-08 18:55:24,659 Gossiper.java (line 598) Performing status check ...", "7": "TRACE [GossipTasks:1] 2014-02-08 18:55:24,660 FailureDetector.java (line 229) PHI for /x.x.x.72 : 36644.432127252854", "8": "TRACE [GossipTasks:1] 2014-02-08 18:55:24,660 FailureDetector.java (line 233) notifying listeners that /x.x.x.72 is down", "10": "TRACE [GossipTasks:1] 2014-02-08 18:55:25,662 Gossiper.java (line 598) Performing status check ...", "12": "TRACE [GossipTasks:1] 2014-02-08 18:55:25,662 FailureDetector.java (line 229) PHI for /x.x.x.72 : 36645.22442135811", "13": "TRACE [GossipTasks:1] 2014-02-08 18:55:25,663 FailureDetector.java (line 233) notifying listeners that /x.x.x.72 is down", "15": "TRACE [GossipTasks:1] 2014-02-08 18:55:26,664 Gossiper.java (line 598) Performing status check ...", "17": "TRACE [GossipTasks:1] 2014-02-08 18:55:26,665 FailureDetector.java (line 229) PHI for /x.x.x.72 : 36646.016701132285", "18": "TRACE [GossipTasks:1] 2014-02-08 18:55:26,665 FailureDetector.java (line 233) notifying listeners that /x.x.x.72 is down", "21": "INFO [main] 2014-02-08 18:56:27,806 CassandraDaemon.java (line 130) Logging initialized", "22": "INFO [main] 2014-02-08 18:56:27,833 YamlConfigurationLoader.java (line 76) Loading settings from file:/home/y/libexec64/cassandra/conf/cassandra.yaml", "24": "INFO [main] 2014-02-08 18:56:33,308 StorageService.java (line 627) Starting up server gossip", "26": "INFO [main] 2014-02-08 18:56:35,405 StorageService.java (line 947) JOINING: Starting to bootstrap...", "27": "INFO [CompactionExecutor:1] 2014-02-08 18:56:35,432 CompactionTask.java (line 275) Compacted 4 sstables to [/home/y/var/cassandra/data/system/local/system-local-jb-5,].  755 bytes to 538 (~71% of original) in 25ms = 0.020523MB/s.  4 total partitions merged to 1.  Partition merge counts were {4:1, }", "28": "INFO [main] 2014-02-08 18:56:35,443 StreamResultFuture.java (line 82) [Stream #bb897500-90f2-11e3-9d67-d5d417af8653] Executing streaming plan for Bootstrap", "29": "INFO [main] 2014-02-08 18:56:35,443 StreamResultFuture.java (line 86) [Stream #bb897500-90f2-11e3-9d67-d5d417af8653] Beginning stream session with /x.x.x.80        ", "30": "INFO [main] 2014-02-08 18:56:35,444 StreamResultFuture.java (line 86) [Stream #bb897500-90f2-11e3-9d67-d5d417af8653] Beginning stream session with /x.x.x.81", "31": "INFO [main] 2014-02-08 18:56:35,444 StreamResultFuture.java (line 86) [Stream #bb897500-90f2-11e3-9d67-d5d417af8653] Beginning stream session with /x.x.x.73", "32": "INFO [STREAM-IN-/x.x.x.81] 2014-02-08 18:56:35,462 StreamResultFuture.java (line 181) [Stream #bb897500-90f2-11e3-9d67-d5d417af8653] Session with /x.x.x.81 is complete", "34": "INFO [STREAM-INIT-/x.x.x.72:47408] 2014-02-08 18:56:35,450 StreamResultFuture.java (line 116) [Stream #bb897500-90f2-11e3-9d67-d5d417af8653] Received streaming plan for Bootstrap", "35": "INFO [STREAM-IN-/x.x.x.72] 2014-02-08 18:56:35,460 ColumnFamilyStore.java (line 784) Enqueuing flush of Memtable-facetrevs4@509747825(251160/2013133 serialized/live bytes, 20934 ops)", "37": "TRACE [GossipTasks:1] 2014-02-08 18:56:36,090 FailureDetector.java (line 229) PHI for /x.x.x.72 : 36700.87918907657", "38": "TRACE [GossipTasks:1] 2014-02-08 18:56:36,090 FailureDetector.java (line 233) notifying listeners that /x.x.x.72 is down", "40": "INFO [GossipTasks:1] 2014-02-08 18:56:36,090 StreamResultFuture.java (line 181) [Stream #bb897500-90f2-11e3-9d67-d5d417af8653] Session with /x.x.x.72 is complete", "41": "WARN [GossipTasks:1] 2014-02-08 18:56:36,091 StreamResultFuture.java (line 210) [Stream #bb897500-90f2-11e3-9d67-d5d417af8653] Stream failed", "43": "DEBUG [GossipStage:1] 2014-02-08 18:56:36,097 Gossiper.java (line 790) Clearing interval times for /x.x.x.72 due to generation change        ", "44": "TRACE [GossipStage:1] 2014-02-08 18:56:36,097 FailureDetector.java (line 203) reporting /x.x.x.72", "46": "TRACE [GossipStage:1] 2014-02-08 18:56:36,097 Gossiper.java (line 946) /x.x.x.72local generation 1391830955, remote generation 1391885793", "47": "TRACE [GossipStage:1] 2014-02-08 18:56:36,097 Gossiper.java (line 951) Updating heartbeat state generation to 1391885793 from 1391830955 for /x.x.x.72", "48": "TRACE [GossipStage:1] 2014-02-08 18:56:36,097 Gossiper.java (line 886) Adding endpoint state for /x.x.x.72", "50": "<10> node x.x.x.80: PHI score for .72 at 18:56:37,094  (Since the session between .80 & .72 has already been closed, when .80 tries to sendMessage, the ERROR happens )", "51": "TRACE [GossipTasks:1] 2014-02-08 18:56:37,093 Gossiper.java (line 598) Performing status check ...", "53": "TRACE [GossipTasks:1] 2014-02-08 18:56:37,094 FailureDetector.java (line 229) PHI for /x.x.x.72 : 0.06483452387313912", "54": "TRACE [GossipTasks:1] 2014-02-08 18:56:37,094 FailureDetector.java (line 229) PHI for /x.x.x.81 : 0.7806744414980482", "55": "TRACE [GossipTasks:1] 2014-02-08 18:56:37,094 FailureDetector.java (line 229) PHI for /x.x.x.71 : 1.7235166979455117", "56": "TRACE [GossipTasks:1] 2014-02-08 18:56:37,094 FailureDetector.java (line 229) PHI for /x.x.x.84 : 0.8088014574340049", "57": "ERROR [STREAM-IN-/x.x.x.72] 2014-02-08 18:56:37,105 StreamSession.java (line 418) [Stream #bb897500-90f2-11e3-9d67-d5d417af8653] Streaming error occurred", "64": "INFO [STREAM-IN-/x.x.x.72] 2014-02-08 18:56:37,108 StreamResultFuture.java (line 181) [Stream #bb897500-90f2-11e3-9d67-d5d417af8653] Session with /x.x.x.72 is complete", "65": "WARN [STREAM-IN-/x.x.x.72] 2014-02-08 18:56:37,108 StreamResultFuture.java (line 210) [Stream #bb897500-90f2-11e3-9d67-d5d417af8653] Stream failed"}, "traces": {"59": "                      at org.apache.cassandra.streaming.ConnectionHandler.sendMessage(ConnectionHandler.java:170)", "60": "                      at org.apache.cassandra.streaming.StreamSession.prepare(StreamSession.java:444)", "61": "                      at org.apache.cassandra.streaming.StreamSession.messageReceived(StreamSession.java:366)", "62": "                      at org.apache.cassandra.streaming.ConnectionHandler$IncomingMessageHandler.run(ConnectionHandler.java:289)"}, "parsed_logs": {"0": {"class": "Gossiper.java", "method": "", "line_number": "598", "message": "Performing status check ..."}, "2": {"class": "FailureDetector.java", "method": "", "line_number": "229", "message": "PHI for /x.x.x.72 : 36643.639468390524"}, "3": {"class": "FailureDetector.java", "method": "", "line_number": "233", "message": "notifying listeners that /x.x.x.72 is down"}, "5": {"class": "Gossiper.java", "method": "", "line_number": "598", "message": "Performing status check ..."}, "7": {"class": "FailureDetector.java", "method": "", "line_number": "229", "message": "PHI for /x.x.x.72 : 36644.432127252854"}, "8": {"class": "FailureDetector.java", "method": "", "line_number": "233", "message": "notifying listeners that /x.x.x.72 is down"}, "10": {"class": "Gossiper.java", "method": "", "line_number": "598", "message": "Performing status check ..."}, "12": {"class": "FailureDetector.java", "method": "", "line_number": "229", "message": "PHI for /x.x.x.72 : 36645.22442135811"}, "13": {"class": "FailureDetector.java", "method": "", "line_number": "233", "message": "notifying listeners that /x.x.x.72 is down"}, "15": {"class": "Gossiper.java", "method": "", "line_number": "598", "message": "Performing status check ..."}, "17": {"class": "FailureDetector.java", "method": "", "line_number": "229", "message": "PHI for /x.x.x.72 : 36646.016701132285"}, "18": {"class": "FailureDetector.java", "method": "", "line_number": "233", "message": "notifying listeners that /x.x.x.72 is down"}, "21": {"class": "CassandraDaemon.java", "method": "", "line_number": "130", "message": "Logging initialized"}, "22": {"class": "YamlConfigurationLoader.java", "method": "", "line_number": "76", "message": "Loading settings from file:/home/y/libexec64/cassandra/conf/cassandra.yaml"}, "24": {"class": "StorageService.java", "method": "", "line_number": "627", "message": "Starting up server gossip"}, "26": {"class": "StorageService.java", "method": "", "line_number": "947", "message": "JOINING: Starting to bootstrap..."}, "27": {"class": "CompactionTask.java", "method": "", "line_number": "275", "message": "Compacted 4 sstables to [/home/y/var/cassandra/data/system/local/system-local-jb-5,].  755 bytes to 538 (~71% of original) in 25ms = 0.020523MB/s.  4 total partitions merged to 1.  Partition merge counts were {4:1, }"}, "28": {"class": "StreamResultFuture.java", "method": "", "line_number": "82", "message": "[Stream #bb897500-90f2-11e3-9d67-d5d417af8653] Executing streaming plan for Bootstrap"}, "29": {"class": "StreamResultFuture.java", "method": "", "line_number": "86", "message": "[Stream #bb897500-90f2-11e3-9d67-d5d417af8653] Beginning stream session with /x.x.x.80"}, "30": {"class": "StreamResultFuture.java", "method": "", "line_number": "86", "message": "[Stream #bb897500-90f2-11e3-9d67-d5d417af8653] Beginning stream session with /x.x.x.81"}, "31": {"class": "StreamResultFuture.java", "method": "", "line_number": "86", "message": "[Stream #bb897500-90f2-11e3-9d67-d5d417af8653] Beginning stream session with /x.x.x.73"}, "32": {"class": "StreamResultFuture.java", "method": "", "line_number": "181", "message": "[Stream #bb897500-90f2-11e3-9d67-d5d417af8653] Session with /x.x.x.81 is complete"}, "34": {"class": "StreamResultFuture.java", "method": "", "line_number": "116", "message": "Received streaming plan for Bootstrap"}, "35": {"class": "ColumnFamilyStore.java", "method": "", "line_number": "784", "message": "Enqueuing flush of Memtable-facetrevs4@509747825(251160/2013133 serialized/live bytes, 20934 ops)"}, "37": {"class": "FailureDetector", "method": "", "line_number": "229", "message": "PHI for /x.x.x.72 : 36700.87918907657"}, "38": {"class": "FailureDetector.java", "method": "", "line_number": "233", "message": "notifying listeners that /x.x.x.72 is down"}, "40": {"class": "StreamResultFuture.java", "method": "", "line_number": "181", "message": "[Stream #bb897500-90f2-11e3-9d67-d5d417af8653] Session with /x.x.x.72 is complete"}, "41": {"class": "StreamResultFuture.java", "method": "", "line_number": "210", "message": "[Stream #bb897500-90f2-11e3-9d67-d5d417af8653] Stream failed"}, "43": {"class": "Gossiper.java", "method": "", "line_number": "790", "message": "Clearing interval times for /x.x.x.72 due to generation change"}, "44": {"class": "FailureDetector.java", "method": "", "line_number": "203", "message": "reporting /x.x.x.72"}, "46": {"class": "Gossiper.java", "method": "", "line_number": "946", "message": "/x.x.x.72local generation 1391830955, remote generation 1391885793"}, "47": {"class": "Gossiper.java", "method": "", "line_number": "951", "message": "Updating heartbeat state generation to 1391885793 from 1391830955 for /x.x.x.72"}, "48": {"class": "Gossiper.java", "method": "", "line_number": "886", "message": "Adding endpoint state for /x.x.x.72"}, "50": {"class": "PHI", "method": "", "line_number": "", "message": "score for .72 at 18:56:37,094  (Since the session between .80 & .72 has already been closed, when .80 tries to sendMessage, the ERROR happens )"}, "51": {"class": "Gossiper.java", "method": "", "line_number": "598", "message": "Performing status check ..."}, "53": {"class": "FailureDetector.java", "method": "", "line_number": "229", "message": "PHI for /x.x.x.72 : 0.06483452387313912"}, "54": {"class": "FailureDetector.java", "method": "", "line_number": "229", "message": "PHI for /x.x.x.81 : 0.7806744414980482"}, "55": {"class": "FailureDetector.java", "method": "", "line_number": "229", "message": "PHI for /x.x.x.71 : 1.7235166979455117"}, "56": {"class": "FailureDetector.java", "method": "", "line_number": "229", "message": "PHI for /x.x.x.84 : 0.8088014574340049"}, "57": {"class": "StreamSession.java", "method": "", "line_number": "418", "message": "[Stream #bb897500-90f2-11e3-9d67-d5d417af8653] Streaming error occurred"}, "64": {"class": "StreamResultFuture.java", "method": "", "line_number": "181", "message": "[Stream #bb897500-90f2-11e3-9d67-d5d417af8653] Session with /x.x.x.72 is complete"}, "65": {"class": "StreamResultFuture.java", "method": "", "line_number": "210", "message": "[Stream #bb897500-90f2-11e3-9d67-d5d417af8653] Stream failed"}}, "parsed_traces": {"59": {"package_class": "org.apache.cassandra.streaming.ConnectionHandler", "method": "sendMessage", "file_name": "ConnectionHandler.java", "line_number": 170}, "60": {"package_class": "org.apache.cassandra.streaming.StreamSession", "method": "prepare", "file_name": "StreamSession.java", "line_number": 444}, "61": {"package_class": "org.apache.cassandra.streaming.StreamSession", "method": "messageReceived", "file_name": "StreamSession.java", "line_number": 366}, "62": {"package_class": "org.apache.cassandra.streaming.ConnectionHandler$IncomingMessageHandler", "method": "run", "file_name": "ConnectionHandler.java", "line_number": 289}}}