{"logs": {}, "traces": {"6": "                      at org.apache.cassandra.hadoop.AbstractColumnFamilyInputFormat.getSplits(AbstractColumnFamilyInputFormat.java:187)", "7": "                      at org.apache.hadoop.mapred.JobClient.writeNewSplits(JobClient.java:1054)", "8": "                      at org.apache.hadoop.mapred.JobClient.writeSplits(JobClient.java:1071)", "9": "                      at org.apache.hadoop.mapred.JobClient.access$700(JobClient.java:179)", "10": "                      at org.apache.hadoop.mapred.JobClient$2.run(JobClient.java:983)", "11": "                      at org.apache.hadoop.mapred.JobClient$2.run(JobClient.java:936)", "14": "                      at org.apache.hadoop.security.UserGroupInformation.doAs(UserGroupInformation.java:1190)", "15": "                      at org.apache.hadoop.mapred.JobClient.submitJobInternal(JobClient.java:936)", "16": "                      at org.apache.hadoop.mapreduce.Job.submit(Job.java:550)", "17": "                      at org.apache.hadoop.mapreduce.Job.waitForCompletion(Job.java:580)", "19": "                      at org.apache.hadoop.util.ToolRunner.run(ToolRunner.java:65)"}, "parsed_logs": {}, "parsed_traces": {"6": {"package_class": "org.apache.cassandra.hadoop.AbstractColumnFamilyInputFormat", "method": "getSplits", "file_name": "AbstractColumnFamilyInputFormat.java", "line_number": 187}, "7": {"package_class": "org.apache.hadoop.mapred.JobClient", "method": "writeNewSplits", "file_name": "JobClient.java", "line_number": 1054}, "8": {"package_class": "org.apache.hadoop.mapred.JobClient", "method": "writeSplits", "file_name": "JobClient.java", "line_number": 1071}, "9": {"package_class": "org.apache.hadoop.mapred.JobClient", "method": "access$700", "file_name": "JobClient.java", "line_number": 179}, "10": {"package_class": "org.apache.hadoop.mapred.JobClient$2", "method": "run", "file_name": "JobClient.java", "line_number": 983}, "11": {"package_class": "org.apache.hadoop.mapred.JobClient$2", "method": "run", "file_name": "JobClient.java", "line_number": 936}, "14": {"package_class": "org.apache.hadoop.security.UserGroupInformation", "method": "doAs", "file_name": "UserGroupInformation.java", "line_number": 1190}, "15": {"package_class": "org.apache.hadoop.mapred.JobClient", "method": "submitJobInternal", "file_name": "JobClient.java", "line_number": 936}, "16": {"package_class": "org.apache.hadoop.mapreduce.Job", "method": "submit", "file_name": "Job.java", "line_number": 550}, "17": {"package_class": "org.apache.hadoop.mapreduce.Job", "method": "waitForCompletion", "file_name": "Job.java", "line_number": 580}, "19": {"package_class": "org.apache.hadoop.util.ToolRunner", "method": "run", "file_name": "ToolRunner.java", "line_number": 65}}}