{"logs": {"1": "2013-12-18 15:17:45,771 DEBUG org.apache.hadoop.hbase.regionserver.HRegionServer: Waiting on 51b27391410efdca841db264df46085f", "2": "2013-12-18 15:17:45,776 INFO org.apache.hadoop.hbase.regionserver.HRegionServer: Connected to master at null", "3": "2013-12-18 15:17:48,776 INFO org.apache.hadoop.hbase.regionserver.HRegionServer: STOPPED: Exiting; cluster shutdown set and not carrying any regions", "4": "2013-12-18 15:17:48,776 FATAL org.apache.hadoop.hbase.regionserver.HRegionServer: ABORTING region server node,60020,1384410974572: Unhandled exception: null"}, "traces": {"6": "            at org.apache.hadoop.hbase.regionserver.HRegionServer.tryRegionServerReport(HRegionServer.java:880)", "7": "            at org.apache.hadoop.hbase.regionserver.HRegionServer.run(HRegionServer.java:753)"}, "parsed_logs": {"1": {"class": "org.apache.hadoop.hbase.regionserver.HRegionServer", "method": "", "line_number": "", "message": "Waiting on 51b27391410efdca841db264df46085f"}, "2": {"class": "org.apache.hadoop.hbase.regionserver.HRegionServer", "method": "", "line_number": "", "message": "Connected to master at null"}, "3": {"class": "org.apache.hadoop.hbase.regionserver.HRegionServer", "method": "", "line_number": "", "message": "STOPPED: Exiting; cluster shutdown set and not carrying any regions"}, "4": {"class": "org.apache.hadoop.hbase.regionserver.HRegionServer", "method": "", "line_number": "", "message": "ABORTING region server node,60020,1384410974572: Unhandled exception: null"}}, "parsed_traces": {"6": {"package_class": "org.apache.hadoop.hbase.regionserver.HRegionServer", "method": "tryRegionServerReport", "file_name": "HRegionServer.java", "line_number": 880}, "7": {"package_class": "org.apache.hadoop.hbase.regionserver.HRegionServer", "method": "run", "file_name": "HRegionServer.java", "line_number": 753}}}