{"logs": {"4": "2013-12-19 11:16:45,290 INFO  [master:h2-ubuntu12-sec-1387431063-hbase-10:60000] master.ServerManager: Finished waiting for region servers count to settle; checked in 2, slept for 18262 ms, expecting minimum of 1, maximum of 2147483647, master is running.          During HMaster initialization, HMaster finishes waiting for RSs to check in.", "5": "2013-12-19 11:16:45,290 INFO  [master:h2-ubuntu12-sec-1387431063-hbase-10:60000] master.ServerManager: Registering server=h2-ubuntu12-sec-1387431063-hbase-8.cs1cloud.internal,60020,1387451803800             RS-3800 is registering to onlineServers list", "6": "2013-12-19 11:16:45,290 INFO  [master:h2-ubuntu12-sec-1387431063-hbase-10:60000] master.HMaster: Registered server found up in zk but who has not yet reported in: h2-ubuntu12-sec-1387431063-hbase-8.cs1cloud.internal,60020,1387451803800                HMaster found that RS-3800 has registered in zk but not reported to HMaster", "7": "2013-12-19 11:16:45,380 INFO  [RpcServer.handler=4,port=60000] master.ServerManager: Triggering server recovery; existingServer h2-ubuntu12-sec-1387431063-hbase-8.cs1cloud.internal,60020,1387451803800 looks stale, new server:h2-ubuntu12-sec-1387431063-hbase-8.cs1cloud.internal,60020,1387451803800                  RS-3800 notifies the HMaster\u2019s server manager with its startup, which triggers the server recovery. The server recovery will expire the stale RS, and record the new RS", "8": "2013-12-19 11:16:45,380 INFO  [RpcServer.handler=4,port=60000] master.ServerManager: Master doesn't enable ServerShutdownHandler during initialization, delay expiring server h2-ubuntu12-sec-1387431063-hbase-8.cs1cloud.internal,60020,1387451803800", "10": "2013-12-19 11:16:46,925 ERROR [RpcServer.handler=7,port=60000] master.HMaster: Region server h2-ubuntu12-sec-1387431063-hbase-8.cs1cloud.internal,60020,1387451803800 reported a fatal error:", "13": "It also indicates that there must be a FATAL in RS-3800\u2019s log and makes RS-3800 abort."}, "traces": {}, "parsed_logs": {"4": {"class": "master.ServerManager", "method": "", "line_number": "", "message": "Finished waiting for region servers count to settle; checked in 2, slept for 18262 ms, expecting minimum of 1, maximum of 2147483647, master is running."}, "5": {"class": "master.ServerManager", "method": "", "line_number": "", "message": "Registering server=h2-ubuntu12-sec-1387431063-hbase-8.cs1cloud.internal,60020,1387451803800 RS-3800 is registering to onlineServers list"}, "6": {"class": "master.HMaster", "method": "", "line_number": "", "message": "Registered server found up in zk but who has not yet reported in: h2-ubuntu12-sec-1387431063-hbase-8.cs1cloud.internal,60020,1387451803800 HMaster found that RS-3800 has registered in zk but not reported to HMaster"}, "7": {"class": "master.ServerManager", "method": "", "line_number": "", "message": "Triggering server recovery; existingServer h2-ubuntu12-sec-1387431063-hbase-8.cs1cloud.internal,60020,1387451803800 looks stale, new server:h2-ubuntu12-sec-1387431063-hbase-8.cs1cloud.internal,60020,1387451803800"}, "8": {"class": "master.ServerManager", "method": "", "line_number": "", "message": "Master doesn't enable ServerShutdownHandler during initialization, delay expiring server h2-ubuntu12-sec-1387431063-hbase-8.cs1cloud.internal,60020,1387451803800"}, "10": {"class": "master.HMaster", "method": "", "line_number": "", "message": "Region server h2-ubuntu12-sec-1387431063-hbase-8.cs1cloud.internal,60020,1387451803800 reported a fatal error:"}, "13": {"class": "", "method": "", "line_number": "", "message": "It also indicates that there must be a FATAL in RS-3800\u2019s log and makes RS-3800 abort."}}, "parsed_traces": {}}