{"logs": {"0": "2012-05-08 22:05:23,909 INFO  [Jieshan.china.huawei.com,57110,1336485831968-org.apache.hadoop.hbase.master.handler.DisableTableHandler$BulkDisabler-1] master.AssignmentManager(2066): Server jieshan.china.huawei.com,57138,1336485834409 returned java.net.ConnectException: Connection refused: no further information for fc6c3b7c6445127b63f617445aa5dfaf    (region name/id)              ", "2": "2012-05-08 22:07:58,122 INFO  [Jieshan.china.huawei.com,57110,1336485831968.timeoutMonitor] master.AssignmentManager$TimeoutMonitor(2925): Region has been PENDING_CLOSE for too long, running forced unassign again on region=testHBase5937,000,1336485845463.fc6c3b7c6445127b63f617445aa5dfaf.", "3": "2012-05-08 22:07:58,122 DEBUG [pool-8-thread-17] master.AssignmentManager(1936): Starting unassignment of region testHBase5937,000,1336485845463.fc6c3b7c6445127b63f617445aa5dfaf. (offlining)", "4": "2012-05-08 22:07:58,122 DEBUG [pool-8-thread-17] master.AssignmentManager(1942): Attempted to unassign region testHBase5937,000,1336485845463.fc6c3b7c6445127b63f617445aa5dfaf. but it is not currently assigned anywhere", "5": "2012-05-08 22:08:08,121 INFO  [Jieshan.china.huawei.com,57110,1336485831968.timeoutMonitor] master.AssignmentManager$TimeoutMonitor(2893): Regions in transition timed out:  testHBase5937,000,1336485845463.fc6c3b7c6445127b63f617445aa5dfaf. state=PENDING_CLOSE, ts=1336485917495, server=null", "6": "2012-05-08 22:08:08,121 INFO  [Jieshan.china.huawei.com,57110,1336485831968.timeoutMonitor] master.AssignmentManager$TimeoutMonitor(2925): Region has been PENDING_CLOSE for too long, running forced unassign again on region=testHBase5937,000,1336485845463.fc6c3b7c6445127b63f617445aa5dfaf.", "7": "2012-05-08 22:08:08,121 DEBUG [pool-8-thread-13] master.AssignmentManager(1936): Starting unassignment of region testHBase5937,000,1336485845463.fc6c3b7c6445127b63f617445aa5dfaf. (offlining)", "8": "2012-05-08 22:08:08,121 DEBUG [pool-8-thread-13] master.AssignmentManager(1942): Attempted to unassign region testHBase5937,000,1336485845463.fc6c3b7c6445127b63f617445aa5dfaf. but it is not currently assigned anywhere", "9": "2012-05-08 22:08:18,122 INFO  [Jieshan.china.huawei.com,57110,1336485831968.timeoutMonitor] master.AssignmentManager$TimeoutMonitor(2893): Regions in transition timed out:  testHBase5937,000,1336485845463.fc6c3b7c6445127b63f617445aa5dfaf. state=PENDING_CLOSE, ts=1336485917495, server=null", "10": "2012-05-08 22:08:18,122 INFO  [Jieshan.china.huawei.com,57110,1336485831968.timeoutMonitor] master.AssignmentManager$TimeoutMonitor(2925): Region has been PENDING_CLOSE for too long, running forced unassign again on region=testHBase5937,000,1336485845463.fc6c3b7c6445127b63f617445aa5dfaf.", "11": "2012-05-08 22:08:18,122 DEBUG [pool-8-thread-6] master.AssignmentManager(1936): Starting unassignment of region testHBase5937,000,1336485845463.fc6c3b7c6445127b63f617445aa5dfaf. (offlining)", "12": "2012-05-08 22:08:18,125 DEBUG [pool-8-thread-6] master.AssignmentManager(1942): Attempted to unassign region testHBase5937,000,1336485845463.fc6c3b7c6445127b63f617445aa5dfaf. but it is not currently assigned anywhere"}, "traces": {}, "parsed_logs": {"0": {"class": "master.AssignmentManager", "method": "", "line_number": "2066", "message": "Server jieshan.china.huawei.com,57138,1336485834409 returned java.net.ConnectException: Connection refused: no further information for fc6c3b7c6445127b63f617445aa5dfaf (region name/id)"}, "2": {"class": "master.AssignmentManager$TimeoutMonitor", "method": "", "line_number": "2925", "message": "Region has been PENDING_CLOSE for too long, running forced unassign again on region=testHBase5937,000,1336485845463.fc6c3b7c6445127b63f617445aa5dfaf."}, "3": {"class": "master.AssignmentManager", "method": "", "line_number": "1936", "message": "Starting unassignment of region testHBase5937,000,1336485845463.fc6c3b7c6445127b63f617445aa5dfaf. (offlining)"}, "4": {"class": "master.AssignmentManager", "method": "", "line_number": "1942", "message": "Attempted to unassign region testHBase5937,000,1336485845463.fc6c3b7c6445127b63f617445aa5dfaf. but it is not currently assigned anywhere"}, "5": {"class": "master.AssignmentManager$TimeoutMonitor", "method": "", "line_number": "2893", "message": "Regions in transition timed out:  testHBase5937,000,1336485845463.fc6c3b7c6445127b63f617445aa5dfaf. state=PENDING_CLOSE, ts=1336485917495, server=null"}, "6": {"class": "master.AssignmentManager$TimeoutMonitor", "method": "", "line_number": "2925", "message": "Region has been PENDING_CLOSE for too long, running forced unassign again on region=testHBase5937,000,1336485845463.fc6c3b7c6445127b63f617445aa5dfaf."}, "7": {"class": "master.AssignmentManager", "method": "", "line_number": "1936", "message": "Starting unassignment of region testHBase5937,000,1336485845463.fc6c3b7c6445127b63f617445aa5dfaf. (offlining)"}, "8": {"class": "master.AssignmentManager", "method": "", "line_number": "1942", "message": "Attempted to unassign region testHBase5937,000,1336485845463.fc6c3b7c6445127b63f617445aa5dfaf. but it is not currently assigned anywhere"}, "9": {"class": "master.AssignmentManager$TimeoutMonitor", "method": "", "line_number": "2893", "message": "Regions in transition timed out:  testHBase5937,000,1336485845463.fc6c3b7c6445127b63f617445aa5dfaf. state=PENDING_CLOSE, ts=1336485917495, server=null"}, "10": {"class": "master.AssignmentManager$TimeoutMonitor", "method": "", "line_number": "2925", "message": "Region has been PENDING_CLOSE for too long, running forced unassign again on region=testHBase5937,000,1336485845463.fc6c3b7c6445127b63f617445aa5dfaf."}, "11": {"class": "master.AssignmentManager", "method": "", "line_number": "1936", "message": "Starting unassignment of region testHBase5937,000,1336485845463.fc6c3b7c6445127b63f617445aa5dfaf. (offlining)"}, "12": {"class": "master.AssignmentManager", "method": "", "line_number": "1942", "message": "Attempted to unassign region testHBase5937,000,1336485845463.fc6c3b7c6445127b63f617445aa5dfaf. but it is not currently assigned anywhere"}}, "parsed_traces": {}}