{"logs": {"0": "2012-04-09 10:42:24,270 INFO org.apache.hadoop.hbase.master.SplitLogManager: finished splitting (more than or equal to) 861248320 bytes in 4 log files in [hdfs://192.168.47.205:9000/hbase/.logs/HOST-192-168-47-202,60020,1333715537172-splitting] in 26374ms", "1": "2012-04-09 10:42:24,316 FATAL org.apache.hadoop.hbase.master.HMaster: Master server abort: loaded coprocessors are: []", "2": "2012-04-09 10:42:24,333 FATAL org.apache.hadoop.hbase.master.HMaster: Unhandled exception. Starting shutdown.", "33": "2012-04-09 10:42:24,336 INFO org.apache.hadoop.hbase.master.HMaster: Aborting", "34": "2012-04-09 10:42:24,336 DEBUG org.apache.hadoop.hbase.master.HMaster: Stopping service threads"}, "traces": {"4": "         at org.apache.hadoop.hbase.ipc.HBaseClient$Connection.setupIOstreams(HBaseClient.java:375)", "5": "         at org.apache.hadoop.hbase.ipc.HBaseClient.getConnection(HBaseClient.java:1045)", "6": "         at org.apache.hadoop.hbase.ipc.HBaseClient.call(HBaseClient.java:897)", "7": "         at org.apache.hadoop.hbase.ipc.WritableRpcEngine$Invoker.invoke(WritableRpcEngine.java:150)", "9": "         at org.apache.hadoop.hbase.ipc.WritableRpcEngine.getProxy(WritableRpcEngine.java:183)", "10": "         at org.apache.hadoop.hbase.ipc.HBaseRPC.getProxy(HBaseRPC.java:303)", "11": "         at org.apache.hadoop.hbase.ipc.HBaseRPC.getProxy(HBaseRPC.java:280)", "12": "         at org.apache.hadoop.hbase.ipc.HBaseRPC.getProxy(HBaseRPC.java:332)", "13": "         at org.apache.hadoop.hbase.ipc.HBaseRPC.waitForProxy(HBaseRPC.java:236)", "14": "         at org.apache.hadoop.hbase.client.HConnectionManager$HConnectionImplementation.getHRegionConnection(HConnectionManager.java:1276)", "15": "         at org.apache.hadoop.hbase.client.HConnectionManager$HConnectionImplementation.getHRegionConnection(HConnectionManager.java:1233)", "16": "         at org.apache.hadoop.hbase.client.HConnectionManager$HConnectionImplementation.getHRegionConnection(HConnectionManager.java:1220)", "17": "         at org.apache.hadoop.hbase.catalog.CatalogTracker.getCachedConnection(CatalogTracker.java:569)", "18": "         at org.apache.hadoop.hbase.catalog.CatalogTracker.getRootServerConnection(CatalogTracker.java:369)", "19": "         at org.apache.hadoop.hbase.catalog.CatalogTracker.waitForRootServerConnection(CatalogTracker.java:353)", "20": "         at org.apache.hadoop.hbase.catalog.CatalogTracker.verifyRootRegionLocation(CatalogTracker.java:660)", "21": "         at org.apache.hadoop.hbase.master.HMaster.assignRootAndMeta(HMaster.java:616)", "22": "         at org.apache.hadoop.hbase.master.HMaster.finishInitialization(HMaster.java:540)", "23": "         at org.apache.hadoop.hbase.master.HMaster.run(HMaster.java:363)", "28": "         at org.apache.hadoop.net.SocketIOWithTimeout.connect(SocketIOWithTimeout.java:206)", "29": "         at org.apache.hadoop.net.NetUtils.connect(NetUtils.java:488)", "30": "         at org.apache.hadoop.hbase.ipc.HBaseClient$Connection.setupConnection(HBaseClient.java:328)", "31": "         at org.apache.hadoop.hbase.ipc.HBaseClient$Connection.setupIOstreams(HBaseClient.java:362)"}, "parsed_logs": {"0": {"class": "org.apache.hadoop.hbase.master.SplitLogManager", "method": "", "line_number": "", "message": "finished splitting (more than or equal to) 861248320 bytes in 4 log files in [hdfs://192.168.47.205:9000/hbase/.logs/HOST-192-168-47-202,60020,1333715537172-splitting] in 26374ms"}, "1": {"class": "org.apache.hadoop.hbase.master.HMaster", "method": "", "line_number": "", "message": "Master server abort: loaded coprocessors are: []"}, "2": {"class": "org.apache.hadoop.hbase.master.HMaster", "method": "", "line_number": "", "message": "Unhandled exception. Starting shutdown."}, "33": {"class": "org.apache.hadoop.hbase.master.HMaster", "method": "", "line_number": "", "message": "Aborting"}, "34": {"class": "org.apache.hadoop.hbase.master.HMaster", "method": "", "line_number": "", "message": "Stopping service threads"}}, "parsed_traces": {"4": {"package_class": "org.apache.hadoop.hbase.ipc.HBaseClient$Connection", "method": "setupIOstreams", "file_name": "HBaseClient.java", "line_number": 375}, "5": {"package_class": "org.apache.hadoop.hbase.ipc.HBaseClient", "method": "getConnection", "file_name": "HBaseClient.java", "line_number": 1045}, "6": {"package_class": "org.apache.hadoop.hbase.ipc.HBaseClient", "method": "call", "file_name": "HBaseClient.java", "line_number": 897}, "7": {"package_class": "org.apache.hadoop.hbase.ipc.WritableRpcEngine$Invoker", "method": "invoke", "file_name": "WritableRpcEngine.java", "line_number": 150}, "9": {"package_class": "org.apache.hadoop.hbase.ipc.WritableRpcEngine", "method": "getProxy", "file_name": "WritableRpcEngine.java", "line_number": 183}, "10": {"package_class": "org.apache.hadoop.hbase.ipc.HBaseRPC", "method": "getProxy", "file_name": "HBaseRPC.java", "line_number": 303}, "11": {"package_class": "org.apache.hadoop.hbase.ipc.HBaseRPC", "method": "getProxy", "file_name": "HBaseRPC.java", "line_number": 280}, "12": {"package_class": "org.apache.hadoop.hbase.ipc.HBaseRPC", "method": "getProxy", "file_name": "HBaseRPC.java", "line_number": 332}, "13": {"package_class": "org.apache.hadoop.hbase.ipc.HBaseRPC", "method": "waitForProxy", "file_name": "HBaseRPC.java", "line_number": 236}, "14": {"package_class": "org.apache.hadoop.hbase.client.HConnectionManager$HConnectionImplementation", "method": "getHRegionConnection", "file_name": "HConnectionManager.java", "line_number": 1276}, "15": {"package_class": "org.apache.hadoop.hbase.client.HConnectionManager$HConnectionImplementation", "method": "getHRegionConnection", "file_name": "HConnectionManager.java", "line_number": 1233}, "16": {"package_class": "org.apache.hadoop.hbase.client.HConnectionManager$HConnectionImplementation", "method": "getHRegionConnection", "file_name": "HConnectionManager.java", "line_number": 1220}, "17": {"package_class": "org.apache.hadoop.hbase.catalog.CatalogTracker", "method": "getCachedConnection", "file_name": "CatalogTracker.java", "line_number": 569}, "18": {"package_class": "org.apache.hadoop.hbase.catalog.CatalogTracker", "method": "getRootServerConnection", "file_name": "CatalogTracker.java", "line_number": 369}, "19": {"package_class": "org.apache.hadoop.hbase.catalog.CatalogTracker", "method": "waitForRootServerConnection", "file_name": "CatalogTracker.java", "line_number": 353}, "20": {"package_class": "org.apache.hadoop.hbase.catalog.CatalogTracker", "method": "verifyRootRegionLocation", "file_name": "CatalogTracker.java", "line_number": 660}, "21": {"package_class": "org.apache.hadoop.hbase.master.HMaster", "method": "assignRootAndMeta", "file_name": "HMaster.java", "line_number": 616}, "22": {"package_class": "org.apache.hadoop.hbase.master.HMaster", "method": "finishInitialization", "file_name": "HMaster.java", "line_number": 540}, "23": {"package_class": "org.apache.hadoop.hbase.master.HMaster", "method": "run", "file_name": "HMaster.java", "line_number": 363}, "28": {"package_class": "org.apache.hadoop.net.SocketIOWithTimeout", "method": "connect", "file_name": "SocketIOWithTimeout.java", "line_number": 206}, "29": {"package_class": "org.apache.hadoop.net.NetUtils", "method": "connect", "file_name": "NetUtils.java", "line_number": 488}, "30": {"package_class": "org.apache.hadoop.hbase.ipc.HBaseClient$Connection", "method": "setupConnection", "file_name": "HBaseClient.java", "line_number": 328}, "31": {"package_class": "org.apache.hadoop.hbase.ipc.HBaseClient$Connection", "method": "setupIOstreams", "file_name": "HBaseClient.java", "line_number": 362}}}