{"logs": {"0": "11/12/17 18:50:24 WARN regionserver.HRegionServer: Unable to connect to master. Retrying. Error was:"}, "traces": {"4": "            at org.apache.hadoop.net.SocketIOWithTimeout.connect(SocketIOWithTimeout.java:206)", "5": "            at org.apache.hadoop.net.NetUtils.connect(NetUtils.java:408)", "6": "            at org.apache.hadoop.hbase.ipc.HBaseClient$Connection.setupConnection(HBaseClient.java:328)", "7": "            at org.apache.hadoop.hbase.ipc.HBaseClient$Connection.setupIOstreams(HBaseClient.java:362)", "8": "            at org.apache.hadoop.hbase.ipc.HBaseClient.getConnection(HBaseClient.java:1024)", "9": "            at org.apache.hadoop.hbase.ipc.HBaseClient.call(HBaseClient.java:876)", "10": "            at org.apache.hadoop.hbase.ipc.WritableRpcEngine$Invoker.invoke(WritableRpcEngine.java:150)", "12": "            at org.apache.hadoop.hbase.ipc.WritableRpcEngine.getProxy(WritableRpcEngine.java:183)", "13": "            at org.apache.hadoop.hbase.ipc.HBaseRPC.getProxy(HBaseRPC.java:303)", "14": "            at org.apache.hadoop.hbase.ipc.HBaseRPC.getProxy(HBaseRPC.java:280)", "15": "            at org.apache.hadoop.hbase.ipc.HBaseRPC.getProxy(HBaseRPC.java:332)", "16": "            at org.apache.hadoop.hbase.ipc.HBaseRPC.waitForProxy(HBaseRPC.java:236)", "17": "            at org.apache.hadoop.hbase.regionserver.HRegionServer.getMaster(HRegionServer.java:1616)", "18": "            at org.apache.hadoop.hbase.regionserver.HRegionServer.tryRegionServerReport(HRegionServer.java:787)", "19": "            at org.apache.hadoop.hbase.regionserver.HRegionServer.run(HRegionServer.java:674)"}, "parsed_logs": {"0": {"class": "regionserver.HRegionServer", "method": "", "line_number": "", "message": "Unable to connect to master. Retrying. Error was:"}}, "parsed_traces": {"4": {"package_class": "org.apache.hadoop.net.SocketIOWithTimeout", "method": "connect", "file_name": "SocketIOWithTimeout.java", "line_number": 206}, "5": {"package_class": "org.apache.hadoop.net.NetUtils", "method": "connect", "file_name": "NetUtils.java", "line_number": 408}, "6": {"package_class": "org.apache.hadoop.hbase.ipc.HBaseClient$Connection", "method": "setupConnection", "file_name": "HBaseClient.java", "line_number": 328}, "7": {"package_class": "org.apache.hadoop.hbase.ipc.HBaseClient$Connection", "method": "setupIOstreams", "file_name": "HBaseClient.java", "line_number": 362}, "8": {"package_class": "org.apache.hadoop.hbase.ipc.HBaseClient", "method": "getConnection", "file_name": "HBaseClient.java", "line_number": 1024}, "9": {"package_class": "org.apache.hadoop.hbase.ipc.HBaseClient", "method": "call", "file_name": "HBaseClient.java", "line_number": 876}, "10": {"package_class": "org.apache.hadoop.hbase.ipc.WritableRpcEngine$Invoker", "method": "invoke", "file_name": "WritableRpcEngine.java", "line_number": 150}, "12": {"package_class": "org.apache.hadoop.hbase.ipc.WritableRpcEngine", "method": "getProxy", "file_name": "WritableRpcEngine.java", "line_number": 183}, "13": {"package_class": "org.apache.hadoop.hbase.ipc.HBaseRPC", "method": "getProxy", "file_name": "HBaseRPC.java", "line_number": 303}, "14": {"package_class": "org.apache.hadoop.hbase.ipc.HBaseRPC", "method": "getProxy", "file_name": "HBaseRPC.java", "line_number": 280}, "15": {"package_class": "org.apache.hadoop.hbase.ipc.HBaseRPC", "method": "getProxy", "file_name": "HBaseRPC.java", "line_number": 332}, "16": {"package_class": "org.apache.hadoop.hbase.ipc.HBaseRPC", "method": "waitForProxy", "file_name": "HBaseRPC.java", "line_number": 236}, "17": {"package_class": "org.apache.hadoop.hbase.regionserver.HRegionServer", "method": "getMaster", "file_name": "HRegionServer.java", "line_number": 1616}, "18": {"package_class": "org.apache.hadoop.hbase.regionserver.HRegionServer", "method": "tryRegionServerReport", "file_name": "HRegionServer.java", "line_number": 787}, "19": {"package_class": "org.apache.hadoop.hbase.regionserver.HRegionServer", "method": "run", "file_name": "HRegionServer.java", "line_number": 674}}}