{"logs": {"0": "2012-05-24 01:45:43,300 DEBUG org.apache.hadoop.hbase.regionserver.wal.HLog: cleanupCurrentWriter  waiting for transactions to get synced  total 189377 synced till here 189365", "1": "2012-05-24 01:45:48,474 INFO org.apache.hadoop.hbase.regionserver.SplitRequest: Running rollback/cleanup of failed split of ufdr,011365398471659,1337823505339.bd1079bf948c672e493432020dc0e144.; Failed setting SPLITTING znode on ufdr,011365398471659,1337823505339.bd1079bf948c672e493432020dc0e144.", "21": "2012-05-24 01:45:48,476 INFO org.apache.hadoop.hbase.regionserver.SplitRequest: Successful rollback of failed split of ufdr,011365398471659,1337823505339.bd1079bf948c672e493432020dc0e144.", "23": "2012-05-24 01:47:28,141 ERROR org.apache.hadoop.hbase.zookeeper.RecoverableZooKeeper: Node /hbase/unassigned/bd1079bf948c672e493432020dc0e144 already exists and this is not a retry", "24": "2012-05-24 01:47:28,142 INFO org.apache.hadoop.hbase.regionserver.SplitRequest: Running rollback/cleanup of failed split of ufdr,011365398471659,1337823505339.bd1079bf948c672e493432020dc0e144.; Failed create of ephemeral /hbase/unassigned/bd1079bf948c672e493432020dc0e144"}, "traces": {"3": "         at org.apache.hadoop.hbase.regionserver.SplitTransaction.createDaughters(SplitTransaction.java:242)", "4": "         at org.apache.hadoop.hbase.regionserver.SplitTransaction.execute(SplitTransaction.java:450)", "5": "         at org.apache.hadoop.hbase.regionserver.SplitRequest.run(SplitRequest.java:67)", "10": "         at org.apache.zookeeper.KeeperException.create(KeeperException.java:115)", "11": "         at org.apache.zookeeper.KeeperException.create(KeeperException.java:51)", "12": "         at org.apache.zookeeper.ZooKeeper.setData(ZooKeeper.java:1246)", "13": "         at org.apache.hadoop.hbase.zookeeper.RecoverableZooKeeper.setData(RecoverableZooKeeper.java:321)", "14": "         at org.apache.hadoop.hbase.zookeeper.ZKUtil.setData(ZKUtil.java:659)", "15": "         at org.apache.hadoop.hbase.zookeeper.ZKAssign.transitionNode(ZKAssign.java:811)", "16": "         at org.apache.hadoop.hbase.zookeeper.ZKAssign.transitionNode(ZKAssign.java:747)", "17": "         at org.apache.hadoop.hbase.regionserver.SplitTransaction.transitionNodeSplitting(SplitTransaction.java:919)", "18": "         at org.apache.hadoop.hbase.regionserver.SplitTransaction.createNodeSplitting(SplitTransaction.java:869)", "19": "         at org.apache.hadoop.hbase.regionserver.SplitTransaction.createDaughters(SplitTransaction.java:239)", "26": "         at org.apache.hadoop.hbase.regionserver.SplitTransaction.createNodeSplitting(SplitTransaction.java:865)", "27": "         at org.apache.hadoop.hbase.regionserver.SplitTransaction.createDaughters(SplitTransaction.java:239)", "28": "         at org.apache.hadoop.hbase.regionserver.SplitTransaction.execute(SplitTransaction.java:450)", "29": "         at org.apache.hadoop.hbase.regionserver.SplitRequest.run(SplitRequest.java:67)"}, "parsed_logs": {"0": {"class": "org.apache.hadoop.hbase.regionserver.wal.HLog", "method": "cleanupCurrentWriter", "line_number": "", "message": "waiting for transactions to get synced  total 189377 synced till here 189365"}, "1": {"class": "org.apache.hadoop.hbase.regionserver.SplitRequest", "method": "", "line_number": "", "message": "Running rollback/cleanup of failed split of ufdr,011365398471659,1337823505339.bd1079bf948c672e493432020dc0e144.; Failed setting SPLITTING znode on ufdr,011365398471659,1337823505339.bd1079bf948c672e493432020dc0e144."}, "21": {"class": "org.apache.hadoop.hbase.regionserver.SplitRequest", "method": "", "line_number": "", "message": "Successful rollback of failed split of ufdr,011365398471659,1337823505339.bd1079bf948c672e493432020dc0e144."}, "23": {"class": "org.apache.hadoop.hbase.zookeeper.RecoverableZooKeeper", "method": "", "line_number": "", "message": "Node /hbase/unassigned/bd1079bf948c672e493432020dc0e144 already exists and this is not a retry"}, "24": {"class": "org.apache.hadoop.hbase.regionserver.SplitRequest", "method": "", "line_number": "", "message": "Running rollback/cleanup of failed split of ufdr,011365398471659,1337823505339.bd1079bf948c672e493432020dc0e144.; Failed create of ephemeral /hbase/unassigned/bd1079bf948c672e493432020dc0e144"}}, "parsed_traces": {"3": {"package_class": "org.apache.hadoop.hbase.regionserver.SplitTransaction", "method": "createDaughters", "file_name": "SplitTransaction.java", "line_number": 242}, "4": {"package_class": "org.apache.hadoop.hbase.regionserver.SplitTransaction", "method": "execute", "file_name": "SplitTransaction.java", "line_number": 450}, "5": {"package_class": "org.apache.hadoop.hbase.regionserver.SplitRequest", "method": "run", "file_name": "SplitRequest.java", "line_number": 67}, "10": {"package_class": "org.apache.zookeeper.KeeperException", "method": "create", "file_name": "KeeperException.java", "line_number": 115}, "11": {"package_class": "org.apache.zookeeper.KeeperException", "method": "create", "file_name": "KeeperException.java", "line_number": 51}, "12": {"package_class": "org.apache.zookeeper.ZooKeeper", "method": "setData", "file_name": "ZooKeeper.java", "line_number": 1246}, "13": {"package_class": "org.apache.hadoop.hbase.zookeeper.RecoverableZooKeeper", "method": "setData", "file_name": "RecoverableZooKeeper.java", "line_number": 321}, "14": {"package_class": "org.apache.hadoop.hbase.zookeeper.ZKUtil", "method": "setData", "file_name": "ZKUtil.java", "line_number": 659}, "15": {"package_class": "org.apache.hadoop.hbase.zookeeper.ZKAssign", "method": "transitionNode", "file_name": "ZKAssign.java", "line_number": 811}, "16": {"package_class": "org.apache.hadoop.hbase.zookeeper.ZKAssign", "method": "transitionNode", "file_name": "ZKAssign.java", "line_number": 747}, "17": {"package_class": "org.apache.hadoop.hbase.regionserver.SplitTransaction", "method": "transitionNodeSplitting", "file_name": "SplitTransaction.java", "line_number": 919}, "18": {"package_class": "org.apache.hadoop.hbase.regionserver.SplitTransaction", "method": "createNodeSplitting", "file_name": "SplitTransaction.java", "line_number": 869}, "19": {"package_class": "org.apache.hadoop.hbase.regionserver.SplitTransaction", "method": "createDaughters", "file_name": "SplitTransaction.java", "line_number": 239}, "26": {"package_class": "org.apache.hadoop.hbase.regionserver.SplitTransaction", "method": "createNodeSplitting", "file_name": "SplitTransaction.java", "line_number": 865}, "27": {"package_class": "org.apache.hadoop.hbase.regionserver.SplitTransaction", "method": "createDaughters", "file_name": "SplitTransaction.java", "line_number": 239}, "28": {"package_class": "org.apache.hadoop.hbase.regionserver.SplitTransaction", "method": "execute", "file_name": "SplitTransaction.java", "line_number": 450}, "29": {"package_class": "org.apache.hadoop.hbase.regionserver.SplitRequest", "method": "run", "file_name": "SplitRequest.java", "line_number": 67}}}