{"logs": {"0": "2012-10-31 19:51:39,043 DEBUG org.apache.hadoop.hbase.master.ServerManager: Added=dw88.kgb.sqa.cm4,60020,1351671478752 to dead servers, submitted shutdown handler to be executed, root=true, meta=false", "1": "2012-10-31 19:51:39,045 INFO org.apache.hadoop.hbase.master.handler.ServerShutdownHandler: Splitting logs for dw88.kgb.sqa.cm4,60020,1351671478752", "2": "2012-10-31 19:51:50,113 INFO org.apache.hadoop.hbase.master.handler.ServerShutdownHandler: Server dw88.kgb.sqa.cm4,60020,1351671478752 was carrying ROOT. Trying to assign.", "3": "2012-10-31 19:52:15,939 DEBUG org.apache.hadoop.hbase.master.ServerManager: Server REPORT rejected; currently processing dw88.kgb.sqa.cm4,60020,1351671478752 as dead server", "4": "2012-10-31 19:52:15,945 INFO org.apache.hadoop.hbase.master.handler.ServerShutdownHandler: Skipping log splitting for dw88.kgb.sqa.cm4,60020,1351671478752", "6": "2012-10-31 19:52:15,923 WARN org.apache.hadoop.hbase.util.Sleeper: We slept 229128ms instead of 100000ms, this is likely due to a long garbage collecting pause and it's usually bad, see http://hbase.apache.org/book.html#trouble.rs.runtime.zkexpired", "7": "After this, RS will send report to HMaster, but receives \u201cYouAreDeadException\u201d and aborts itself. (there will be FATAL log when RS aborts)"}, "traces": {}, "parsed_logs": {"0": {"class": "org.apache.hadoop.hbase.master.ServerManager", "method": "", "line_number": "", "message": "Added=dw88.kgb.sqa.cm4,60020,1351671478752 to dead servers, submitted shutdown handler to be executed, root=true, meta=false"}, "1": {"class": "org.apache.hadoop.hbase.master.handler.ServerShutdownHandler", "method": "", "line_number": "", "message": "Splitting logs for dw88.kgb.sqa.cm4,60020,1351671478752"}, "2": {"class": "org.apache.hadoop.hbase.master.handler.ServerShutdownHandler", "method": "", "line_number": "", "message": "Server dw88.kgb.sqa.cm4,60020,1351671478752 was carrying ROOT. Trying to assign."}, "3": {"class": "org.apache.hadoop.hbase.master.ServerManager", "method": "", "line_number": "", "message": "Server REPORT rejected; currently processing dw88.kgb.sqa.cm4,60020,1351671478752 as dead server"}, "4": {"class": "org.apache.hadoop.hbase.master.handler.ServerShutdownHandler", "method": "", "line_number": "", "message": "Skipping log splitting for dw88.kgb.sqa.cm4,60020,1351671478752"}, "6": {"class": "org.apache.hadoop.hbase.util.Sleeper", "method": "", "line_number": "", "message": "We slept 229128ms instead of 100000ms, this is likely due to a long garbage collecting pause and it's usually bad, see http://hbase.apache.org/book.html#trouble.rs.runtime.zkexpired"}, "7": {"class": "", "method": "", "line_number": "", "message": "After this, RS will send report to HMaster, but receives \u201cYouAreDeadException\u201d and aborts itself. (there will be FATAL log when RS aborts)"}}, "parsed_traces": {}}