{"logs": {"2": "2013-05-09 15:08:05,568 INFO org.apache.hadoop.hbase.master.metrics.MasterMetrics: Initialized", "3": "2013-05-09 15:08:05,573 DEBUG org.apache.hadoop.hbase.master.HMaster: HMaster started in backup mode. Stalling until master znode is written.", "4": "2013-05-09 15:08:05,589 INFO org.apache.hadoop.hbase.zookeeper.RecoverableZooKeeper: Node /hbase/master already exists and this is not a retry", "5": "2013-05-09 15:08:05,590 INFO org.apache.hadoop.hbase.master.ActiveMasterManager: Adding ZNode for /hbase/backup-masters/xxx.com,60000,1368137285373 in backup master directory", "6": "2013-05-09 15:08:05,595 INFO org.apache.hadoop.hbase.master.ActiveMasterManager: Another master is the active master, xxx.com,60000,1368137283107; waiting to become the next active master          Currently, the cluster does have an active master, so the backup master is waiting.", "7": "2013-05-09 15:09:45,006 DEBUG org.apache.hadoop.hbase.master.ActiveMasterManager: No master available. Notifying waiting threads                  Cluster does not have an active master now, then it will notify any thread waiting to become the active master.", "8": "2013-05-09 15:09:45,006 INFO org.apache.hadoop.hbase.master.HMaster: Cluster went down before this master became active                After this, the backup master will shut down.", "9": "2013-05-09 15:09:45,006 DEBUG org.apache.hadoop.hbase.master.HMaster: Stopping service threads", "10": "2013-05-09 15:09:45,006 INFO org.apache.hadoop.ipc.HBaseServer: Stopping server on 60000"}, "traces": {}, "parsed_logs": {"2": {"class": "org.apache.hadoop.hbase.master.metrics.MasterMetrics", "method": "", "line_number": "", "message": "Initialized"}, "3": {"class": "org.apache.hadoop.hbase.master.HMaster", "method": "", "line_number": "", "message": "HMaster started in backup mode. Stalling until master znode is written."}, "4": {"class": "org.apache.hadoop.hbase.zookeeper.RecoverableZooKeeper", "method": "", "line_number": "", "message": "Node /hbase/master already exists and this is not a retry"}, "5": {"class": "org.apache.hadoop.hbase.master.ActiveMasterManager", "method": "", "line_number": "", "message": "Adding ZNode for /hbase/backup-masters/xxx.com,60000,1368137285373 in backup master directory"}, "6": {"class": "org.apache.hadoop.hbase.master.ActiveMasterManager", "method": "", "line_number": "", "message": "Another master is the active master, xxx.com,60000,1368137283107; waiting to become the next active master Currently, the cluster does have an active master, so the backup master is waiting."}, "7": {"class": "org.apache.hadoop.hbase.master.ActiveMasterManager", "method": "", "line_number": "", "message": "No master available. Notifying waiting threads                  Cluster does not have an active master now, then it will notify any thread waiting to become the active master."}, "8": {"class": "org.apache.hadoop.hbase.master.HMaster", "method": "", "line_number": "", "message": "Cluster went down before this master became active                After this, the backup master will shut down."}, "9": {"class": "org.apache.hadoop.hbase.master.HMaster", "method": "", "line_number": "", "message": "Stopping service threads"}, "10": {"class": "org.apache.hadoop.ipc.HBaseServer", "method": "", "line_number": "", "message": "Stopping server on 60000"}}, "parsed_traces": {}}