{"logs": {"7": "2013-03-29 10:32:42,251 INFO  [regionserver26003] STOPPED: Failed initialization org.apache.hadoop.hbase.regionserver.HRegionServer.stop(HRegionServer.java:1665)", "8": "2013-03-29 10:32:42,253 ERROR [regionserver26003] Failed init org.apache.hadoop.hbase.regionserver.HRegionServer.cleanup(HRegionServer.java:1161)", "21": "2013-03-29 10:32:42,260 FATAL [regionserver26003] ABORTING region server om-host2,26003,1364524173470: Unhandled exception: cannot get log writer org.apache.hadoop.hbase.regionserver.HRegionServer.abort(HRegionServer.java:1737)"}, "traces": {"1": " at org.apache.hadoop.hbase.replication.regionserver.Replication.join(Replication.java:129)", "2": " at org.apache.hadoop.hbase.replication.regionserver.Replication.stopReplicationService(Replication.java:120)", "3": " at org.apache.hadoop.hbase.regionserver.HRegionServer.join(HRegionServer.java:1803)", "4": " at org.apache.hadoop.hbase.regionserver.HRegionServer.run(HRegionServer.java:834)", "10": " at org.apache.hadoop.hbase.regionserver.wal.HLog.createWriter(HLog.java:757)", "11": " at org.apache.hadoop.hbase.regionserver.wal.HLog.createWriterInstance(HLog.java:701)", "12": " at org.apache.hadoop.hbase.regionserver.wal.HLog.rollWriter(HLog.java:637)", "13": " at org.apache.hadoop.hbase.regionserver.wal.HLog.rollWriter(HLog.java:582)", "14": " at org.apache.hadoop.hbase.regionserver.wal.HLog.<init>(HLog.java:436)", "15": " at org.apache.hadoop.hbase.regionserver.wal.HLog.<init>(HLog.java:362)", "16": " at org.apache.hadoop.hbase.regionserver.HRegionServer.instantiateHLog(HRegionServer.java:1327)", "17": " at org.apache.hadoop.hbase.regionserver.HRegionServer.setupWALAndReplication(HRegionServer.java:1316)", "18": " at org.apache.hadoop.hbase.regionserver.HRegionServer.handleReportForDutyResponse(HRegionServer.java:1030)", "19": " at org.apache.hadoop.hbase.regionserver.HRegionServer.run(HRegionServer.java:706)", "23": "         at org.apache.hadoop.hbase.regionserver.wal.HLog.createWriter(HLog.java:757)", "24": "         at org.apache.hadoop.hbase.regionserver.wal.HLog.createWriterInstance(HLog.java:701)", "25": "         at org.apache.hadoop.hbase.regionserver.wal.HLog.rollWriter(HLog.java:637)", "26": "         at org.apache.hadoop.hbase.regionserver.wal.HLog.rollWriter(HLog.java:582)", "27": "         at org.apache.hadoop.hbase.regionserver.wal.HLog.<init>(HLog.java:436)", "28": "         at org.apache.hadoop.hbase.regionserver.wal.HLog.<init>(HLog.java:362)", "29": "         at org.apache.hadoop.hbase.regionserver.HRegionServer.instantiateHLog(HRegionServer.java:1327)", "30": "         at org.apache.hadoop.hbase.regionserver.HRegionServer.setupWALAndReplication(HRegionServer.java:1316)", "31": "         at org.apache.hadoop.hbase.regionserver.HRegionServer.handleReportForDutyResponse(HRegionServer.java:1030)", "32": "    at org.apache.hadoop.hbase.regionserver.HRegionServer.run(HRegionServer.java:706)", "36": "at org.apache.hadoop.hdfs.server.namenode.FSNamesystem.startFileInternal(FSNamesystem.java:1601)", "37": "at org.apache.hadoop.hdfs.server.namenode.FSNamesystem.startFile(FSNamesystem.java:1547)", "38": "at org.apache.hadoop.hdfs.server.namenode.NameNodeRpcServer.create(NameNodeRpcServer.java:412)", "39": "at org.apache.hadoop.hdfs.protocolPB.ClientNamenodeProtocolServerSideTranslatorPB.create(ClientNamenodeProtocolServerSideTranslatorPB.java:204)", "40": "at org.apache.hadoop.hdfs.protocol.proto.ClientNamenodeProtocolProtos$ClientNamenodeProtocol$2.callBlockingMethod(ClientNamenodeProtocolProtos.java:43664)", "41": "at org.apache.hadoop.ipc.ProtobufRpcEngine$Server$ProtoBufRpcInvoker.call(ProtobufRpcEngine.java:427)", "42": "at org.apache.hadoop.ipc.RPC$Server.call(RPC.java:924)", "43": "at org.apache.hadoop.ipc.Server$Handler$1.run(Server.java:1710)", "44": "at org.apache.hadoop.ipc.Server$Handler$1.run(Server.java:1706)", "47": "at org.apache.hadoop.security.UserGroupInformation.doAs(UserGroupInformation.java:1232)", "48": "at org.apache.hadoop.ipc.Server$Handler.run(Server.java:1704)", "49": "at org.apache.hadoop.hbase.regionserver.wal.SequenceFileLogWriter.init(SequenceFileLogWriter.java:209)", "50": "at org.apache.hadoop.hbase.regionserver.wal.HLog.createWriter(HLog.java:754)"}, "parsed_logs": {"7": {"class": "org.apache.hadoop.hbase.regionserver.HRegionServer", "method": "stop", "line_number": "1665", "message": "Failed initialization"}, "8": {"class": "org.apache.hadoop.hbase.regionserver.HRegionServer", "method": "cleanup", "line_number": "1161", "message": "Failed init"}, "21": {"class": "org.apache.hadoop.hbase.regionserver.HRegionServer", "method": "abort", "line_number": "1737", "message": "ABORTING region server om-host2,26003,1364524173470: Unhandled exception: cannot get log writer"}}, "parsed_traces": {"1": {"package_class": "org.apache.hadoop.hbase.replication.regionserver.Replication", "method": "join", "file_name": "Replication.java", "line_number": 129}, "2": {"package_class": "org.apache.hadoop.hbase.replication.regionserver.Replication", "method": "stopReplicationService", "file_name": "Replication.java", "line_number": 120}, "3": {"package_class": "org.apache.hadoop.hbase.regionserver.HRegionServer", "method": "join", "file_name": "HRegionServer.java", "line_number": 1803}, "4": {"package_class": "org.apache.hadoop.hbase.regionserver.HRegionServer", "method": "run", "file_name": "HRegionServer.java", "line_number": 834}, "10": {"package_class": "org.apache.hadoop.hbase.regionserver.wal.HLog", "method": "createWriter", "file_name": "HLog.java", "line_number": 757}, "11": {"package_class": "org.apache.hadoop.hbase.regionserver.wal.HLog", "method": "createWriterInstance", "file_name": "HLog.java", "line_number": 701}, "12": {"package_class": "org.apache.hadoop.hbase.regionserver.wal.HLog", "method": "rollWriter", "file_name": "HLog.java", "line_number": 637}, "13": {"package_class": "org.apache.hadoop.hbase.regionserver.wal.HLog", "method": "rollWriter", "file_name": "HLog.java", "line_number": 582}, "14": {"package_class": "org.apache.hadoop.hbase.regionserver.wal.HLog", "method": "<init>", "file_name": "HLog.java", "line_number": 436}, "15": {"package_class": "org.apache.hadoop.hbase.regionserver.wal.HLog", "method": "<init>", "file_name": "HLog.java", "line_number": 362}, "16": {"package_class": "org.apache.hadoop.hbase.regionserver.HRegionServer", "method": "instantiateHLog", "file_name": "HRegionServer.java", "line_number": 1327}, "17": {"package_class": "org.apache.hadoop.hbase.regionserver.HRegionServer", "method": "setupWALAndReplication", "file_name": "HRegionServer.java", "line_number": 1316}, "18": {"package_class": "org.apache.hadoop.hbase.regionserver.HRegionServer", "method": "handleReportForDutyResponse", "file_name": "HRegionServer.java", "line_number": 1030}, "19": {"package_class": "org.apache.hadoop.hbase.regionserver.HRegionServer", "method": "run", "file_name": "HRegionServer.java", "line_number": 706}, "23": {"package_class": "org.apache.hadoop.hbase.regionserver.wal.HLog", "method": "createWriter", "file_name": "HLog.java", "line_number": 757}, "24": {"package_class": "org.apache.hadoop.hbase.regionserver.wal.HLog", "method": "createWriterInstance", "file_name": "HLog.java", "line_number": 701}, "25": {"package_class": "org.apache.hadoop.hbase.regionserver.wal.HLog", "method": "rollWriter", "file_name": "HLog.java", "line_number": 637}, "26": {"package_class": "org.apache.hadoop.hbase.regionserver.wal.HLog", "method": "rollWriter", "file_name": "HLog.java", "line_number": 582}, "27": {"package_class": "org.apache.hadoop.hbase.regionserver.wal.HLog", "method": "<init>", "file_name": "HLog.java", "line_number": 436}, "28": {"package_class": "org.apache.hadoop.hbase.regionserver.wal.HLog", "method": "<init>", "file_name": "HLog.java", "line_number": 362}, "29": {"package_class": "org.apache.hadoop.hbase.regionserver.HRegionServer", "method": "instantiateHLog", "file_name": "HRegionServer.java", "line_number": 1327}, "30": {"package_class": "org.apache.hadoop.hbase.regionserver.HRegionServer", "method": "setupWALAndReplication", "file_name": "HRegionServer.java", "line_number": 1316}, "31": {"package_class": "org.apache.hadoop.hbase.regionserver.HRegionServer", "method": "handleReportForDutyResponse", "file_name": "HRegionServer.java", "line_number": 1030}, "32": {"package_class": "org.apache.hadoop.hbase.regionserver.HRegionServer", "method": "run", "file_name": "HRegionServer.java", "line_number": 706}, "36": {"package_class": "org.apache.hadoop.hdfs.server.namenode.FSNamesystem", "method": "startFileInternal", "file_name": "FSNamesystem.java", "line_number": 1601}, "37": {"package_class": "org.apache.hadoop.hdfs.server.namenode.FSNamesystem", "method": "startFile", "file_name": "FSNamesystem.java", "line_number": 1547}, "38": {"package_class": "org.apache.hadoop.hdfs.server.namenode.NameNodeRpcServer", "method": "create", "file_name": "NameNodeRpcServer.java", "line_number": 412}, "39": {"package_class": "org.apache.hadoop.hdfs.protocolPB.ClientNamenodeProtocolServerSideTranslatorPB", "method": "create", "file_name": "ClientNamenodeProtocolServerSideTranslatorPB.java", "line_number": 204}, "40": {"package_class": "org.apache.hadoop.hdfs.protocol.proto.ClientNamenodeProtocolProtos$ClientNamenodeProtocol$2", "method": "callBlockingMethod", "file_name": "ClientNamenodeProtocolProtos.java", "line_number": 43664}, "41": {"package_class": "org.apache.hadoop.ipc.ProtobufRpcEngine$Server$ProtoBufRpcInvoker", "method": "call", "file_name": "ProtobufRpcEngine.java", "line_number": 427}, "42": {"package_class": "org.apache.hadoop.ipc.RPC$Server", "method": "call", "file_name": "RPC.java", "line_number": 924}, "43": {"package_class": "org.apache.hadoop.ipc.Server$Handler$1", "method": "run", "file_name": "Server.java", "line_number": 1710}, "44": {"package_class": "org.apache.hadoop.ipc.Server$Handler$1", "method": "run", "file_name": "Server.java", "line_number": 1706}, "47": {"package_class": "org.apache.hadoop.security.UserGroupInformation", "method": "doAs", "file_name": "UserGroupInformation.java", "line_number": 1232}, "48": {"package_class": "org.apache.hadoop.ipc.Server$Handler", "method": "run", "file_name": "Server.java", "line_number": 1704}, "49": {"package_class": "org.apache.hadoop.hbase.regionserver.wal.SequenceFileLogWriter", "method": "init", "file_name": "SequenceFileLogWriter.java", "line_number": 209}, "50": {"package_class": "org.apache.hadoop.hbase.regionserver.wal.HLog", "method": "createWriter", "file_name": "HLog.java", "line_number": 754}}}