{"logs": {}, "traces": {"5": "            at org.apache.hadoop.hbase.regionserver.HRegion.initializeRegionInternals(HRegion.java:550)", "6": "            at org.apache.hadoop.hbase.regionserver.HRegion.initialize(HRegion.java:463)", "7": "            at org.apache.hadoop.hbase.regionserver.HRegion.openHRegion(HRegion.java:3835)", "8": "            at org.apache.hadoop.hbase.regionserver.HRegion.openHRegion(HRegion.java:3783)", "9": "            at org.apache.hadoop.hbase.regionserver.handler.OpenRegionHandler.openRegion(OpenRegionHandler.java:332)", "10": "            at org.apache.hadoop.hbase.regionserver.handler.OpenRegionHandler.process(OpenRegionHandler.java:108)", "11": "            at org.apache.hadoop.hbase.executor.EventHandler.run(EventHandler.java:169)", "19": "            at org.apache.hadoop.hbase.regionserver.Store.loadStoreFiles(Store.java:404)", "20": "            at org.apache.hadoop.hbase.regionserver.Store.<init>(Store.java:257)", "21": "            at org.apache.hadoop.hbase.regionserver.HRegion.instantiateHStore(HRegion.java:3017)", "22": "            at org.apache.hadoop.hbase.regionserver.HRegion$1.call(HRegion.java:525)", "23": "            at org.apache.hadoop.hbase.regionserver.HRegion$1.call(HRegion.java:523)"}, "parsed_logs": {}, "parsed_traces": {"5": {"package_class": "org.apache.hadoop.hbase.regionserver.HRegion", "method": "initializeRegionInternals", "file_name": "HRegion.java", "line_number": 550}, "6": {"package_class": "org.apache.hadoop.hbase.regionserver.HRegion", "method": "initialize", "file_name": "HRegion.java", "line_number": 463}, "7": {"package_class": "org.apache.hadoop.hbase.regionserver.HRegion", "method": "openHRegion", "file_name": "HRegion.java", "line_number": 3835}, "8": {"package_class": "org.apache.hadoop.hbase.regionserver.HRegion", "method": "openHRegion", "file_name": "HRegion.java", "line_number": 3783}, "9": {"package_class": "org.apache.hadoop.hbase.regionserver.handler.OpenRegionHandler", "method": "openRegion", "file_name": "OpenRegionHandler.java", "line_number": 332}, "10": {"package_class": "org.apache.hadoop.hbase.regionserver.handler.OpenRegionHandler", "method": "process", "file_name": "OpenRegionHandler.java", "line_number": 108}, "11": {"package_class": "org.apache.hadoop.hbase.executor.EventHandler", "method": "run", "file_name": "EventHandler.java", "line_number": 169}, "19": {"package_class": "org.apache.hadoop.hbase.regionserver.Store", "method": "loadStoreFiles", "file_name": "Store.java", "line_number": 404}, "20": {"package_class": "org.apache.hadoop.hbase.regionserver.Store", "method": "<init>", "file_name": "Store.java", "line_number": 257}, "21": {"package_class": "org.apache.hadoop.hbase.regionserver.HRegion", "method": "instantiateHStore", "file_name": "HRegion.java", "line_number": 3017}, "22": {"package_class": "org.apache.hadoop.hbase.regionserver.HRegion$1", "method": "call", "file_name": "HRegion.java", "line_number": 525}, "23": {"package_class": "org.apache.hadoop.hbase.regionserver.HRegion$1", "method": "call", "file_name": "HRegion.java", "line_number": 523}}}