{"logs": {"2": "2013-10-21 22:43:09,071 INFO  [RpcServer.handler=2,port=36020] regionserver.HRegionServer: Client tried to access missing scanner 4305495321392639779", "3": "2013-10-21 22:43:09,056 INFO  [RpcServer.handler=0,port=36020] regionserver.HRegionServer: Client tried to access missing scanner 4871518173034616791", "4": "2013-10-21 22:43:09,054 INFO  [RpcServer.handler=29,port=36020] regionserver.HRegionServer: Client tried to access missing scanner 2494346173615963501", "5": "2013-10-21 22:43:09,046 INFO  [RpcServer.handler=28,port=36020] regionserver.HRegionServer: Client tried to access missing scanner 8522578499834310167", "6": "2013-10-21 22:43:09,037 INFO  [RpcServer.handler=27,port=36020] regionserver.HRegionServer: Client tried to access missing scanner 6621035169671703961", "7": "2013-10-21 22:43:09,011 ERROR [RpcServer.handler=20,port=36020] regionserver.HRegionServer:", "17": "2013-10-21 22:43:09,000 INFO  [RpcServer.handler=25,port=36020] regionserver.HRegionServer: Client tried to access missing scanner 4162107982028594792"}, "traces": {"9": "            at org.apache.hadoop.hbase.regionserver.HRegionServer.scan(HRegionServer.java:3030)", "10": "            at org.apache.hadoop.hbase.protobuf.generated.ClientProtos$ClientService$2.callBlockingMethod(ClientProtos.java:27022)", "11": "            at org.apache.hadoop.hbase.ipc.RpcServer.call(RpcServer.java:1979)", "12": "            at org.apache.hadoop.hbase.ipc.CallRunner.run(CallRunner.java:90)", "13": "            at org.apache.hadoop.hbase.ipc.SimpleRpcScheduler.consumerLoop(SimpleRpcScheduler.java:160)", "14": "            at org.apache.hadoop.hbase.ipc.SimpleRpcScheduler.access$000(SimpleRpcScheduler.java:38)", "15": "            at org.apache.hadoop.hbase.ipc.SimpleRpcScheduler$1.run(SimpleRpcScheduler.java:110)"}, "parsed_logs": {"2": {"class": "regionserver.HRegionServer", "method": "", "line_number": "", "message": "Client tried to access missing scanner 4305495321392639779"}, "3": {"class": "regionserver.HRegionServer", "method": "", "line_number": "", "message": "Client tried to access missing scanner 4871518173034616791"}, "4": {"class": "regionserver.HRegionServer", "method": "", "line_number": "", "message": "Client tried to access missing scanner 2494346173615963501"}, "5": {"class": "regionserver.HRegionServer", "method": "", "line_number": "", "message": "Client tried to access missing scanner 8522578499834310167"}, "6": {"class": "regionserver.HRegionServer", "method": "", "line_number": "", "message": "Client tried to access missing scanner 6621035169671703961"}, "7": {"class": "regionserver.HRegionServer", "method": "", "line_number": "", "message": ""}, "17": {"class": "regionserver.HRegionServer", "method": "", "line_number": "", "message": "Client tried to access missing scanner 4162107982028594792"}}, "parsed_traces": {"9": {"package_class": "org.apache.hadoop.hbase.regionserver.HRegionServer", "method": "scan", "file_name": "HRegionServer.java", "line_number": 3030}, "10": {"package_class": "org.apache.hadoop.hbase.protobuf.generated.ClientProtos$ClientService$2", "method": "callBlockingMethod", "file_name": "ClientProtos.java", "line_number": 27022}, "11": {"package_class": "org.apache.hadoop.hbase.ipc.RpcServer", "method": "call", "file_name": "RpcServer.java", "line_number": 1979}, "12": {"package_class": "org.apache.hadoop.hbase.ipc.CallRunner", "method": "run", "file_name": "CallRunner.java", "line_number": 90}, "13": {"package_class": "org.apache.hadoop.hbase.ipc.SimpleRpcScheduler", "method": "consumerLoop", "file_name": "SimpleRpcScheduler.java", "line_number": 160}, "14": {"package_class": "org.apache.hadoop.hbase.ipc.SimpleRpcScheduler", "method": "access$000", "file_name": "SimpleRpcScheduler.java", "line_number": 38}, "15": {"package_class": "org.apache.hadoop.hbase.ipc.SimpleRpcScheduler$1", "method": "run", "file_name": "SimpleRpcScheduler.java", "line_number": 110}}}