{"logs": {"0": "2013-09-19 19:47:54,049 WARN org.apache.hadoop.hbase.master.AssignmentManager: Failed assignment of -ROOT-,,0.70236052 to HOST-10-18-40-153,61020,1379600260255, trying to assign elsewhere instead; retry=0", "26": "2013-09-19 19:47:54,050 DEBUG org.apache.hadoop.hbase.master.AssignmentManager: Found an existing plan for -ROOT-,,0.70236052 destination server is HOST-10-18-40-153,61020,1379600260255", "27": "2013-09-19 19:47:54,050 DEBUG org.apache.hadoop.hbase.master.AssignmentManager: No previous transition plan was found (or we are ignoring an existing plan) for -ROOT-,,0.70236052 so generated a random one; hri=-ROOT-,,0.70236052, src=, dest=HOST-10-18-40-153,61020,1379600260255; 1 (online=1, available=1) available servers", "28": "2013-09-19 19:47:54,050 DEBUG org.apache.hadoop.hbase.zookeeper.ZKAssign: master:61000-0x14135a277ff017d Creating (or updating) unassigned node for 70236052 with OFFLINE state", "29": "2013-09-19 19:47:54,070 DEBUG org.apache.hadoop.hbase.master.AssignmentManager: Handling transition=M_ZK_REGION_OFFLINE, server=HOST-10-18-40-153,61000,1379600055284, region=70236052/-ROOT-", "30": "2013-09-19 19:47:54,071 DEBUG org.apache.hadoop.hbase.master.AssignmentManager: Found an existing plan for -ROOT-,,0.70236052 destination server is HOST-10-18-40-153,61020,1379600260255", "31": "2013-09-19 19:47:54,071 DEBUG org.apache.hadoop.hbase.master.AssignmentManager: Using pre-existing plan for region -ROOT-,,0.70236052; plan=hri=-ROOT-,,0.70236052, src=, dest=HOST-10-18-40-153,61020,1379600260255", "32": "2013-09-19 19:47:54,071 DEBUG org.apache.hadoop.hbase.master.AssignmentManager: Assigning region -ROOT-,,0.70236052 to HOST-10-18-40-153,61020,1379600260255", "33": "2013-09-19 19:47:54,072 WARN org.apache.hadoop.hbase.master.AssignmentManager: Failed assignment of -ROOT-,,0.70236052 to HOST-10-18-40-153,61020,1379600260255, trying to assign elsewhere instead; retry=1", "53": "2013-09-19 19:47:54,072 DEBUG org.apache.hadoop.hbase.master.AssignmentManager: Found an existing plan for -ROOT-,,0.70236052 destination server is HOST-10-18-40-153,61020,1379600260255"}, "traces": {"4": "         at org.apache.hadoop.net.SocketIOWithTimeout.connect(SocketIOWithTimeout.java:206)", "5": "         at org.apache.hadoop.net.NetUtils.connect(NetUtils.java:529)", "6": "         at org.apache.hadoop.net.NetUtils.connect(NetUtils.java:493)", "7": "         at org.apache.hadoop.hbase.ipc.HBaseClient$Connection.setupConnection(HBaseClient.java:390)", "8": "         at org.apache.hadoop.hbase.ipc.HBaseClient$Connection.setupIOstreams(HBaseClient.java:436)", "9": "         at org.apache.hadoop.hbase.ipc.HBaseClient.getConnection(HBaseClient.java:1127)", "10": "         at org.apache.hadoop.hbase.ipc.HBaseClient.call(HBaseClient.java:974)", "11": "         at org.apache.hadoop.hbase.ipc.WritableRpcEngine$Invoker.invoke(WritableRpcEngine.java:86)", "13": "         at org.apache.hadoop.hbase.master.ServerManager.sendRegionOpen(ServerManager.java:533)", "14": "         at org.apache.hadoop.hbase.master.AssignmentManager.assign(AssignmentManager.java:1734)", "15": "         at org.apache.hadoop.hbase.master.AssignmentManager.assign(AssignmentManager.java:1431)", "16": "         at org.apache.hadoop.hbase.master.AssignmentManager.assign(AssignmentManager.java:1406)", "17": "         at org.apache.hadoop.hbase.master.AssignmentManager.assign(AssignmentManager.java:1401)", "18": "         at org.apache.hadoop.hbase.master.AssignmentManager.assignRoot(AssignmentManager.java:2374)", "19": "         at org.apache.hadoop.hbase.master.handler.MetaServerShutdownHandler.verifyAndAssignRoot(MetaServerShutdownHandler.java:136)", "20": "         at org.apache.hadoop.hbase.master.handler.MetaServerShutdownHandler.verifyAndAssignRootWithRetries(MetaServerShutdownHandler.java:160)", "21": "         at org.apache.hadoop.hbase.master.handler.MetaServerShutdownHandler.process(MetaServerShutdownHandler.java:82)", "22": "         at org.apache.hadoop.hbase.executor.EventHandler.run(EventHandler.java:175)", "35": "         at org.apache.hadoop.hbase.ipc.HBaseClient$Connection.setupIOstreams(HBaseClient.java:425)", "36": "         at org.apache.hadoop.hbase.ipc.HBaseClient.getConnection(HBaseClient.java:1127)", "37": "         at org.apache.hadoop.hbase.ipc.HBaseClient.call(HBaseClient.java:974)", "38": "         at org.apache.hadoop.hbase.ipc.WritableRpcEngine$Invoker.invoke(WritableRpcEngine.java:86)", "40": "         at org.apache.hadoop.hbase.master.ServerManager.sendRegionOpen(ServerManager.java:533)", "41": "         at org.apache.hadoop.hbase.master.AssignmentManager.assign(AssignmentManager.java:1734)", "42": "         at org.apache.hadoop.hbase.master.AssignmentManager.assign(AssignmentManager.java:1431)", "43": "         at org.apache.hadoop.hbase.master.AssignmentManager.assign(AssignmentManager.java:1406)", "44": "         at org.apache.hadoop.hbase.master.AssignmentManager.assign(AssignmentManager.java:1401)", "45": "         at org.apache.hadoop.hbase.master.AssignmentManager.assignRoot(AssignmentManager.java:2374)", "46": "         at org.apache.hadoop.hbase.master.handler.MetaServerShutdownHandler.verifyAndAssignRoot(MetaServerShutdownHandler.java:136)", "47": "         at org.apache.hadoop.hbase.master.handler.MetaServerShutdownHandler.verifyAndAssignRootWithRetries(MetaServerShutdownHandler.java:160)", "48": "         at org.apache.hadoop.hbase.master.handler.MetaServerShutdownHandler.process(MetaServerShutdownHandler.java:82)", "49": "         at org.apache.hadoop.hbase.executor.EventHandler.run(EventHandler.java:175)"}, "parsed_logs": {"0": {"class": "org.apache.hadoop.hbase.master.AssignmentManager", "method": "", "line_number": "", "message": "Failed assignment of -ROOT-,,0.70236052 to HOST-10-18-40-153,61020,1379600260255, trying to assign elsewhere instead; retry=0"}, "26": {"class": "org.apache.hadoop.hbase.master.AssignmentManager", "method": "", "line_number": "", "message": "Found an existing plan for -ROOT-,,0.70236052 destination server is HOST-10-18-40-153,61020,1379600260255"}, "27": {"class": "org.apache.hadoop.hbase.master.AssignmentManager", "method": "", "line_number": "", "message": "No previous transition plan was found (or we are ignoring an existing plan) for -ROOT-,,0.70236052 so generated a random one; hri=-ROOT-,,0.70236052, src=, dest=HOST-10-18-40-153,61020,1379600260255; 1 (online=1, available=1) available servers"}, "28": {"class": "org.apache.hadoop.hbase.zookeeper.ZKAssign", "method": "", "line_number": "", "message": "master:61000-0x14135a277ff017d Creating (or updating) unassigned node for 70236052 with OFFLINE state"}, "29": {"class": "org.apache.hadoop.hbase.master.AssignmentManager", "method": "", "line_number": "", "message": "Handling transition=M_ZK_REGION_OFFLINE, server=HOST-10-18-40-153,61000,1379600055284, region=70236052/-ROOT-"}, "30": {"class": "org.apache.hadoop.hbase.master.AssignmentManager", "method": "", "line_number": "", "message": "Found an existing plan for -ROOT-,,0.70236052 destination server is HOST-10-18-40-153,61020,1379600260255"}, "31": {"class": "org.apache.hadoop.hbase.master.AssignmentManager", "method": "", "line_number": "", "message": "Using pre-existing plan for region -ROOT-,,0.70236052; plan=hri=-ROOT-,,0.70236052, src=, dest=HOST-10-18-40-153,61020,1379600260255"}, "32": {"class": "org.apache.hadoop.hbase.master.AssignmentManager", "method": "", "line_number": "", "message": "Assigning region -ROOT-,,0.70236052 to HOST-10-18-40-153,61020,1379600260255"}, "33": {"class": "org.apache.hadoop.hbase.master.AssignmentManager", "method": "", "line_number": "", "message": "Failed assignment of -ROOT-,,0.70236052 to HOST-10-18-40-153,61020,1379600260255, trying to assign elsewhere instead; retry=1"}, "53": {"class": "org.apache.hadoop.hbase.master.AssignmentManager", "method": "", "line_number": "", "message": "Found an existing plan for -ROOT-,,0.70236052 destination server is HOST-10-18-40-153,61020,1379600260255"}}, "parsed_traces": {"4": {"package_class": "org.apache.hadoop.net.SocketIOWithTimeout", "method": "connect", "file_name": "SocketIOWithTimeout.java", "line_number": 206}, "5": {"package_class": "org.apache.hadoop.net.NetUtils", "method": "connect", "file_name": "NetUtils.java", "line_number": 529}, "6": {"package_class": "org.apache.hadoop.net.NetUtils", "method": "connect", "file_name": "NetUtils.java", "line_number": 493}, "7": {"package_class": "org.apache.hadoop.hbase.ipc.HBaseClient$Connection", "method": "setupConnection", "file_name": "HBaseClient.java", "line_number": 390}, "8": {"package_class": "org.apache.hadoop.hbase.ipc.HBaseClient$Connection", "method": "setupIOstreams", "file_name": "HBaseClient.java", "line_number": 436}, "9": {"package_class": "org.apache.hadoop.hbase.ipc.HBaseClient", "method": "getConnection", "file_name": "HBaseClient.java", "line_number": 1127}, "10": {"package_class": "org.apache.hadoop.hbase.ipc.HBaseClient", "method": "call", "file_name": "HBaseClient.java", "line_number": 974}, "11": {"package_class": "org.apache.hadoop.hbase.ipc.WritableRpcEngine$Invoker", "method": "invoke", "file_name": "WritableRpcEngine.java", "line_number": 86}, "13": {"package_class": "org.apache.hadoop.hbase.master.ServerManager", "method": "sendRegionOpen", "file_name": "ServerManager.java", "line_number": 533}, "14": {"package_class": "org.apache.hadoop.hbase.master.AssignmentManager", "method": "assign", "file_name": "AssignmentManager.java", "line_number": 1734}, "15": {"package_class": "org.apache.hadoop.hbase.master.AssignmentManager", "method": "assign", "file_name": "AssignmentManager.java", "line_number": 1431}, "16": {"package_class": "org.apache.hadoop.hbase.master.AssignmentManager", "method": "assign", "file_name": "AssignmentManager.java", "line_number": 1406}, "17": {"package_class": "org.apache.hadoop.hbase.master.AssignmentManager", "method": "assign", "file_name": "AssignmentManager.java", "line_number": 1401}, "18": {"package_class": "org.apache.hadoop.hbase.master.AssignmentManager", "method": "assignRoot", "file_name": "AssignmentManager.java", "line_number": 2374}, "19": {"package_class": "org.apache.hadoop.hbase.master.handler.MetaServerShutdownHandler", "method": "verifyAndAssignRoot", "file_name": "MetaServerShutdownHandler.java", "line_number": 136}, "20": {"package_class": "org.apache.hadoop.hbase.master.handler.MetaServerShutdownHandler", "method": "verifyAndAssignRootWithRetries", "file_name": "MetaServerShutdownHandler.java", "line_number": 160}, "21": {"package_class": "org.apache.hadoop.hbase.master.handler.MetaServerShutdownHandler", "method": "process", "file_name": "MetaServerShutdownHandler.java", "line_number": 82}, "22": {"package_class": "org.apache.hadoop.hbase.executor.EventHandler", "method": "run", "file_name": "EventHandler.java", "line_number": 175}, "35": {"package_class": "org.apache.hadoop.hbase.ipc.HBaseClient$Connection", "method": "setupIOstreams", "file_name": "HBaseClient.java", "line_number": 425}, "36": {"package_class": "org.apache.hadoop.hbase.ipc.HBaseClient", "method": "getConnection", "file_name": "HBaseClient.java", "line_number": 1127}, "37": {"package_class": "org.apache.hadoop.hbase.ipc.HBaseClient", "method": "call", "file_name": "HBaseClient.java", "line_number": 974}, "38": {"package_class": "org.apache.hadoop.hbase.ipc.WritableRpcEngine$Invoker", "method": "invoke", "file_name": "WritableRpcEngine.java", "line_number": 86}, "40": {"package_class": "org.apache.hadoop.hbase.master.ServerManager", "method": "sendRegionOpen", "file_name": "ServerManager.java", "line_number": 533}, "41": {"package_class": "org.apache.hadoop.hbase.master.AssignmentManager", "method": "assign", "file_name": "AssignmentManager.java", "line_number": 1734}, "42": {"package_class": "org.apache.hadoop.hbase.master.AssignmentManager", "method": "assign", "file_name": "AssignmentManager.java", "line_number": 1431}, "43": {"package_class": "org.apache.hadoop.hbase.master.AssignmentManager", "method": "assign", "file_name": "AssignmentManager.java", "line_number": 1406}, "44": {"package_class": "org.apache.hadoop.hbase.master.AssignmentManager", "method": "assign", "file_name": "AssignmentManager.java", "line_number": 1401}, "45": {"package_class": "org.apache.hadoop.hbase.master.AssignmentManager", "method": "assignRoot", "file_name": "AssignmentManager.java", "line_number": 2374}, "46": {"package_class": "org.apache.hadoop.hbase.master.handler.MetaServerShutdownHandler", "method": "verifyAndAssignRoot", "file_name": "MetaServerShutdownHandler.java", "line_number": 136}, "47": {"package_class": "org.apache.hadoop.hbase.master.handler.MetaServerShutdownHandler", "method": "verifyAndAssignRootWithRetries", "file_name": "MetaServerShutdownHandler.java", "line_number": 160}, "48": {"package_class": "org.apache.hadoop.hbase.master.handler.MetaServerShutdownHandler", "method": "process", "file_name": "MetaServerShutdownHandler.java", "line_number": 82}, "49": {"package_class": "org.apache.hadoop.hbase.executor.EventHandler", "method": "run", "file_name": "EventHandler.java", "line_number": 175}}}