{"logs": {"4": "2013-10-12 10:42:57,067|beaver.machine|INFO|ERROR: Region { meta => hbase:namespace,,1381564449706.a0ac0825ba2d0830614e7f808f31787a., hdfs => hdfs://gs-hdp2-secure-1381559462-hbase-12.cs1cloud.internal:8020/apps/hbase/data/data/hbase/namespace/a0ac0825ba2d0830614e7f808f31787a, deployed =>  } not deployed on any region server.", "5": "2013-10-12 10:42:57,067|beaver.machine|INFO|Trying to fix unassigned region...", "8": "2013-10-12 10:52:35,960 INFO  [RpcServer.handler=4,port=60000] master.HMaster: Client=hbase//172.18.145.105 assign hbase:namespace,,1381564449706.a0ac0825ba2d0830614e7f808f31787a.", "10": "2013-10-12 10:52:35,981 DEBUG [RpcServer.handler=4,port=60000] master.AssignmentManager: Sent CLOSE to gs-hdp2-secure-1381559462-hbase-1.cs1cloud.internal,60020,1381564439794 for region hbase:namespace,,1381564449706.a0ac0825ba2d0830614e7f808f31787a.", "12": "2013-10-12 10:52:36,025 DEBUG [RpcServer.handler=4,port=60000] master.AssignmentManager: No previous transition plan found (or ignoring an existing plan) for hbase:namespace,,1381564449706.a0ac0825ba2d0830614e7f808f31787a.; generated random plan=hri=hbase:namespace,,1381564449706.a0ac0825ba2d0830614e7f808f31787a., src=, dest=gs-hdp2-secure-1381559462-hbase-9.cs1cloud.internal,60020,1381564439807; 4 (online=4, available=4) available servers, forceNewPlan=true", "13": "2013-10-12 10:52:36,026 FATAL [RpcServer.handler=4,port=60000] master.HMaster: Master server abort: loaded coprocessors are: [org.apache.hadoop.hbase.security.access.AccessController]", "14": "2013-10-12 10:52:36,027 FATAL [RpcServer.handler=4,port=60000] master.HMaster: Unexpected state : {a0ac0825ba2d0830614e7f808f31787a state=OPEN, ts=1381564451344, server=gs-hdp2-secure-1381559462-hbase-1.cs1cloud.internal,60020,1381564439794} .. Cannot transit it to OFFLINE."}, "traces": {}, "parsed_logs": {"4": {"class": "beaver.machine", "method": "", "line_number": "", "message": "ERROR: Region { meta => hbase:namespace,,1381564449706.a0ac0825ba2d0830614e7f808f31787a., hdfs => hdfs://gs-hdp2-secure-1381559462-hbase-12.cs1cloud.internal:8020/apps/hbase/data/data/hbase/namespace/a0ac0825ba2d0830614e7f808f31787a, deployed =>  } not deployed on any region server."}, "5": {"class": "beaver.machine", "method": "", "line_number": "", "message": "Trying to fix unassigned region..."}, "8": {"class": "master.HMaster", "method": "", "line_number": "", "message": "Client=hbase//172.18.145.105 assign hbase:namespace,,1381564449706.a0ac0825ba2d0830614e7f808f31787a."}, "10": {"class": "master.AssignmentManager", "method": "", "line_number": "", "message": "Sent CLOSE to gs-hdp2-secure-1381559462-hbase-1.cs1cloud.internal,60020,1381564439794 for region hbase:namespace,,1381564449706.a0ac0825ba2d0830614e7f808f31787a."}, "12": {"class": "master.AssignmentManager", "method": "", "line_number": "", "message": "No previous transition plan found (or ignoring an existing plan) for hbase:namespace,,1381564449706.a0ac0825ba2d0830614e7f808f31787a.; generated random plan=hri=hbase:namespace,,1381564449706.a0ac0825ba2d0830614e7f808f31787a., src=, dest=gs-hdp2-secure-1381559462-hbase-9.cs1cloud.internal,60020,1381564439807; 4 (online=4, available=4) available servers, forceNewPlan=true"}, "13": {"class": "master.HMaster", "method": "", "line_number": "", "message": "Master server abort: loaded coprocessors are: [org.apache.hadoop.hbase.security.access.AccessController]"}, "14": {"class": "master.HMaster", "method": "", "line_number": "", "message": "Unexpected state : {a0ac0825ba2d0830614e7f808f31787a state=OPEN, ts=1381564451344, server=gs-hdp2-secure-1381559462-hbase-1.cs1cloud.internal,60020,1381564439794} .. Cannot transit it to OFFLINE."}}, "parsed_traces": {}}