{"logs": {"0": "WARN org.mortbay.log: Committed before 410 GetImage failed. java.nio.channels.CancelledKeyException", "31": "2010-03-03 23:33:05,598 INFO org.apache.hadoop.hdfs.server.namenode.SecondaryNameNode: Downloaded file fsimage size 2337800192 bytes.", "32": "2010-03-03 23:38:50,550 INFO org.apache.hadoop.hdfs.server.namenode.SecondaryNameNode: Downloaded file edits size 254702213 bytes."}, "traces": {"10": "at org.apache.hadoop.hdfs.server.namenode.TransferFsImage.getFileServer(TransferFsImage.java:127)", "11": "at org.apache.hadoop.hdfs.server.namenode.GetImageServlet.doGet(GetImageServlet.java:49)"}, "parsed_logs": {"0": {"class": "org.mortbay.log", "method": "", "line_number": "", "message": "Committed before 410 GetImage failed. java.nio.channels.CancelledKeyException"}, "31": {"class": "org.apache.hadoop.hdfs.server.namenode.SecondaryNameNode", "method": "", "line_number": "", "message": "Downloaded file fsimage size 2337800192 bytes."}, "32": {"class": "org.apache.hadoop.hdfs.server.namenode.SecondaryNameNode", "method": "", "line_number": "", "message": "Downloaded file edits size 254702213 bytes."}}, "parsed_traces": {"10": {"package_class": "org.apache.hadoop.hdfs.server.namenode.TransferFsImage", "method": "getFileServer", "file_name": "TransferFsImage.java", "line_number": 127}, "11": {"package_class": "org.apache.hadoop.hdfs.server.namenode.GetImageServlet", "method": "doGet", "file_name": "GetImageServlet.java", "line_number": 49}}}