{"logs": {"0": "12/02/06 14:41:27 WARN namenode.FSNamesystem: NameNode low on available disk space. Already in safe mode.", "1": "12/02/06 14:48:00 INFO hdfs.StateChange: STATE* Safe mode is ON. Resources are low on NN. Safe mode must be turned off manually.", "2": "12/02/06 14:48:05 WARN namenode.NameNodeResourceChecker: Space available on volume '/dev/disk0s2' is 0, which is below the configured reserved amount 104857600", "3": "12/02/06 14:48:05 WARN namenode.FSNamesystem: NameNode low on available disk space. Already in safe mode.", "4": "12/02/06 14:48:05 INFO hdfs.StateChange: STATE* Safe mode is ON. Resources are low on NN. Safe mode must be turned off manually.", "5": "12/02/06 14:48:09 ERROR ha.EditLogTailer: Unknown error encountered while tailing edits. Shutting down standby NN.", "15": "12/02/06 14:48:09 INFO namenode.NameNode: SHUTDOWN_MSG:"}, "traces": {"7": "at org.apache.hadoop.hdfs.server.namenode.FileJournalManager.matchEditLogs(FileJournalManager.java:160)", "8": "at org.apache.hadoop.hdfs.server.namenode.FileJournalManager.getLogFiles(FileJournalManager.java:321)", "9": "at org.apache.hadoop.hdfs.server.namenode.FileJournalManager.getNumberOfTransactions(FileJournalManager.java:228)", "10": "at org.apache.hadoop.hdfs.server.namenode.JournalSet.getInputStream(JournalSet.java:216)", "11": "at org.apache.hadoop.hdfs.server.namenode.FSEditLog.selectInputStreams(FSEditLog.java:1074)", "12": "at org.apache.hadoop.hdfs.server.namenode.ha.EditLogTailer.doTailEdits(EditLogTailer.java:204)", "13": "at org.apache.hadoop.hdfs.server.namenode.ha.EditLogTailer.access$600(EditLogTailer.java:57)", "14": "at org.apache.hadoop.hdfs.server.namenode.ha.EditLogTailer$EditLogTailerThread.run(EditLogTailer.java:298)"}, "parsed_logs": {"0": {"class": "namenode.FSNamesystem", "method": "", "line_number": "", "message": "NameNode low on available disk space. Already in safe mode."}, "1": {"class": "hdfs.StateChange", "method": "", "line_number": "", "message": "STATE* Safe mode is ON. Resources are low on NN. Safe mode must be turned off manually."}, "2": {"class": "namenode.NameNodeResourceChecker", "method": "", "line_number": "", "message": "Space available on volume '/dev/disk0s2' is 0, which is below the configured reserved amount 104857600"}, "3": {"class": "namenode.FSNamesystem", "method": "", "line_number": "", "message": "NameNode low on available disk space. Already in safe mode."}, "4": {"class": "hdfs.StateChange", "method": "", "line_number": "", "message": "STATE* Safe mode is ON. Resources are low on NN. Safe mode must be turned off manually."}, "5": {"class": "ha.EditLogTailer", "method": "", "line_number": "", "message": "Unknown error encountered while tailing edits. Shutting down standby NN."}, "15": {"class": "namenode.NameNode", "method": "", "line_number": "", "message": "SHUTDOWN_MSG:"}}, "parsed_traces": {"7": {"package_class": "org.apache.hadoop.hdfs.server.namenode.FileJournalManager", "method": "matchEditLogs", "file_name": "FileJournalManager.java", "line_number": 160}, "8": {"package_class": "org.apache.hadoop.hdfs.server.namenode.FileJournalManager", "method": "getLogFiles", "file_name": "FileJournalManager.java", "line_number": 321}, "9": {"package_class": "org.apache.hadoop.hdfs.server.namenode.FileJournalManager", "method": "getNumberOfTransactions", "file_name": "FileJournalManager.java", "line_number": 228}, "10": {"package_class": "org.apache.hadoop.hdfs.server.namenode.JournalSet", "method": "getInputStream", "file_name": "JournalSet.java", "line_number": 216}, "11": {"package_class": "org.apache.hadoop.hdfs.server.namenode.FSEditLog", "method": "selectInputStreams", "file_name": "FSEditLog.java", "line_number": 1074}, "12": {"package_class": "org.apache.hadoop.hdfs.server.namenode.ha.EditLogTailer", "method": "doTailEdits", "file_name": "EditLogTailer.java", "line_number": 204}, "13": {"package_class": "org.apache.hadoop.hdfs.server.namenode.ha.EditLogTailer", "method": "access$600", "file_name": "EditLogTailer.java", "line_number": 57}, "14": {"package_class": "org.apache.hadoop.hdfs.server.namenode.ha.EditLogTailer$EditLogTailerThread", "method": "run", "file_name": "EditLogTailer.java", "line_number": 298}}}