{"logs": {"0": "012-03-19 13:41:36,905 INFO org.apache.hadoop.hdfs.StateChange: BLOCK NameSystem.addToCorruptReplicasMap: duplicate requested for blk_2903555284838653156 to add as corrupt on XX.XX.XX.XX by /XX.XX.XX.XX because reported RBW replica with genstamp 1002 does not match COMPLETE block's genstamp in block map 1003", "1": "2012-03-19 13:41:39,588 INFO org.apache.hadoop.hdfs.StateChange: BLOCK* Removing block blk_2903555284838653156_1003 from neededReplications as it has enough replicas.", "3": "2012-02-29 13:54:13,126 WARN org.apache.hadoop.hdfs.server.datanode.DataNode: Unexpected error trying to delete block blk_2903555284838653156_1003. BlockInfo not found in volumeMap.", "4": "2012-02-29 13:54:13,126 WARN org.apache.hadoop.hdfs.server.datanode.DataNode: Error processing datanode Command"}, "traces": {"6": "                      at org.apache.hadoop.hdfs.server.datanode.FSDataset.invalidate(FSDataset.java:2061)", "7": "                      at org.apache.hadoop.hdfs.server.datanode.BPOfferService.processCommandFromActive(BPOfferService.java:581)", "8": "                      at org.apache.hadoop.hdfs.server.datanode.BPOfferService.processCommandFromActor(BPOfferService.java:545)", "9": "                      at org.apache.hadoop.hdfs.server.datanode.BPServiceActor.processCommand(BPServiceActor.java:690)", "10": "                      at org.apache.hadoop.hdfs.server.datanode.BPServiceActor.offerService(BPServiceActor.java:522)", "11": "                      at org.apache.hadoop.hdfs.server.datanode.BPServiceActor.run(BPServiceActor.java:662)"}, "parsed_logs": {"0": {"class": "org.apache.hadoop.hdfs.StateChange", "method": "NameSystem.addToCorruptReplicasMap", "line_number": "", "message": "duplicate requested for blk_2903555284838653156 to add as corrupt on XX.XX.XX.XX by /XX.XX.XX.XX because reported RBW replica with genstamp 1002 does not match COMPLETE block's genstamp in block map 1003"}, "1": {"class": "org.apache.hadoop.hdfs.StateChange", "method": "", "line_number": "", "message": "BLOCK* Removing block blk_2903555284838653156_1003 from neededReplications as it has enough replicas."}, "3": {"class": "org.apache.hadoop.hdfs.server.datanode.DataNode", "method": "", "line_number": "", "message": "Unexpected error trying to delete block blk_2903555284838653156_1003. BlockInfo not found in volumeMap."}, "4": {"class": "org.apache.hadoop.hdfs.server.datanode.DataNode", "method": "", "line_number": "", "message": "Error processing datanode Command"}}, "parsed_traces": {"6": {"package_class": "org.apache.hadoop.hdfs.server.datanode.FSDataset", "method": "invalidate", "file_name": "FSDataset.java", "line_number": 2061}, "7": {"package_class": "org.apache.hadoop.hdfs.server.datanode.BPOfferService", "method": "processCommandFromActive", "file_name": "BPOfferService.java", "line_number": 581}, "8": {"package_class": "org.apache.hadoop.hdfs.server.datanode.BPOfferService", "method": "processCommandFromActor", "file_name": "BPOfferService.java", "line_number": 545}, "9": {"package_class": "org.apache.hadoop.hdfs.server.datanode.BPServiceActor", "method": "processCommand", "file_name": "BPServiceActor.java", "line_number": 690}, "10": {"package_class": "org.apache.hadoop.hdfs.server.datanode.BPServiceActor", "method": "offerService", "file_name": "BPServiceActor.java", "line_number": 522}, "11": {"package_class": "org.apache.hadoop.hdfs.server.datanode.BPServiceActor", "method": "run", "file_name": "BPServiceActor.java", "line_number": 662}}}