{"logs": {"0": "2012-04-24 22:06:09,947 INFO  hdfs.DFSClient (DFSOutputStream.java:createBlockOutputStream(1063)) - Exception in createBlockOutputStream", "6": "2012-04-24 22:06:09,947 WARN  hdfs.DFSClient (DFSOutputStream.java:setupPipelineForAppendOrRecovery(916)) - Error Recovery for block BP-1023239-10.18.40.233-1335275282109:blk_296651611851855249_1253 in pipeline *****:50010, ******:50010, *****:50010: bad datanode ******:50010  (DN3)", "8": "2012-04-24 22:06:10,072 WARN  hdfs.DFSClient (DFSOutputStream.java:run(549)) - DataStreamer Exception", "17": "2012-04-24 22:06:10,072 WARN  hdfs.DFSClient (DFSOutputStream.java:hflush(1515)) - Error while syncing", "32": "2012-05-17 15:39:12,261 ERROR datanode.DataNode (DataXceiver.java:run(193)) - host0.foo.com:49744:DataXceiver error processing TRANSFER_BLOCK operation  src: /127.0.0.1:49811 dest: /127.0.0.1:49744"}, "traces": {"2": "                      at org.apache.hadoop.hdfs.DFSOutputStream$DataStreamer.createBlockOutputStream(DFSOutputStream.java:1053)", "3": "                      at org.apache.hadoop.hdfs.DFSOutputStream$DataStreamer.setupPipelineForAppendOrRecovery(DFSOutputStream.java:943)", "4": "                      at org.apache.hadoop.hdfs.DFSOutputStream$DataStreamer.run(DFSOutputStream.java:461)", "10": "                      at org.apache.hadoop.hdfs.protocol.HdfsProtoUtil.vintPrefixed(HdfsProtoUtil.java:162)", "11": "                      at org.apache.hadoop.hdfs.DFSOutputStream$DataStreamer.transfer(DFSOutputStream.java:866)", "12": "                      at org.apache.hadoop.hdfs.DFSOutputStream$DataStreamer.addDatanode2ExistingPipeline(DFSOutputStream.java:843)", "13": "                      at org.apache.hadoop.hdfs.DFSOutputStream$DataStreamer.setupPipelineForAppendOrRecovery(DFSOutputStream.java:934)", "14": "                      at org.apache.hadoop.hdfs.DFSOutputStream$DataStreamer.run(DFSOutputStream.java:461)", "19": "                      at org.apache.hadoop.hdfs.protocol.HdfsProtoUtil.vintPrefixed(HdfsProtoUtil.java:162)", "20": "                      at org.apache.hadoop.hdfs.DFSOutputStream$DataStreamer.transfer(DFSOutputStream.java:866)", "21": "                      at org.apache.hadoop.hdfs.DFSOutputStream$DataStreamer.addDatanode2ExistingPipeline(DFSOutputStream.java:843)", "22": "                      at org.apache.hadoop.hdfs.DFSOutputStream$DataStreamer.setupPipelineForAppendOrRecovery(DFSOutputStream.java:934)", "23": "                      at org.apache.hadoop.hdfs.DFSOutputStream$DataStreamer.run(DFSOutputStream.java:461)", "25": "                      at org.apache.hadoop.hdfs.protocol.HdfsProtoUtil.vintPrefixed(HdfsProtoUtil.java:162)", "26": "                      at org.apache.hadoop.hdfs.DFSOutputStream$DataStreamer.transfer(DFSOutputStream.java:866)", "27": "                      at org.apache.hadoop.hdfs.DFSOutputStream$DataStreamer.addDatanode2ExistingPipeline(DFSOutputStream.java:843)", "28": "                      at org.apache.hadoop.hdfs.DFSOutputStream$DataStreamer.setupPipelineForAppendOrRecovery(DFSOutputStream.java:934)", "29": "                      at org.apache.hadoop.hdfs.DFSOutputStream$DataStreamer.run(DFSOutputStream.java:461)", "41": "at org.apache.hadoop.hdfs.server.datanode.DataNode.transferReplicaForPipelineRecovery(DataNode.java:2038)", "42": "                      at org.apache.hadoop.hdfs.server.datanode.DataXceiver.transferBlock(DataXceiver.java:525)", "43": "                      at org.apache.hadoop.hdfs.protocol.datatransfer.Receiver.opTransferBlock(Receiver.java:114)", "44": "                      at org.apache.hadoop.hdfs.protocol.datatransfer.Receiver.processOp(Receiver.java:78)", "45": "                      at org.apache.hadoop.hdfs.server.datanode.DataXceiver.run(DataXceiver.java:189)"}, "parsed_logs": {"0": {"class": "hdfs.DFSClient", "method": "createBlockOutputStream", "line_number": "1063", "message": "Exception in createBlockOutputStream"}, "6": {"class": "hdfs.DFSClient", "method": "setupPipelineForAppendOrRecovery", "line_number": "916", "message": "Error Recovery for block BP-1023239-10.18.40.233-1335275282109:blk_296651611851855249_1253 in pipeline *****:50010, ******:50010, *****:50010: bad datanode ******:50010  (DN3)"}, "8": {"class": "hdfs.DFSClient", "method": "run", "line_number": "549", "message": "DataStreamer Exception"}, "17": {"class": "hdfs.DFSClient", "method": "hflush", "line_number": "1515", "message": "Error while syncing"}, "32": {"class": "datanode.DataNode", "method": "run", "line_number": "193", "message": "host0.foo.com:49744:DataXceiver error processing TRANSFER_BLOCK operation src: /127.0.0.1:49811 dest: /127.0.0.1:49744"}}, "parsed_traces": {"2": {"package_class": "org.apache.hadoop.hdfs.DFSOutputStream$DataStreamer", "method": "createBlockOutputStream", "file_name": "DFSOutputStream.java", "line_number": 1053}, "3": {"package_class": "org.apache.hadoop.hdfs.DFSOutputStream$DataStreamer", "method": "setupPipelineForAppendOrRecovery", "file_name": "DFSOutputStream.java", "line_number": 943}, "4": {"package_class": "org.apache.hadoop.hdfs.DFSOutputStream$DataStreamer", "method": "run", "file_name": "DFSOutputStream.java", "line_number": 461}, "10": {"package_class": "org.apache.hadoop.hdfs.protocol.HdfsProtoUtil", "method": "vintPrefixed", "file_name": "HdfsProtoUtil.java", "line_number": 162}, "11": {"package_class": "org.apache.hadoop.hdfs.DFSOutputStream$DataStreamer", "method": "transfer", "file_name": "DFSOutputStream.java", "line_number": 866}, "12": {"package_class": "org.apache.hadoop.hdfs.DFSOutputStream$DataStreamer", "method": "addDatanode2ExistingPipeline", "file_name": "DFSOutputStream.java", "line_number": 843}, "13": {"package_class": "org.apache.hadoop.hdfs.DFSOutputStream$DataStreamer", "method": "setupPipelineForAppendOrRecovery", "file_name": "DFSOutputStream.java", "line_number": 934}, "14": {"package_class": "org.apache.hadoop.hdfs.DFSOutputStream$DataStreamer", "method": "run", "file_name": "DFSOutputStream.java", "line_number": 461}, "19": {"package_class": "org.apache.hadoop.hdfs.protocol.HdfsProtoUtil", "method": "vintPrefixed", "file_name": "HdfsProtoUtil.java", "line_number": 162}, "20": {"package_class": "org.apache.hadoop.hdfs.DFSOutputStream$DataStreamer", "method": "transfer", "file_name": "DFSOutputStream.java", "line_number": 866}, "21": {"package_class": "org.apache.hadoop.hdfs.DFSOutputStream$DataStreamer", "method": "addDatanode2ExistingPipeline", "file_name": "DFSOutputStream.java", "line_number": 843}, "22": {"package_class": "org.apache.hadoop.hdfs.DFSOutputStream$DataStreamer", "method": "setupPipelineForAppendOrRecovery", "file_name": "DFSOutputStream.java", "line_number": 934}, "23": {"package_class": "org.apache.hadoop.hdfs.DFSOutputStream$DataStreamer", "method": "run", "file_name": "DFSOutputStream.java", "line_number": 461}, "25": {"package_class": "org.apache.hadoop.hdfs.protocol.HdfsProtoUtil", "method": "vintPrefixed", "file_name": "HdfsProtoUtil.java", "line_number": 162}, "26": {"package_class": "org.apache.hadoop.hdfs.DFSOutputStream$DataStreamer", "method": "transfer", "file_name": "DFSOutputStream.java", "line_number": 866}, "27": {"package_class": "org.apache.hadoop.hdfs.DFSOutputStream$DataStreamer", "method": "addDatanode2ExistingPipeline", "file_name": "DFSOutputStream.java", "line_number": 843}, "28": {"package_class": "org.apache.hadoop.hdfs.DFSOutputStream$DataStreamer", "method": "setupPipelineForAppendOrRecovery", "file_name": "DFSOutputStream.java", "line_number": 934}, "29": {"package_class": "org.apache.hadoop.hdfs.DFSOutputStream$DataStreamer", "method": "run", "file_name": "DFSOutputStream.java", "line_number": 461}, "41": {"package_class": "org.apache.hadoop.hdfs.server.datanode.DataNode", "method": "transferReplicaForPipelineRecovery", "file_name": "DataNode.java", "line_number": 2038}, "42": {"package_class": "org.apache.hadoop.hdfs.server.datanode.DataXceiver", "method": "transferBlock", "file_name": "DataXceiver.java", "line_number": 525}, "43": {"package_class": "org.apache.hadoop.hdfs.protocol.datatransfer.Receiver", "method": "opTransferBlock", "file_name": "Receiver.java", "line_number": 114}, "44": {"package_class": "org.apache.hadoop.hdfs.protocol.datatransfer.Receiver", "method": "processOp", "file_name": "Receiver.java", "line_number": 78}, "45": {"package_class": "org.apache.hadoop.hdfs.server.datanode.DataXceiver", "method": "run", "file_name": "DataXceiver.java", "line_number": 189}}}