{"logs": {"0": "2012-09-25 04:33:20,782 INFO org.apache.hadoop.hdfs.server.datanode.DataNode: For namenode svsrs00127/11.164.162.226:8020 using DELETEREPORT_INTERVAL of 300000 msec", "3": "2012-09-25 04:33:20,782 ERROR org.apache.hadoop.hdfs.server.datanode.DataNode: Exception in BPOfferService for Block pool BP-1678908700-11.164.162.226-1342785481826 (storage id DS-1031100678-11.164.162.251-5010-1341933415989) service to svsrs00127/11.164.162.226:8020"}, "traces": {"5": "            at org.apache.hadoop.hdfs.server.datanode.BPServiceActor.sendHeartBeat(BPServiceActor.java:434)", "6": "            at org.apache.hadoop.hdfs.server.datanode.BPServiceActor.offerService(BPServiceActor.java:520)", "7": "            at org.apache.hadoop.hdfs.server.datanode.BPServiceActor.run(BPServiceActor.java:673)"}, "parsed_logs": {"0": {"class": "org.apache.hadoop.hdfs.server.datanode.DataNode", "method": "", "line_number": "", "message": "For namenode svsrs00127/11.164.162.226:8020 using DELETEREPORT_INTERVAL of 300000 msec"}, "3": {"class": "org.apache.hadoop.hdfs.server.datanode.DataNode", "method": "", "line_number": "", "message": "Exception in BPOfferService for Block pool BP-1678908700-11.164.162.226-1342785481826 (storage id DS-1031100678-11.164.162.251-5010-1341933415989) service to svsrs00127/11.164.162.226:8020"}}, "parsed_traces": {"5": {"package_class": "org.apache.hadoop.hdfs.server.datanode.BPServiceActor", "method": "sendHeartBeat", "file_name": "BPServiceActor.java", "line_number": 434}, "6": {"package_class": "org.apache.hadoop.hdfs.server.datanode.BPServiceActor", "method": "offerService", "file_name": "BPServiceActor.java", "line_number": 520}, "7": {"package_class": "org.apache.hadoop.hdfs.server.datanode.BPServiceActor", "method": "run", "file_name": "BPServiceActor.java", "line_number": 673}}}