{"logs": {"0": "2012-12-14 16:30:36,818 WARN  hdfs.DFSClient (DFSOutputStream.java:run(562)) - DataStreamer Exception"}, "traces": {"2": "  at org.apache.hadoop.hdfs.DFSOutputStream$DataStreamer.findNewDatanode(DFSOutputStream.java:792)", "3": "  at org.apache.hadoop.hdfs.DFSOutputStream$DataStreamer.addDatanode2ExistingPipeline(DFSOutputStream.java:852)", "4": "  at org.apache.hadoop.hdfs.DFSOutputStream$DataStreamer.setupPipelineForAppendOrRecovery(DFSOutputStream.java:958)", "5": "  at org.apache.hadoop.hdfs.DFSOutputStream$DataStreamer.run(DFSOutputStream.java:469)", "10": "  at org.apache.hadoop.hdfs.server.datanode.DataNode.initStorage(DataNode.java:850)", "11": "  at org.apache.hadoop.hdfs.server.datanode.DataNode.initBlockPool(DataNode.java:819)", "12": "  at org.apache.hadoop.hdfs.server.datanode.BPOfferService.verifyAndSetNamespaceInfo(BPOfferService.java:308)", "13": "  at org.apache.hadoop.hdfs.server.datanode.BPServiceActor.connectToNNAndHandshake(BPServiceActor.java:218)", "14": "  at org.apache.hadoop.hdfs.server.datanode.BPServiceActor.run(BPServiceActor.java:660)"}, "parsed_logs": {"0": {"class": "hdfs.DFSClient", "method": "run", "line_number": "562", "message": "DataStreamer Exception"}}, "parsed_traces": {"2": {"package_class": "org.apache.hadoop.hdfs.DFSOutputStream$DataStreamer", "method": "findNewDatanode", "file_name": "DFSOutputStream.java", "line_number": 792}, "3": {"package_class": "org.apache.hadoop.hdfs.DFSOutputStream$DataStreamer", "method": "addDatanode2ExistingPipeline", "file_name": "DFSOutputStream.java", "line_number": 852}, "4": {"package_class": "org.apache.hadoop.hdfs.DFSOutputStream$DataStreamer", "method": "setupPipelineForAppendOrRecovery", "file_name": "DFSOutputStream.java", "line_number": 958}, "5": {"package_class": "org.apache.hadoop.hdfs.DFSOutputStream$DataStreamer", "method": "run", "file_name": "DFSOutputStream.java", "line_number": 469}, "10": {"package_class": "org.apache.hadoop.hdfs.server.datanode.DataNode", "method": "initStorage", "file_name": "DataNode.java", "line_number": 850}, "11": {"package_class": "org.apache.hadoop.hdfs.server.datanode.DataNode", "method": "initBlockPool", "file_name": "DataNode.java", "line_number": 819}, "12": {"package_class": "org.apache.hadoop.hdfs.server.datanode.BPOfferService", "method": "verifyAndSetNamespaceInfo", "file_name": "BPOfferService.java", "line_number": 308}, "13": {"package_class": "org.apache.hadoop.hdfs.server.datanode.BPServiceActor", "method": "connectToNNAndHandshake", "file_name": "BPServiceActor.java", "line_number": 218}, "14": {"package_class": "org.apache.hadoop.hdfs.server.datanode.BPServiceActor", "method": "run", "file_name": "BPServiceActor.java", "line_number": 660}}}