{"logs": {"0": "2013-01-12 09:51:21,248 DEBUG ipc.Client (Client.java:setupIOstreams(562)) - Connecting to /160.161.0.155:8020", "2": "2013-01-12 09:51:38,442 DEBUG ipc.Client (Client.java:close(932)) - closing ipc connection to vm2/160.161.0.155:8020: 10000 millis timeout while waiting for channel to be ready for connect. ch : java.nio.channels.SocketChannel[connection-pending remote=/160.161.0.155:8020]", "33": "2013-01-12 09:51:38,443 DEBUG ipc.Client (Client.java:close(940)) - IPC Client (31594013) connection to /160.161.0.155:8020 from hdfs/hadoop@HADOOP.COM: closed", "35": "2013-01-12 09:52:47,834 WARN retry.RetryInvocationHandler (RetryInvocationHandler.java:invoke(95)) - Exception while invoking class org.apache.hadoop.hdfs.protocolPB.ClientNamenodeProtocolTranslatorPB.create. Not retrying because the invoked method is not idempotent, and unable to determine whether it was invoked", "103": "2013-01-12 09:54:52,269 DEBUG ipc.Client (Client.java:stop(1021)) - Stopping client"}, "traces": {"4": "at org.apache.hadoop.net.SocketIOWithTimeout.connect(SocketIOWithTimeout.java:213)", "5": "at org.apache.hadoop.net.NetUtils.connect(NetUtils.java:524)", "6": "at org.apache.hadoop.net.NetUtils.connect(NetUtils.java:489)", "7": "at org.apache.hadoop.ipc.Client$Connection.setupConnection(Client.java:474)", "8": "at org.apache.hadoop.ipc.Client$Connection.setupIOstreams(Client.java:568)", "9": "at org.apache.hadoop.ipc.Client$Connection.access$2000(Client.java:217)", "10": "at org.apache.hadoop.ipc.Client.getConnection(Client.java:1286)", "11": "at org.apache.hadoop.ipc.Client.call(Client.java:1156)", "12": "at org.apache.hadoop.ipc.ProtobufRpcEngine$Invoker.invoke(ProtobufRpcEngine.java:184)", "14": "at org.apache.hadoop.hdfs.protocolPB.ClientNamenodeProtocolTranslatorPB.create(ClientNamenodeProtocolTranslatorPB.java:187)", "19": "at org.apache.hadoop.io.retry.RetryInvocationHandler.invokeMethod(RetryInvocationHandler.java:165)", "20": "at org.apache.hadoop.io.retry.RetryInvocationHandler.invoke(RetryInvocationHandler.java:84)", "22": "at org.apache.hadoop.hdfs.DFSOutputStream.<init>(DFSOutputStream.java:1261)", "23": "at org.apache.hadoop.hdfs.DFSOutputStream.newStreamForCreate(DFSOutputStream.java:1280)", "24": "at org.apache.hadoop.hdfs.DFSClient.create(DFSClient.java:1128)", "25": "at org.apache.hadoop.hdfs.DFSClient.create(DFSClient.java:1086)", "26": "at org.apache.hadoop.hdfs.DistributedFileSystem.create(DistributedFileSystem.java:232)", "27": "at org.apache.hadoop.hdfs.DistributedFileSystem.create(DistributedFileSystem.java:75)", "28": "at org.apache.hadoop.fs.FileSystem.create(FileSystem.java:806)", "29": "at org.apache.hadoop.fs.FileSystem.create(FileSystem.java:787)", "30": "at org.apache.hadoop.fs.FileSystem.create(FileSystem.java:715)", "37": "at org.apache.hadoop.net.NetUtils.wrapException(NetUtils.java:743)", "38": "at org.apache.hadoop.ipc.Client.call(Client.java:1180)", "39": "at org.apache.hadoop.ipc.ProtobufRpcEngine$Invoker.invoke(ProtobufRpcEngine.java:184)", "41": "at org.apache.hadoop.hdfs.protocolPB.ClientNamenodeProtocolTranslatorPB.create(ClientNamenodeProtocolTranslatorPB.java:187)", "46": "at org.apache.hadoop.io.retry.RetryInvocationHandler.invokeMethod(RetryInvocationHandler.java:165)", "47": "at org.apache.hadoop.io.retry.RetryInvocationHandler.invoke(RetryInvocationHandler.java:84)", "49": "at org.apache.hadoop.hdfs.DFSOutputStream.<init>(DFSOutputStream.java:1261)", "50": "at org.apache.hadoop.hdfs.DFSOutputStream.newStreamForCreate(DFSOutputStream.java:1280)", "51": "at org.apache.hadoop.hdfs.DFSClient.create(DFSClient.java:1128)", "52": "at org.apache.hadoop.hdfs.DFSClient.create(DFSClient.java:1086)", "53": "at org.apache.hadoop.hdfs.DistributedFileSystem.create(DistributedFileSystem.java:232)", "54": "at org.apache.hadoop.hdfs.DistributedFileSystem.create(DistributedFileSystem.java:75)", "55": "at org.apache.hadoop.fs.FileSystem.create(FileSystem.java:806)", "56": "at org.apache.hadoop.fs.FileSystem.create(FileSystem.java:787)", "57": "at org.apache.hadoop.fs.FileSystem.create(FileSystem.java:715)", "60": "at org.apache.hadoop.net.SocketIOWithTimeout.connect(SocketIOWithTimeout.java:213)", "61": "at org.apache.hadoop.net.NetUtils.connect(NetUtils.java:524)", "62": "at org.apache.hadoop.net.NetUtils.connect(NetUtils.java:489)", "63": "at org.apache.hadoop.ipc.Client$Connection.setupConnection(Client.java:474)", "64": "at org.apache.hadoop.ipc.Client$Connection.setupIOstreams(Client.java:568)", "65": "at org.apache.hadoop.ipc.Client$Connection.access$2000(Client.java:217)", "66": "at org.apache.hadoop.ipc.Client.getConnection(Client.java:1286)", "67": "at org.apache.hadoop.ipc.Client.call(Client.java:1156)", "70": "at org.apache.hadoop.net.NetUtils.wrapException(NetUtils.java:743)", "71": "at org.apache.hadoop.ipc.Client.call(Client.java:1180)", "72": "at org.apache.hadoop.ipc.ProtobufRpcEngine$Invoker.invoke(ProtobufRpcEngine.java:184)", "74": "at org.apache.hadoop.hdfs.protocolPB.ClientNamenodeProtocolTranslatorPB.create(ClientNamenodeProtocolTranslatorPB.java:187)", "79": "at org.apache.hadoop.io.retry.RetryInvocationHandler.invokeMethod(RetryInvocationHandler.java:165)", "80": "at org.apache.hadoop.io.retry.RetryInvocationHandler.invoke(RetryInvocationHandler.java:84)", "82": "at org.apache.hadoop.hdfs.DFSOutputStream.<init>(DFSOutputStream.java:1261)", "83": "at org.apache.hadoop.hdfs.DFSOutputStream.newStreamForCreate(DFSOutputStream.java:1280)", "84": "at org.apache.hadoop.hdfs.DFSClient.create(DFSClient.java:1128)", "85": "at org.apache.hadoop.hdfs.DFSClient.create(DFSClient.java:1086)", "86": "at org.apache.hadoop.hdfs.DistributedFileSystem.create(DistributedFileSystem.java:232)", "87": "at org.apache.hadoop.hdfs.DistributedFileSystem.create(DistributedFileSystem.java:75)", "88": "at org.apache.hadoop.fs.FileSystem.create(FileSystem.java:806)", "89": "at org.apache.hadoop.fs.FileSystem.create(FileSystem.java:787)", "90": "at org.apache.hadoop.fs.FileSystem.create(FileSystem.java:715)", "93": "at org.apache.hadoop.net.SocketIOWithTimeout.connect(SocketIOWithTimeout.java:213)", "94": "at org.apache.hadoop.net.NetUtils.connect(NetUtils.java:524)", "95": "at org.apache.hadoop.net.NetUtils.connect(NetUtils.java:489)", "96": "at org.apache.hadoop.ipc.Client$Connection.setupConnection(Client.java:474)", "97": "at org.apache.hadoop.ipc.Client$Connection.setupIOstreams(Client.java:568)", "98": "at org.apache.hadoop.ipc.Client$Connection.access$2000(Client.java:217)", "99": "at org.apache.hadoop.ipc.Client.getConnection(Client.java:1286)", "100": "at org.apache.hadoop.ipc.Client.call(Client.java:1156)"}, "parsed_logs": {"0": {"class": "ipc.Client", "method": "setupIOstreams", "line_number": "562", "message": "Connecting to /160.161.0.155:8020"}, "2": {"class": "ipc.Client", "method": "close", "line_number": "932", "message": "closing ipc connection to vm2/160.161.0.155:8020: 10000 millis timeout while waiting for channel to be ready for connect. ch : java.nio.channels.SocketChannel[connection-pending remote=/160.161.0.155:8020]"}, "33": {"class": "ipc.Client", "method": "close", "line_number": "940", "message": "IPC Client (31594013) connection to /160.161.0.155:8020 from hdfs/hadoop@HADOOP.COM: closed"}, "35": {"class": "retry.RetryInvocationHandler", "method": "invoke", "line_number": "95", "message": "Exception while invoking class org.apache.hadoop.hdfs.protocolPB.ClientNamenodeProtocolTranslatorPB.create. Not retrying because the invoked method is not idempotent, and unable to determine whether it was invoked"}, "103": {"class": "ipc.Client", "method": "stop", "line_number": "1021", "message": "Stopping client"}}, "parsed_traces": {"4": {"package_class": "org.apache.hadoop.net.SocketIOWithTimeout", "method": "connect", "file_name": "SocketIOWithTimeout.java", "line_number": 213}, "5": {"package_class": "org.apache.hadoop.net.NetUtils", "method": "connect", "file_name": "NetUtils.java", "line_number": 524}, "6": {"package_class": "org.apache.hadoop.net.NetUtils", "method": "connect", "file_name": "NetUtils.java", "line_number": 489}, "7": {"package_class": "org.apache.hadoop.ipc.Client$Connection", "method": "setupConnection", "file_name": "Client.java", "line_number": 474}, "8": {"package_class": "org.apache.hadoop.ipc.Client$Connection", "method": "setupIOstreams", "file_name": "Client.java", "line_number": 568}, "9": {"package_class": "org.apache.hadoop.ipc.Client$Connection", "method": "access$2000", "file_name": "Client.java", "line_number": 217}, "10": {"package_class": "org.apache.hadoop.ipc.Client", "method": "getConnection", "file_name": "Client.java", "line_number": 1286}, "11": {"package_class": "org.apache.hadoop.ipc.Client", "method": "call", "file_name": "Client.java", "line_number": 1156}, "12": {"package_class": "org.apache.hadoop.ipc.ProtobufRpcEngine$Invoker", "method": "invoke", "file_name": "ProtobufRpcEngine.java", "line_number": 184}, "14": {"package_class": "org.apache.hadoop.hdfs.protocolPB.ClientNamenodeProtocolTranslatorPB", "method": "create", "file_name": "ClientNamenodeProtocolTranslatorPB.java", "line_number": 187}, "19": {"package_class": "org.apache.hadoop.io.retry.RetryInvocationHandler", "method": "invokeMethod", "file_name": "RetryInvocationHandler.java", "line_number": 165}, "20": {"package_class": "org.apache.hadoop.io.retry.RetryInvocationHandler", "method": "invoke", "file_name": "RetryInvocationHandler.java", "line_number": 84}, "22": {"package_class": "org.apache.hadoop.hdfs.DFSOutputStream", "method": "<init>", "file_name": "DFSOutputStream.java", "line_number": 1261}, "23": {"package_class": "org.apache.hadoop.hdfs.DFSOutputStream", "method": "newStreamForCreate", "file_name": "DFSOutputStream.java", "line_number": 1280}, "24": {"package_class": "org.apache.hadoop.hdfs.DFSClient", "method": "create", "file_name": "DFSClient.java", "line_number": 1128}, "25": {"package_class": "org.apache.hadoop.hdfs.DFSClient", "method": "create", "file_name": "DFSClient.java", "line_number": 1086}, "26": {"package_class": "org.apache.hadoop.hdfs.DistributedFileSystem", "method": "create", "file_name": "DistributedFileSystem.java", "line_number": 232}, "27": {"package_class": "org.apache.hadoop.hdfs.DistributedFileSystem", "method": "create", "file_name": "DistributedFileSystem.java", "line_number": 75}, "28": {"package_class": "org.apache.hadoop.fs.FileSystem", "method": "create", "file_name": "FileSystem.java", "line_number": 806}, "29": {"package_class": "org.apache.hadoop.fs.FileSystem", "method": "create", "file_name": "FileSystem.java", "line_number": 787}, "30": {"package_class": "org.apache.hadoop.fs.FileSystem", "method": "create", "file_name": "FileSystem.java", "line_number": 715}, "37": {"package_class": "org.apache.hadoop.net.NetUtils", "method": "wrapException", "file_name": "NetUtils.java", "line_number": 743}, "38": {"package_class": "org.apache.hadoop.ipc.Client", "method": "call", "file_name": "Client.java", "line_number": 1180}, "39": {"package_class": "org.apache.hadoop.ipc.ProtobufRpcEngine$Invoker", "method": "invoke", "file_name": "ProtobufRpcEngine.java", "line_number": 184}, "41": {"package_class": "org.apache.hadoop.hdfs.protocolPB.ClientNamenodeProtocolTranslatorPB", "method": "create", "file_name": "ClientNamenodeProtocolTranslatorPB.java", "line_number": 187}, "46": {"package_class": "org.apache.hadoop.io.retry.RetryInvocationHandler", "method": "invokeMethod", "file_name": "RetryInvocationHandler.java", "line_number": 165}, "47": {"package_class": "org.apache.hadoop.io.retry.RetryInvocationHandler", "method": "invoke", "file_name": "RetryInvocationHandler.java", "line_number": 84}, "49": {"package_class": "org.apache.hadoop.hdfs.DFSOutputStream", "method": "<init>", "file_name": "DFSOutputStream.java", "line_number": 1261}, "50": {"package_class": "org.apache.hadoop.hdfs.DFSOutputStream", "method": "newStreamForCreate", "file_name": "DFSOutputStream.java", "line_number": 1280}, "51": {"package_class": "org.apache.hadoop.hdfs.DFSClient", "method": "create", "file_name": "DFSClient.java", "line_number": 1128}, "52": {"package_class": "org.apache.hadoop.hdfs.DFSClient", "method": "create", "file_name": "DFSClient.java", "line_number": 1086}, "53": {"package_class": "org.apache.hadoop.hdfs.DistributedFileSystem", "method": "create", "file_name": "DistributedFileSystem.java", "line_number": 232}, "54": {"package_class": "org.apache.hadoop.hdfs.DistributedFileSystem", "method": "create", "file_name": "DistributedFileSystem.java", "line_number": 75}, "55": {"package_class": "org.apache.hadoop.fs.FileSystem", "method": "create", "file_name": "FileSystem.java", "line_number": 806}, "56": {"package_class": "org.apache.hadoop.fs.FileSystem", "method": "create", "file_name": "FileSystem.java", "line_number": 787}, "57": {"package_class": "org.apache.hadoop.fs.FileSystem", "method": "create", "file_name": "FileSystem.java", "line_number": 715}, "60": {"package_class": "org.apache.hadoop.net.SocketIOWithTimeout", "method": "connect", "file_name": "SocketIOWithTimeout.java", "line_number": 213}, "61": {"package_class": "org.apache.hadoop.net.NetUtils", "method": "connect", "file_name": "NetUtils.java", "line_number": 524}, "62": {"package_class": "org.apache.hadoop.net.NetUtils", "method": "connect", "file_name": "NetUtils.java", "line_number": 489}, "63": {"package_class": "org.apache.hadoop.ipc.Client$Connection", "method": "setupConnection", "file_name": "Client.java", "line_number": 474}, "64": {"package_class": "org.apache.hadoop.ipc.Client$Connection", "method": "setupIOstreams", "file_name": "Client.java", "line_number": 568}, "65": {"package_class": "org.apache.hadoop.ipc.Client$Connection", "method": "access$2000", "file_name": "Client.java", "line_number": 217}, "66": {"package_class": "org.apache.hadoop.ipc.Client", "method": "getConnection", "file_name": "Client.java", "line_number": 1286}, "67": {"package_class": "org.apache.hadoop.ipc.Client", "method": "call", "file_name": "Client.java", "line_number": 1156}, "70": {"package_class": "org.apache.hadoop.net.NetUtils", "method": "wrapException", "file_name": "NetUtils.java", "line_number": 743}, "71": {"package_class": "org.apache.hadoop.ipc.Client", "method": "call", "file_name": "Client.java", "line_number": 1180}, "72": {"package_class": "org.apache.hadoop.ipc.ProtobufRpcEngine$Invoker", "method": "invoke", "file_name": "ProtobufRpcEngine.java", "line_number": 184}, "74": {"package_class": "org.apache.hadoop.hdfs.protocolPB.ClientNamenodeProtocolTranslatorPB", "method": "create", "file_name": "ClientNamenodeProtocolTranslatorPB.java", "line_number": 187}, "79": {"package_class": "org.apache.hadoop.io.retry.RetryInvocationHandler", "method": "invokeMethod", "file_name": "RetryInvocationHandler.java", "line_number": 165}, "80": {"package_class": "org.apache.hadoop.io.retry.RetryInvocationHandler", "method": "invoke", "file_name": "RetryInvocationHandler.java", "line_number": 84}, "82": {"package_class": "org.apache.hadoop.hdfs.DFSOutputStream", "method": "<init>", "file_name": "DFSOutputStream.java", "line_number": 1261}, "83": {"package_class": "org.apache.hadoop.hdfs.DFSOutputStream", "method": "newStreamForCreate", "file_name": "DFSOutputStream.java", "line_number": 1280}, "84": {"package_class": "org.apache.hadoop.hdfs.DFSClient", "method": "create", "file_name": "DFSClient.java", "line_number": 1128}, "85": {"package_class": "org.apache.hadoop.hdfs.DFSClient", "method": "create", "file_name": "DFSClient.java", "line_number": 1086}, "86": {"package_class": "org.apache.hadoop.hdfs.DistributedFileSystem", "method": "create", "file_name": "DistributedFileSystem.java", "line_number": 232}, "87": {"package_class": "org.apache.hadoop.hdfs.DistributedFileSystem", "method": "create", "file_name": "DistributedFileSystem.java", "line_number": 75}, "88": {"package_class": "org.apache.hadoop.fs.FileSystem", "method": "create", "file_name": "FileSystem.java", "line_number": 806}, "89": {"package_class": "org.apache.hadoop.fs.FileSystem", "method": "create", "file_name": "FileSystem.java", "line_number": 787}, "90": {"package_class": "org.apache.hadoop.fs.FileSystem", "method": "create", "file_name": "FileSystem.java", "line_number": 715}, "93": {"package_class": "org.apache.hadoop.net.SocketIOWithTimeout", "method": "connect", "file_name": "SocketIOWithTimeout.java", "line_number": 213}, "94": {"package_class": "org.apache.hadoop.net.NetUtils", "method": "connect", "file_name": "NetUtils.java", "line_number": 524}, "95": {"package_class": "org.apache.hadoop.net.NetUtils", "method": "connect", "file_name": "NetUtils.java", "line_number": 489}, "96": {"package_class": "org.apache.hadoop.ipc.Client$Connection", "method": "setupConnection", "file_name": "Client.java", "line_number": 474}, "97": {"package_class": "org.apache.hadoop.ipc.Client$Connection", "method": "setupIOstreams", "file_name": "Client.java", "line_number": 568}, "98": {"package_class": "org.apache.hadoop.ipc.Client$Connection", "method": "access$2000", "file_name": "Client.java", "line_number": 217}, "99": {"package_class": "org.apache.hadoop.ipc.Client", "method": "getConnection", "file_name": "Client.java", "line_number": 1286}, "100": {"package_class": "org.apache.hadoop.ipc.Client", "method": "call", "file_name": "Client.java", "line_number": 1156}}}