{"logs": {"0": "2012-xx-yy 00:00:00,000 [IPC Server handler 00 on 0000] INFO"}, "traces": {"6": "at org.apache.hadoop.hdfs.server.namenode.FSEditLog.startLogSegment(FSEditLog.java:840)", "7": "at org.apache.hadoop.hdfs.server.namenode.FSEditLog.rollEditLog(FSEditLog.java:802)", "8": "at org.apache.hadoop.hdfs.server.namenode.FSImage.rollEditLog(FSImage.java:911)", "9": "at org.apache.hadoop.hdfs.server.namenode.FSNamesystem.rollEditLog(FSNamesystem.java:3494)", "10": "at org.apache.hadoop.hdfs.server.namenode.NameNodeRpcServer.rollEditLog(NameNodeRpcServer.java:644)", "14": "at org.apache.hadoop.ipc.WritableRpcEngine$Server.call(WritableRpcEngine.java:394)", "15": "at org.apache.hadoop.ipc.Server$Handler$1.run(Server.java:1530)", "16": "at org.apache.hadoop.ipc.Server$Handler$1.run(Server.java:1526)", "19": "at org.apache.hadoop.security.UserGroupInformation.doAs(UserGroupInformation.java:1212)", "20": "at org.apache.hadoop.ipc.Server$Handler.run(Server.java:1524)"}, "parsed_logs": {"0": {"class": "", "method": "", "line_number": "", "message": ""}}, "parsed_traces": {"6": {"package_class": "org.apache.hadoop.hdfs.server.namenode.FSEditLog", "method": "startLogSegment", "file_name": "FSEditLog.java", "line_number": 840}, "7": {"package_class": "org.apache.hadoop.hdfs.server.namenode.FSEditLog", "method": "rollEditLog", "file_name": "FSEditLog.java", "line_number": 802}, "8": {"package_class": "org.apache.hadoop.hdfs.server.namenode.FSImage", "method": "rollEditLog", "file_name": "FSImage.java", "line_number": 911}, "9": {"package_class": "org.apache.hadoop.hdfs.server.namenode.FSNamesystem", "method": "rollEditLog", "file_name": "FSNamesystem.java", "line_number": 3494}, "10": {"package_class": "org.apache.hadoop.hdfs.server.namenode.NameNodeRpcServer", "method": "rollEditLog", "file_name": "NameNodeRpcServer.java", "line_number": 644}, "14": {"package_class": "org.apache.hadoop.ipc.WritableRpcEngine$Server", "method": "call", "file_name": "WritableRpcEngine.java", "line_number": 394}, "15": {"package_class": "org.apache.hadoop.ipc.Server$Handler$1", "method": "run", "file_name": "Server.java", "line_number": 1530}, "16": {"package_class": "org.apache.hadoop.ipc.Server$Handler$1", "method": "run", "file_name": "Server.java", "line_number": 1526}, "19": {"package_class": "org.apache.hadoop.security.UserGroupInformation", "method": "doAs", "file_name": "UserGroupInformation.java", "line_number": 1212}, "20": {"package_class": "org.apache.hadoop.ipc.Server$Handler", "method": "run", "file_name": "Server.java", "line_number": 1524}}}