{"logs": {"0": "FATAL ha.BootstrapStandby: Unable to read transaction ids 6175397-6175405 from the configured shared edits storage. Please copy these logs into the shared edits storage or call saveNamespace on the active node."}, "traces": {"3": "        at org.apache.hadoop.hdfs.server.namenode.FSEditLog.checkForGaps(FSEditLog.java:1300)", "4": "        at org.apache.hadoop.hdfs.server.namenode.FSEditLog.selectInputStreams(FSEditLog.java:1258)", "5": "        at org.apache.hadoop.hdfs.server.namenode.ha.BootstrapStandby.checkLogsAvailableForRead(BootstrapStandby.java:229)"}, "parsed_logs": {"0": {"class": "ha.BootstrapStandby", "method": "", "line_number": "", "message": "Unable to read transaction ids 6175397-6175405 from the configured shared edits storage. Please copy these logs into the shared edits storage or call saveNamespace on the active node."}}, "parsed_traces": {"3": {"package_class": "org.apache.hadoop.hdfs.server.namenode.FSEditLog", "method": "checkForGaps", "file_name": "FSEditLog.java", "line_number": 1300}, "4": {"package_class": "org.apache.hadoop.hdfs.server.namenode.FSEditLog", "method": "selectInputStreams", "file_name": "FSEditLog.java", "line_number": 1258}, "5": {"package_class": "org.apache.hadoop.hdfs.server.namenode.ha.BootstrapStandby", "method": "checkLogsAvailableForRead", "file_name": "BootstrapStandby.java", "line_number": 229}}}