{"logs": {"0": "2009-10-21 04:57:02,755 INFO org.apache.hadoop.hdfs.server.datanode.DataNode: Receiving block blk_6345892463926159834_1029 src: /XX,XX,XX.140:37890 dest: /XX.XX.XX.139:51010", "1": "2009-10-21 04:57:02,829 INFO org.apache.hadoop.hdfs.server.datanode.DataNode: PacketResponder blk_6345892463926159834_1029 1 Exception java.lang.NullPointerException", "6": "2009-10-21 04:57:01,866 INFO org.apache.hadoop.hdfs.server.datanode.DataNode: Receiving block blk_6345892463926159834_1029 src: /XX.XX.XX.140:37385 dest: /XX.XX.XX140:51010", "7": "2009-10-21 04:57:02,836 INFO org.apache.hadoop.hdfs.server.datanode.DataNode: PacketResponder 2 for block blk_6345892463926159834_1029 terminating  ", "8": "2009-10-21 04:57:02,885 INFO org.apache.hadoop.hdfs.server.datanode.DataNode: DatanodeRegistration(XX.XX.XX.140:51010, storageID=DS-1292310101-208.76.44.140-51010-1256100924816, infoPort=51075, ipcPort=51020):Exception writing block blk_6345892463926159834_1029 to mirror XX.XX.XX.139:51010          (DN2)"}, "traces": {"2": "            at org.apache.hadoop.hdfs.server.datanode.BlockReceiver$PacketResponder.run(BlockReceiver.java:923)", "15": "        at org.apache.hadoop.net.SocketOutputStream$Writer.performIO(SocketOutputStream.java:55)", "16": "        at org.apache.hadoop.net.SocketIOWithTimeout.doIO(SocketIOWithTimeout.java:142)", "17": "        at org.apache.hadoop.net.SocketOutputStream.write(SocketOutputStream.java:146)", "18": "        at org.apache.hadoop.net.SocketOutputStream.write(SocketOutputStream.java:107)", "21": "        at org.apache.hadoop.hdfs.server.datanode.BlockReceiver.receivePacket(BlockReceiver.java:466)", "22": "        at org.apache.hadoop.hdfs.server.datanode.BlockReceiver.receivePacket(BlockReceiver.java:434)", "23": "        at org.apache.hadoop.hdfs.server.datanode.BlockReceiver.receiveBlock(BlockReceiver.java:573)", "24": "        at org.apache.hadoop.hdfs.server.datanode.DataXceiver.opWriteBlock(DataXceiver.java:352)", "25": "        at org.apache.hadoop.hdfs.protocol.DataTransferProtocol$Receiver.opWriteBlock(DataTransferProtocol.java:382)", "26": "        at org.apache.hadoop.hdfs.protocol.DataTransferProtocol$Receiver.processOp(DataTransferProtocol.java:323)", "27": "        at org.apache.hadoop.hdfs.server.datanode.DataXceiver.run(DataXceiver.java:111)"}, "parsed_logs": {"0": {"class": "org.apache.hadoop.hdfs.server.datanode.DataNode", "method": "", "line_number": "", "message": "Receiving block blk_6345892463926159834_1029 src: /XX,XX,XX.140:37890 dest: /XX.XX.XX.139:51010"}, "1": {"class": "org.apache.hadoop.hdfs.server.datanode.DataNode", "method": "PacketResponder", "line_number": "", "message": "blk_6345892463926159834_1029 1 Exception java.lang.NullPointerException"}, "6": {"class": "org.apache.hadoop.hdfs.server.datanode.DataNode", "method": "", "line_number": "", "message": "Receiving block blk_6345892463926159834_1029 src: /XX.XX.XX.140:37385 dest: /XX.XX.XX140:51010"}, "7": {"class": "org.apache.hadoop.hdfs.server.datanode.DataNode", "method": "PacketResponder", "line_number": "", "message": "2 for block blk_6345892463926159834_1029 terminating"}, "8": {"class": "org.apache.hadoop.hdfs.server.datanode.DataNode", "method": "DatanodeRegistration", "line_number": "", "message": "Exception writing block blk_6345892463926159834_1029 to mirror XX.XX.XX.139:51010 (DN2)"}}, "parsed_traces": {"2": {"package_class": "org.apache.hadoop.hdfs.server.datanode.BlockReceiver$PacketResponder", "method": "run", "file_name": "BlockReceiver.java", "line_number": 923}, "15": {"package_class": "org.apache.hadoop.net.SocketOutputStream$Writer", "method": "performIO", "file_name": "SocketOutputStream.java", "line_number": 55}, "16": {"package_class": "org.apache.hadoop.net.SocketIOWithTimeout", "method": "doIO", "file_name": "SocketIOWithTimeout.java", "line_number": 142}, "17": {"package_class": "org.apache.hadoop.net.SocketOutputStream", "method": "write", "file_name": "SocketOutputStream.java", "line_number": 146}, "18": {"package_class": "org.apache.hadoop.net.SocketOutputStream", "method": "write", "file_name": "SocketOutputStream.java", "line_number": 107}, "21": {"package_class": "org.apache.hadoop.hdfs.server.datanode.BlockReceiver", "method": "receivePacket", "file_name": "BlockReceiver.java", "line_number": 466}, "22": {"package_class": "org.apache.hadoop.hdfs.server.datanode.BlockReceiver", "method": "receivePacket", "file_name": "BlockReceiver.java", "line_number": 434}, "23": {"package_class": "org.apache.hadoop.hdfs.server.datanode.BlockReceiver", "method": "receiveBlock", "file_name": "BlockReceiver.java", "line_number": 573}, "24": {"package_class": "org.apache.hadoop.hdfs.server.datanode.DataXceiver", "method": "opWriteBlock", "file_name": "DataXceiver.java", "line_number": 352}, "25": {"package_class": "org.apache.hadoop.hdfs.protocol.DataTransferProtocol$Receiver", "method": "opWriteBlock", "file_name": "DataTransferProtocol.java", "line_number": 382}, "26": {"package_class": "org.apache.hadoop.hdfs.protocol.DataTransferProtocol$Receiver", "method": "processOp", "file_name": "DataTransferProtocol.java", "line_number": 323}, "27": {"package_class": "org.apache.hadoop.hdfs.server.datanode.DataXceiver", "method": "run", "file_name": "DataXceiver.java", "line_number": 111}}}