{"logs": {"0": "11/09/12 17:17:50 INFO mapred.YARNRunner: AppMaster capability = memory: 2048,", "1": "11/09/12 17:17:51 INFO mapred.YARNRunner: Command to launch container for ApplicationMaster is : $JAVA_HOME/bin/java -Dhadoop.root.logger=DEBUG,console -Xmx1536m org.apache.hadoop.mapreduce.v2.app.MRAppMaster 1315847180566 6 <FAILCOUNT> 1><LOG_DIR>/stdout 2><LOG_DIR>/stderr", "2": "11/09/12 17:17:51 INFO mapred.ResourceMgrDelegate: Submitted application application_1315847180566_6 to ResourceManager", "3": "11/09/12 17:17:51 INFO mapred.ClientCache: Connecting to HistoryServer at: 0.0.0.0:10020", "4": "11/09/12 17:17:51 INFO ipc.YarnRPC: Creating YarnRPC for org.apache.hadoop.yarn.ipc.HadoopYarnProtoRPC", "5": "11/09/12 17:17:51 INFO mapred.ClientCache: Connected to HistoryServer at: 0.0.0.0:10020", "6": "11/09/12 17:17:51 INFO ipc.HadoopYarnRPC: Creating a HadoopYarnProtoRpc proxy for protocol interface org.apache.hadoop.mapreduce.v2.api.MRClientProtocol", "7": "11/09/12 17:17:51 INFO mapreduce.Job: Running job: job_1315847180566_0006", "8": "11/09/12 17:17:52 INFO mapreduce.Job: map 0% reduce 0%", "9": "11/09/12 17:18:00 INFO mapred.ClientServiceDelegate: Tracking Url of JOB is <IP-ADDRESS>:55361", "10": "11/09/12 17:18:00 INFO mapred.ClientServiceDelegate: Connecting to <IP-ADDRESS>:43465", "11": "11/09/12 17:18:00 INFO ipc.YarnRPC: Creating YarnRPC for org.apache.hadoop.yarn.ipc.HadoopYarnProtoRPC", "12": "11/09/12 17:18:00 INFO ipc.HadoopYarnRPC: Creating a HadoopYarnProtoRpc proxy for protocol interface org.apache.hadoop.mapreduce.v2.api.MRClientProtocol             MRClientProtocol is used for the communication between client and AM", "13": "11/09/12 17:18:01 INFO mapred.ClientServiceDelegate: Failed to contact AM/History for job job_1315847180566_0006 Will retry..", "53": "11/09/12 17:18:01 INFO mapreduce.Job: Job job_1315847180566_0006 failed with state FAILED", "54": "11/09/12 17:18:01 INFO mapreduce.Job: Counters: 0"}, "traces": {"15": "at org.apache.hadoop.mapreduce.v2.api.impl.pb.client.MRClientProtocolPBClientImpl.getTaskAttemptCompletionEvents(MRClientProtocolPBClientImpl.java:179)", "20": "at org.apache.hadoop.mapred.ClientServiceDelegate.invoke(ClientServiceDelegate.java:237)", "21": "at org.apache.hadoop.mapred.ClientServiceDelegate.getTaskCompletionEvents(ClientServiceDelegate.java:276)", "22": "at org.apache.hadoop.mapred.YARNRunner.getTaskCompletionEvents(YARNRunner.java:547)", "23": "at org.apache.hadoop.mapreduce.Job.getTaskCompletionEvents(Job.java:540)", "24": "at org.apache.hadoop.mapreduce.Job.monitorAndPrintJob(Job.java:1144)", "25": "at org.apache.hadoop.mapreduce.Job.waitForCompletion(Job.java:1092)", "26": "at org.apache.hadoop.examples.WordCount.main(WordCount.java:84)", "31": "at org.apache.hadoop.util.ProgramDriver$ProgramDescription.invoke(ProgramDriver.java:72)", "32": "at org.apache.hadoop.util.ProgramDriver.driver(ProgramDriver.java:144)", "33": "at org.apache.hadoop.examples.ExampleDriver.main(ExampleDriver.java:68)", "38": "at org.apache.hadoop.util.RunJar.main(RunJar.java:189)", "40": "at org.apache.hadoop.yarn.ipc.ProtoOverHadoopRpcEngine$Invoker.invoke(ProtoOverHadoopRpcEngine.java:139)", "42": "at org.apache.hadoop.mapreduce.v2.api.impl.pb.client.MRClientProtocolPBClientImpl.getTaskAttemptCompletionEvents(MRClientProtocolPBClientImpl.java:172)", "45": "at org.apache.hadoop.ipc.Client.wrapException(Client.java:1119)", "46": "at org.apache.hadoop.ipc.Client.call(Client.java:1087)", "47": "at org.apache.hadoop.yarn.ipc.ProtoOverHadoopRpcEngine$Invoker.invoke(ProtoOverHadoopRpcEngine.java:136)", "51": "at org.apache.hadoop.ipc.Client$Connection.receiveResponse(Client.java:816)", "52": "at org.apache.hadoop.ipc.Client$Connection.run(Client.java:754)"}, "parsed_logs": {"0": {"class": "mapred.YARNRunner", "method": "", "line_number": "", "message": "AppMaster capability = memory: 2048,"}, "1": {"class": "mapred.YARNRunner", "method": "", "line_number": "", "message": "Command to launch container for ApplicationMaster is : $JAVA_HOME/bin/java -Dhadoop.root.logger=DEBUG,console -Xmx1536m org.apache.hadoop.mapreduce.v2.app.MRAppMaster 1315847180566 6 <FAILCOUNT> 1><LOG_DIR>/stdout 2><LOG_DIR>/stderr"}, "2": {"class": "mapred.ResourceMgrDelegate", "method": "", "line_number": "", "message": "Submitted application application_1315847180566_6 to ResourceManager"}, "3": {"class": "mapred.ClientCache", "method": "", "line_number": "", "message": "Connecting to HistoryServer at: 0.0.0.0:10020"}, "4": {"class": "ipc.YarnRPC", "method": "", "line_number": "", "message": "Creating YarnRPC for org.apache.hadoop.yarn.ipc.HadoopYarnProtoRPC"}, "5": {"class": "mapred.ClientCache", "method": "", "line_number": "", "message": "Connected to HistoryServer at: 0.0.0.0:10020"}, "6": {"class": "ipc.HadoopYarnRPC", "method": "", "line_number": "", "message": "Creating a HadoopYarnProtoRpc proxy for protocol interface org.apache.hadoop.mapreduce.v2.api.MRClientProtocol"}, "7": {"class": "mapreduce.Job", "method": "", "line_number": "", "message": "Running job: job_1315847180566_0006"}, "8": {"class": "mapreduce.Job", "method": "", "line_number": "", "message": "map 0% reduce 0%"}, "9": {"class": "mapred.ClientServiceDelegate", "method": "", "line_number": "", "message": "Tracking Url of JOB is <IP-ADDRESS>:55361"}, "10": {"class": "mapred.ClientServiceDelegate", "method": "", "line_number": "", "message": "Connecting to <IP-ADDRESS>:43465"}, "11": {"class": "ipc.YarnRPC", "method": "", "line_number": "", "message": "Creating YarnRPC for org.apache.hadoop.yarn.ipc.HadoopYarnProtoRPC"}, "12": {"class": "ipc.HadoopYarnRPC", "method": "", "line_number": "", "message": "Creating a HadoopYarnProtoRpc proxy for protocol interface org.apache.hadoop.mapreduce.v2.api.MRClientProtocol MRClientProtocol is used for the communication between client and AM"}, "13": {"class": "mapred.ClientServiceDelegate", "method": "", "line_number": "", "message": "Failed to contact AM/History for job job_1315847180566_0006 Will retry.."}, "53": {"class": "mapreduce.Job", "method": "", "line_number": "", "message": "Job job_1315847180566_0006 failed with state FAILED"}, "54": {"class": "mapreduce.Job", "method": "", "line_number": "", "message": "Counters: 0"}}, "parsed_traces": {"15": {"package_class": "org.apache.hadoop.mapreduce.v2.api.impl.pb.client.MRClientProtocolPBClientImpl", "method": "getTaskAttemptCompletionEvents", "file_name": "MRClientProtocolPBClientImpl.java", "line_number": 179}, "20": {"package_class": "org.apache.hadoop.mapred.ClientServiceDelegate", "method": "invoke", "file_name": "ClientServiceDelegate.java", "line_number": 237}, "21": {"package_class": "org.apache.hadoop.mapred.ClientServiceDelegate", "method": "getTaskCompletionEvents", "file_name": "ClientServiceDelegate.java", "line_number": 276}, "22": {"package_class": "org.apache.hadoop.mapred.YARNRunner", "method": "getTaskCompletionEvents", "file_name": "YARNRunner.java", "line_number": 547}, "23": {"package_class": "org.apache.hadoop.mapreduce.Job", "method": "getTaskCompletionEvents", "file_name": "Job.java", "line_number": 540}, "24": {"package_class": "org.apache.hadoop.mapreduce.Job", "method": "monitorAndPrintJob", "file_name": "Job.java", "line_number": 1144}, "25": {"package_class": "org.apache.hadoop.mapreduce.Job", "method": "waitForCompletion", "file_name": "Job.java", "line_number": 1092}, "26": {"package_class": "org.apache.hadoop.examples.WordCount", "method": "main", "file_name": "WordCount.java", "line_number": 84}, "31": {"package_class": "org.apache.hadoop.util.ProgramDriver$ProgramDescription", "method": "invoke", "file_name": "ProgramDriver.java", "line_number": 72}, "32": {"package_class": "org.apache.hadoop.util.ProgramDriver", "method": "driver", "file_name": "ProgramDriver.java", "line_number": 144}, "33": {"package_class": "org.apache.hadoop.examples.ExampleDriver", "method": "main", "file_name": "ExampleDriver.java", "line_number": 68}, "38": {"package_class": "org.apache.hadoop.util.RunJar", "method": "main", "file_name": "RunJar.java", "line_number": 189}, "40": {"package_class": "org.apache.hadoop.yarn.ipc.ProtoOverHadoopRpcEngine$Invoker", "method": "invoke", "file_name": "ProtoOverHadoopRpcEngine.java", "line_number": 139}, "42": {"package_class": "org.apache.hadoop.mapreduce.v2.api.impl.pb.client.MRClientProtocolPBClientImpl", "method": "getTaskAttemptCompletionEvents", "file_name": "MRClientProtocolPBClientImpl.java", "line_number": 172}, "45": {"package_class": "org.apache.hadoop.ipc.Client", "method": "wrapException", "file_name": "Client.java", "line_number": 1119}, "46": {"package_class": "org.apache.hadoop.ipc.Client", "method": "call", "file_name": "Client.java", "line_number": 1087}, "47": {"package_class": "org.apache.hadoop.yarn.ipc.ProtoOverHadoopRpcEngine$Invoker", "method": "invoke", "file_name": "ProtoOverHadoopRpcEngine.java", "line_number": 136}, "51": {"package_class": "org.apache.hadoop.ipc.Client$Connection", "method": "receiveResponse", "file_name": "Client.java", "line_number": 816}, "52": {"package_class": "org.apache.hadoop.ipc.Client$Connection", "method": "run", "file_name": "Client.java", "line_number": 754}}}