{"logs": {"0": "11/09/08 10:52:35 INFO mapreduce.JobSubmitter: number of splits:2094", "1": "11/09/08 10:52:36 INFO mapred.YARNRunner: AppMaster capability = memory: 2048,", "2": "11/09/08 10:52:36 INFO mapred.YARNRunner: Command to launch container for ApplicationMaster is : $JAVA_HOME/bin/java -Dhadoop.root.logger=INFO,console -Xmx1536m org.apache.hadoop.mapreduce.v2.app.MRAppMaster 1315478927026 1 <FAILCOUNT> 1><LOG_DIR>/stdout 2><LOG_DIR>/stderr", "3": "11/09/08 10:52:36 INFO mapred.ResourceMgrDelegate: Submitted application application_1315478927026_1 to ResourceManager", "4": "11/09/08 10:52:36 INFO mapreduce.JobSubmitter: Cleaning up the staging area /user/gridperf/.staging/job_1315478927026_0001"}, "traces": {"8": "        at org.apache.hadoop.yarn.factories.impl.pb.YarnRemoteExceptionFactoryPBImpl.createYarnRemoteException(YarnRemoteExceptionFactoryPBImpl.java:39)", "9": "        at org.apache.hadoop.yarn.ipc.RPCUtil.getRemoteException(RPCUtil.java:47)", "10": "        at org.apache.hadoop.mapred.YARNRunner.submitJob(YARNRunner.java:250)", "11": "        at org.apache.hadoop.mapreduce.JobSubmitter.submitJobInternal(JobSubmitter.java:377)", "12": "        at org.apache.hadoop.mapreduce.Job$2.run(Job.java:1072)", "13": "        at org.apache.hadoop.mapreduce.Job$2.run(Job.java:1069)", "16": "        at org.apache.hadoop.security.UserGroupInformation.doAs(UserGroupInformation.java:1135)", "17": "        at org.apache.hadoop.mapreduce.Job.submit(Job.java:1069)", "18": "        at org.apache.hadoop.mapreduce.Job.waitForCompletion(Job.java:1089)", "19": "        at org.apache.hadoop.examples.RandomWriter.run(RandomWriter.java:283)", "20": "        at org.apache.hadoop.util.ToolRunner.run(ToolRunner.java:69)", "21": "        at org.apache.hadoop.examples.RandomWriter.main(RandomWriter.java:294)", "26": "        at org.apache.hadoop.util.ProgramDriver$ProgramDescription.invoke(ProgramDriver.java:72)", "27": "        at org.apache.hadoop.util.ProgramDriver.driver(ProgramDriver.java:144)", "28": "        at org.apache.hadoop.examples.ExampleDriver.main(ExampleDriver.java:68)", "33": "        at org.apache.hadoop.util.RunJar.main(RunJar.java:189)"}, "parsed_logs": {"0": {"class": "mapreduce.JobSubmitter", "method": "", "line_number": "", "message": "number of splits:2094"}, "1": {"class": "mapred.YARNRunner", "method": "", "line_number": "", "message": "AppMaster capability = memory: 2048,"}, "2": {"class": "mapred.YARNRunner", "method": "", "line_number": "", "message": "Command to launch container for ApplicationMaster is : $JAVA_HOME/bin/java -Dhadoop.root.logger=INFO,console -Xmx1536m org.apache.hadoop.mapreduce.v2.app.MRAppMaster 1315478927026 1 <FAILCOUNT> 1><LOG_DIR>/stdout 2><LOG_DIR>/stderr"}, "3": {"class": "mapred.ResourceMgrDelegate", "method": "", "line_number": "", "message": "Submitted application application_1315478927026_1 to ResourceManager"}, "4": {"class": "mapreduce.JobSubmitter", "method": "", "line_number": "", "message": "Cleaning up the staging area /user/gridperf/.staging/job_1315478927026_0001"}}, "parsed_traces": {"8": {"package_class": "org.apache.hadoop.yarn.factories.impl.pb.YarnRemoteExceptionFactoryPBImpl", "method": "createYarnRemoteException", "file_name": "YarnRemoteExceptionFactoryPBImpl.java", "line_number": 39}, "9": {"package_class": "org.apache.hadoop.yarn.ipc.RPCUtil", "method": "getRemoteException", "file_name": "RPCUtil.java", "line_number": 47}, "10": {"package_class": "org.apache.hadoop.mapred.YARNRunner", "method": "submitJob", "file_name": "YARNRunner.java", "line_number": 250}, "11": {"package_class": "org.apache.hadoop.mapreduce.JobSubmitter", "method": "submitJobInternal", "file_name": "JobSubmitter.java", "line_number": 377}, "12": {"package_class": "org.apache.hadoop.mapreduce.Job$2", "method": "run", "file_name": "Job.java", "line_number": 1072}, "13": {"package_class": "org.apache.hadoop.mapreduce.Job$2", "method": "run", "file_name": "Job.java", "line_number": 1069}, "16": {"package_class": "org.apache.hadoop.security.UserGroupInformation", "method": "doAs", "file_name": "UserGroupInformation.java", "line_number": 1135}, "17": {"package_class": "org.apache.hadoop.mapreduce.Job", "method": "submit", "file_name": "Job.java", "line_number": 1069}, "18": {"package_class": "org.apache.hadoop.mapreduce.Job", "method": "waitForCompletion", "file_name": "Job.java", "line_number": 1089}, "19": {"package_class": "org.apache.hadoop.examples.RandomWriter", "method": "run", "file_name": "RandomWriter.java", "line_number": 283}, "20": {"package_class": "org.apache.hadoop.util.ToolRunner", "method": "run", "file_name": "ToolRunner.java", "line_number": 69}, "21": {"package_class": "org.apache.hadoop.examples.RandomWriter", "method": "main", "file_name": "RandomWriter.java", "line_number": 294}, "26": {"package_class": "org.apache.hadoop.util.ProgramDriver$ProgramDescription", "method": "invoke", "file_name": "ProgramDriver.java", "line_number": 72}, "27": {"package_class": "org.apache.hadoop.util.ProgramDriver", "method": "driver", "file_name": "ProgramDriver.java", "line_number": 144}, "28": {"package_class": "org.apache.hadoop.examples.ExampleDriver", "method": "main", "file_name": "ExampleDriver.java", "line_number": 68}, "33": {"package_class": "org.apache.hadoop.util.RunJar", "method": "main", "file_name": "RunJar.java", "line_number": 189}}}