{"logs": {"0": "11/09/12 14:11:38 ERROR impl.TaskAttemptImpl: Can't handle this event at current state"}, "traces": {"2": "        at org.apache.hadoop.yarn.state.StateMachineFactory.doTransition(StateMachineFactory.java:297)", "3": "        at org.apache.hadoop.yarn.state.StateMachineFactory.access$300(StateMachineFactory.java:39)", "4": "        at org.apache.hadoop.yarn.state.StateMachineFactory$InternalStateMachine.doTransition(StateMachineFactory.java:439)", "5": "        at org.apache.hadoop.mapreduce.v2.app.job.impl.TaskAttemptImpl.handle(TaskAttemptImpl.java:903)", "6": "        at org.apache.hadoop.mapreduce.v2.app.job.impl.TaskAttemptImpl.handle(TaskAttemptImpl.java:127)", "7": "        at org.apache.hadoop.mapreduce.v2.app.MRAppMaster$TaskAttemptEventDispatcher.handle(MRAppMaster.java:543)", "8": "        at org.apache.hadoop.mapreduce.v2.app.MRAppMaster$TaskAttemptEventDispatcher.handle(MRAppMaster.java:536)", "9": "        at org.apache.hadoop.yarn.event.AsyncDispatcher.dispatch(AsyncDispatcher.java:113)", "10": "        at org.apache.hadoop.yarn.event.AsyncDispatcher$1.run(AsyncDispatcher.java:75)"}, "parsed_logs": {"0": {"class": "impl.TaskAttemptImpl", "method": "", "line_number": "", "message": "Can't handle this event at current state"}}, "parsed_traces": {"2": {"package_class": "org.apache.hadoop.yarn.state.StateMachineFactory", "method": "doTransition", "file_name": "StateMachineFactory.java", "line_number": 297}, "3": {"package_class": "org.apache.hadoop.yarn.state.StateMachineFactory", "method": "access$300", "file_name": "StateMachineFactory.java", "line_number": 39}, "4": {"package_class": "org.apache.hadoop.yarn.state.StateMachineFactory$InternalStateMachine", "method": "doTransition", "file_name": "StateMachineFactory.java", "line_number": 439}, "5": {"package_class": "org.apache.hadoop.mapreduce.v2.app.job.impl.TaskAttemptImpl", "method": "handle", "file_name": "TaskAttemptImpl.java", "line_number": 903}, "6": {"package_class": "org.apache.hadoop.mapreduce.v2.app.job.impl.TaskAttemptImpl", "method": "handle", "file_name": "TaskAttemptImpl.java", "line_number": 127}, "7": {"package_class": "org.apache.hadoop.mapreduce.v2.app.MRAppMaster$TaskAttemptEventDispatcher", "method": "handle", "file_name": "MRAppMaster.java", "line_number": 543}, "8": {"package_class": "org.apache.hadoop.mapreduce.v2.app.MRAppMaster$TaskAttemptEventDispatcher", "method": "handle", "file_name": "MRAppMaster.java", "line_number": 536}, "9": {"package_class": "org.apache.hadoop.yarn.event.AsyncDispatcher", "method": "dispatch", "file_name": "AsyncDispatcher.java", "line_number": 113}, "10": {"package_class": "org.apache.hadoop.yarn.event.AsyncDispatcher$1", "method": "run", "file_name": "AsyncDispatcher.java", "line_number": 75}}}