{"logs": {"0": "11/06/17 06:11:18 INFO rm.RMContainerAllocator: Assigned based on host match 98.138.163.34", "1": "11/06/17 06:11:18 INFO rm.RMContainerRequestor: BEFORE decResourceRequest: applicationId=30 priority=20", "3": "11/06/17 06:11:18 INFO rm.RMContainerRequestor: AFTER decResourceRequest: applicationId=30 priority=20", "5": "11/06/17 06:11:18 INFO rm.RMContainerRequestor: BEFORE decResourceRequest: applicationId=30 priority=20", "7": "11/06/17 06:11:18 INFO rm.RMContainerRequestor: AFTER decResourceRequest: applicationId=30 priority=20", "9": "11/06/17 06:11:18 ERROR rm.RMContainerAllocator: ERROR IN CONTACTING RM."}, "traces": {"11": "at org.apache.hadoop.mapreduce.v2.app.rm.RMContainerRequestor.decResourceRequest(RMContainerRequestor.java:246)", "12": "at org.apache.hadoop.mapreduce.v2.app.rm.RMContainerRequestor.decContainerReq(RMContainerRequestor.java:198)", "17": "at org.apache.hadoop.mapreduce.v2.app.rm.RMContainerAllocator.heartbeat(RMContainerAllocator.java:151)", "18": "at org.apache.hadoop.mapreduce.v2.app.rm.RMCommunicator$1.run(RMCommunicator.java:220)"}, "parsed_logs": {"0": {"class": "rm.RMContainerAllocator", "method": "", "line_number": "", "message": "Assigned based on host match 98.138.163.34"}, "1": {"class": "rm.RMContainerRequestor", "method": "", "line_number": "", "message": "BEFORE decResourceRequest: applicationId=30 priority=20"}, "3": {"class": "rm.RMContainerRequestor", "method": "", "line_number": "", "message": "AFTER decResourceRequest: applicationId=30 priority=20"}, "5": {"class": "rm.RMContainerRequestor", "method": "", "line_number": "", "message": "BEFORE decResourceRequest: applicationId=30 priority=20"}, "7": {"class": "rm.RMContainerRequestor", "method": "", "line_number": "", "message": "AFTER decResourceRequest: applicationId=30 priority=20"}, "9": {"class": "rm.RMContainerAllocator", "method": "", "line_number": "", "message": "ERROR IN CONTACTING RM."}}, "parsed_traces": {"11": {"package_class": "org.apache.hadoop.mapreduce.v2.app.rm.RMContainerRequestor", "method": "decResourceRequest", "file_name": "RMContainerRequestor.java", "line_number": 246}, "12": {"package_class": "org.apache.hadoop.mapreduce.v2.app.rm.RMContainerRequestor", "method": "decContainerReq", "file_name": "RMContainerRequestor.java", "line_number": 198}, "17": {"package_class": "org.apache.hadoop.mapreduce.v2.app.rm.RMContainerAllocator", "method": "heartbeat", "file_name": "RMContainerAllocator.java", "line_number": 151}, "18": {"package_class": "org.apache.hadoop.mapreduce.v2.app.rm.RMCommunicator$1", "method": "run", "file_name": "RMCommunicator.java", "line_number": 220}}}