{"logs": {"0": "2011-11-02 11:40:36,438 ERROR [ContainerLauncher #258] org.apache.hadoop.mapreduce.v2.app.launcher.ContainerLauncherImpl: Container launch failed for container_1320233407485_0002"}, "traces": {"2": "        at org.apache.hadoop.yarn.api.impl.pb.client.ContainerManagerPBClientImpl.startContainer(ContainerManagerPBClientImpl.java:88)", "3": "        at org.apache.hadoop.mapreduce.v2.app.launcher.ContainerLauncherImpl$EventProcessor.run(ContainerLauncherImpl.java:290)", "8": "        at org.apache.hadoop.yarn.ipc.ProtoOverHadoopRpcEngine$Invoker.invoke(ProtoOverHadoopRpcEngine.java:139)", "10": "        at org.apache.hadoop.yarn.api.impl.pb.client.ContainerManagerPBClientImpl.startContainer(ContainerManagerPBClientImpl.java:81)", "13": "        at org.apache.hadoop.net.NetUtils.wrapException(NetUtils.java:655)", "14": "        at org.apache.hadoop.ipc.Client.call(Client.java:1089)", "15": "        at org.apache.hadoop.yarn.ipc.ProtoOverHadoopRpcEngine$Invoker.invoke(ProtoOverHadoopRpcEngine.java:136)", "18": "        at org.apache.hadoop.ipc.Client$Connection.setupIOstreams(Client.java:621)", "19": "        at org.apache.hadoop.ipc.Client$Connection.access$2000(Client.java:205)", "20": "        at org.apache.hadoop.ipc.Client.getConnection(Client.java:1195)", "21": "        at org.apache.hadoop.ipc.Client.call(Client.java:1065)", "26": "        at org.apache.hadoop.ipc.Client$Connection.setupIOstreams(Client.java:614)"}, "parsed_logs": {"0": {"class": "org.apache.hadoop.mapreduce.v2.app.launcher.ContainerLauncherImpl", "method": "", "line_number": "", "message": "Container launch failed for container_1320233407485_0002"}}, "parsed_traces": {"2": {"package_class": "org.apache.hadoop.yarn.api.impl.pb.client.ContainerManagerPBClientImpl", "method": "startContainer", "file_name": "ContainerManagerPBClientImpl.java", "line_number": 88}, "3": {"package_class": "org.apache.hadoop.mapreduce.v2.app.launcher.ContainerLauncherImpl$EventProcessor", "method": "run", "file_name": "ContainerLauncherImpl.java", "line_number": 290}, "8": {"package_class": "org.apache.hadoop.yarn.ipc.ProtoOverHadoopRpcEngine$Invoker", "method": "invoke", "file_name": "ProtoOverHadoopRpcEngine.java", "line_number": 139}, "10": {"package_class": "org.apache.hadoop.yarn.api.impl.pb.client.ContainerManagerPBClientImpl", "method": "startContainer", "file_name": "ContainerManagerPBClientImpl.java", "line_number": 81}, "13": {"package_class": "org.apache.hadoop.net.NetUtils", "method": "wrapException", "file_name": "NetUtils.java", "line_number": 655}, "14": {"package_class": "org.apache.hadoop.ipc.Client", "method": "call", "file_name": "Client.java", "line_number": 1089}, "15": {"package_class": "org.apache.hadoop.yarn.ipc.ProtoOverHadoopRpcEngine$Invoker", "method": "invoke", "file_name": "ProtoOverHadoopRpcEngine.java", "line_number": 136}, "18": {"package_class": "org.apache.hadoop.ipc.Client$Connection", "method": "setupIOstreams", "file_name": "Client.java", "line_number": 621}, "19": {"package_class": "org.apache.hadoop.ipc.Client$Connection", "method": "access$2000", "file_name": "Client.java", "line_number": 205}, "20": {"package_class": "org.apache.hadoop.ipc.Client", "method": "getConnection", "file_name": "Client.java", "line_number": 1195}, "21": {"package_class": "org.apache.hadoop.ipc.Client", "method": "call", "file_name": "Client.java", "line_number": 1065}, "26": {"package_class": "org.apache.hadoop.ipc.Client$Connection", "method": "setupIOstreams", "file_name": "Client.java", "line_number": 614}}}