{"logs": {"5": "2012-01-11 13:50:21,402 INFO org.apache.hadoop.yarn.server.nodemanager.NMAuditLogger: USER=<jobuser> IP=<ip_addres_of_RM>            OPERATION=Stop Container Request             TARGET=ContainerManageImpl              RESULT=SUCCESS                  APPID=application_1326289061888_0002              CONTAINERID=container_1326289061888_0002_01_000001    (AM)", "6": "2012-01-11 13:50:21,406 INFO org.apache.hadoop.yarn.server.nodemanager.containermanager.container.Container: Processing container_1326289061888_0002_01_000001 of type KILL_CONTAINER", "7": "2012-01-11 13:50:21,407 INFO org.apache.hadoop.yarn.server.nodemanager.containermanager.container.Container: Container container_1326289061888_0002_01_000001 transitioned from RUNNING to KILLING", "8": "2012-01-11 13:50:21,407 INFO org.apache.hadoop.yarn.server.nodemanager.containermanager.launcher.ContainerLaunch: Cleaning up container container_1326289061888_0002_01_000001", "9": "2012-01-11 13:50:21,432 INFO org.apache.hadoop.yarn.server.nodemanager.containermanager.container.Container: Processing container_1326289061888_0002_01_000001 of type UPDATE_DIAGNOSTICS_MSG", "10": "2012-01-11 13:50:21,449 INFO org.apache.hadoop.yarn.server.nodemanager.containermanager.container.Container: Processing container_1326289061888_0002_01_000001 of type CONTAINER_KILLED_ON_REQUEST", "12": "2012-01-11 13:47:34,326 INFO org.apache.hadoop.yarn.server.resourcemanager.rmcontainer.RMContainerImpl: Processing container_1326289061888_0002_01_000001 of type LAUNCHED", "13": "2012-01-11 13:47:34,326 INFO org.apache.hadoop.yarn.server.resourcemanager.rmcontainer.RMContainerImpl: container_1326289061888_0002_01_000001 Container Transitioned from ACQUIRED to RUNNING", "15": "2012-01-11 13:50:22,377 INFO org.apache.hadoop.yarn.server.resourcemanager.rmcontainer.RMContainerImpl: Processing container_1326289061888_0002_01_000001 of type KILL", "16": "2012-01-11 13:50:22,377 INFO org.apache.hadoop.yarn.server.resourcemanager.rmcontainer.RMContainerImpl: container_1326289061888_0002_01_000001 Container Transitioned from RUNNING to KILLED", "17": "2012-01-11 13:50:22,377 INFO org.apache.hadoop.yarn.server.resourcemanager.scheduler.SchedulerApp: Completed container: container_1326289061888_0002_01_000001 in state: KILLED event:KILL", "19": "2012-01-11 13:48:45,526 ERROR [AsyncDispatcher event handler] org.apache.hadoop.mapreduce.v2.app.job.impl.TaskAttemptImpl: Can't handle this event at current state for attempt_1326289061888_0002_m_006598_0"}, "traces": {"21": "            at org.apache.hadoop.yarn.state.StateMachineFactory.doTransition(StateMachineFactory.java:301)", "22": "            at org.apache.hadoop.yarn.state.StateMachineFactory.access$300(StateMachineFactory.java:43)", "23": "            at org.apache.hadoop.yarn.state.StateMachineFactory$InternalStateMachine.doTransition(StateMachineFactory.java:443)", "24": "            at org.apache.hadoop.mapreduce.v2.app.job.impl.TaskAttemptImpl.handle(TaskAttemptImpl.java:919)", "25": "            at org.apache.hadoop.mapreduce.v2.app.job.impl.TaskAttemptImpl.handle(TaskAttemptImpl.java:130)", "26": "            at org.apache.hadoop.mapreduce.v2.app.MRAppMaster$TaskAttemptEventDispatcher.handle(MRAppMaster.java:871)", "27": "            at org.apache.hadoop.mapreduce.v2.app.MRAppMaster$TaskAttemptEventDispatcher.handle(MRAppMaster.java:863)", "28": "            at org.apache.hadoop.yarn.event.AsyncDispatcher.dispatch(AsyncDispatcher.java:125)", "29": "            at org.apache.hadoop.yarn.event.AsyncDispatcher$1.run(AsyncDispatcher.java:82)"}, "parsed_logs": {"5": {"class": "org.apache.hadoop.yarn.server.nodemanager.NMAuditLogger", "method": "", "line_number": "", "message": "USER=<jobuser> IP=<ip_addres_of_RM> OPERATION=Stop Container Request TARGET=ContainerManageImpl RESULT=SUCCESS APPID=application_1326289061888_0002 CONTAINERID=container_1326289061888_0002_01_000001 (AM)"}, "6": {"class": "org.apache.hadoop.yarn.server.nodemanager.containermanager.container.Container", "method": "", "line_number": "", "message": "Processing container_1326289061888_0002_01_000001 of type KILL_CONTAINER"}, "7": {"class": "org.apache.hadoop.yarn.server.nodemanager.containermanager.container.Container", "method": "", "line_number": "", "message": "Container container_1326289061888_0002_01_000001 transitioned from RUNNING to KILLING"}, "8": {"class": "org.apache.hadoop.yarn.server.nodemanager.containermanager.launcher.ContainerLaunch", "method": "", "line_number": "", "message": "Cleaning up container container_1326289061888_0002_01_000001"}, "9": {"class": "org.apache.hadoop.yarn.server.nodemanager.containermanager.container.Container", "method": "", "line_number": "", "message": "Processing container_1326289061888_0002_01_000001 of type UPDATE_DIAGNOSTICS_MSG"}, "10": {"class": "org.apache.hadoop.yarn.server.nodemanager.containermanager.container.Container", "method": "", "line_number": "", "message": "Processing container_1326289061888_0002_01_000001 of type CONTAINER_KILLED_ON_REQUEST"}, "12": {"class": "org.apache.hadoop.yarn.server.resourcemanager.rmcontainer.RMContainerImpl", "method": "", "line_number": "", "message": "Processing container_1326289061888_0002_01_000001 of type LAUNCHED"}, "13": {"class": "org.apache.hadoop.yarn.server.resourcemanager.rmcontainer.RMContainerImpl", "method": "", "line_number": "", "message": "container_1326289061888_0002_01_000001 Container Transitioned from ACQUIRED to RUNNING"}, "15": {"class": "org.apache.hadoop.yarn.server.resourcemanager.rmcontainer.RMContainerImpl", "method": "", "line_number": "", "message": "Processing container_1326289061888_0002_01_000001 of type KILL"}, "16": {"class": "org.apache.hadoop.yarn.server.resourcemanager.rmcontainer.RMContainerImpl", "method": "", "line_number": "", "message": "container_1326289061888_0002_01_000001 Container Transitioned from RUNNING to KILLED"}, "17": {"class": "org.apache.hadoop.yarn.server.resourcemanager.scheduler.SchedulerApp", "method": "", "line_number": "", "message": "Completed container: container_1326289061888_0002_01_000001 in state: KILLED event:KILL"}, "19": {"class": "org.apache.hadoop.mapreduce.v2.app.job.impl.TaskAttemptImpl", "method": "", "line_number": "", "message": "Can't handle this event at current state for attempt_1326289061888_0002_m_006598_0"}}, "parsed_traces": {"21": {"package_class": "org.apache.hadoop.yarn.state.StateMachineFactory", "method": "doTransition", "file_name": "StateMachineFactory.java", "line_number": 301}, "22": {"package_class": "org.apache.hadoop.yarn.state.StateMachineFactory", "method": "access$300", "file_name": "StateMachineFactory.java", "line_number": 43}, "23": {"package_class": "org.apache.hadoop.yarn.state.StateMachineFactory$InternalStateMachine", "method": "doTransition", "file_name": "StateMachineFactory.java", "line_number": 443}, "24": {"package_class": "org.apache.hadoop.mapreduce.v2.app.job.impl.TaskAttemptImpl", "method": "handle", "file_name": "TaskAttemptImpl.java", "line_number": 919}, "25": {"package_class": "org.apache.hadoop.mapreduce.v2.app.job.impl.TaskAttemptImpl", "method": "handle", "file_name": "TaskAttemptImpl.java", "line_number": 130}, "26": {"package_class": "org.apache.hadoop.mapreduce.v2.app.MRAppMaster$TaskAttemptEventDispatcher", "method": "handle", "file_name": "MRAppMaster.java", "line_number": 871}, "27": {"package_class": "org.apache.hadoop.mapreduce.v2.app.MRAppMaster$TaskAttemptEventDispatcher", "method": "handle", "file_name": "MRAppMaster.java", "line_number": 863}, "28": {"package_class": "org.apache.hadoop.yarn.event.AsyncDispatcher", "method": "dispatch", "file_name": "AsyncDispatcher.java", "line_number": 125}, "29": {"package_class": "org.apache.hadoop.yarn.event.AsyncDispatcher$1", "method": "run", "file_name": "AsyncDispatcher.java", "line_number": 82}}}