{"logs": {"0": "2011-10-18 10:34:41,006 INFO org.apache.hadoop.mapred.Task: Communication exception: java.io.IOException: Failed on local exception: java.nio.channels.ClosedByInterruptException; Host Details : local host is: \"host.name.com/$IP\"; destination host is: \u201c\"host.name.com\":48314;            "}, "traces": {"1": "           at org.apache.hadoop.net.NetUtils.wrapException(NetUtils.java:601)              ", "2": "            at org.apache.hadoop.ipc.Client.call(Client.java:1089)", "3": "            at org.apache.hadoop.ipc.WritableRpcEngine$Invoker.invoke(WritableRpcEngine.java:193)", "5": "            at org.apache.hadoop.mapred.Task$TaskReporter.run(Task.java:671)", "10": "            at org.apache.hadoop.net.SocketOutputStream$Writer.performIO(SocketOutputStream.java:60)", "11": "            at org.apache.hadoop.net.SocketIOWithTimeout.doIO(SocketIOWithTimeout.java:142)", "12": "            at org.apache.hadoop.net.SocketOutputStream.write(SocketOutputStream.java:151)", "13": "            at org.apache.hadoop.net.SocketOutputStream.write(SocketOutputStream.java:112)", "14": "            at org.apache.hadoop.security.SaslOutputStream.write(SaslOutputStream.java:168)", "18": "            at org.apache.hadoop.ipc.Client$Connection.sendParam(Client.java:796)", "19": "            at org.apache.hadoop.ipc.Client.call(Client.java:1066)", "20": "            at org.apache.hadoop.ipc.WritableRpcEngine$Invoker.invoke(WritableRpcEngine.java:193)", "22": "            at org.apache.hadoop.mapreduce.task.reduce.EventFetcher.getMapCompletionEvents(EventFetcher.java:99)", "23": "            at org.apache.hadoop.mapreduce.task.reduce.EventFetcher.run(EventFetcher.java:65)", "28": "            at org.apache.hadoop.mapreduce.task.reduce.EventFetcher.run(EventFetcher.java:71)", "36": "            at org.apache.hadoop.mapreduce.task.reduce.Shuffle.run(Shuffle.java:135)", "37": "            at org.apache.hadoop.mapred.ReduceTask.run(ReduceTask.java:367)", "38": "            at org.apache.hadoop.mapred.YarnChild$2.run(YarnChild.java:147)", "41": "            at org.apache.hadoop.security.UserGroupInformation.doAs(UserGroupInformation.java:1135)", "42": "              at org.apache.hadoop.mapred.YarnChild.main(YarnChild.java:142)"}, "parsed_logs": {"0": {"class": "org.apache.hadoop.mapred.Task", "method": "", "line_number": "", "message": "Communication exception: java.io.IOException: Failed on local exception: java.nio.channels.ClosedByInterruptException; Host Details : local host is: \"host.name.com/$IP\"; destination host is: \u201c\"host.name.com\":48314;"}}, "parsed_traces": {"1": {"package_class": "org.apache.hadoop.net.NetUtils", "method": "wrapException", "file_name": "NetUtils.java", "line_number": 601}, "2": {"package_class": "org.apache.hadoop.ipc.Client", "method": "call", "file_name": "Client.java", "line_number": 1089}, "3": {"package_class": "org.apache.hadoop.ipc.WritableRpcEngine$Invoker", "method": "invoke", "file_name": "WritableRpcEngine.java", "line_number": 193}, "5": {"package_class": "org.apache.hadoop.mapred.Task$TaskReporter", "method": "run", "file_name": "Task.java", "line_number": 671}, "10": {"package_class": "org.apache.hadoop.net.SocketOutputStream$Writer", "method": "performIO", "file_name": "SocketOutputStream.java", "line_number": 60}, "11": {"package_class": "org.apache.hadoop.net.SocketIOWithTimeout", "method": "doIO", "file_name": "SocketIOWithTimeout.java", "line_number": 142}, "12": {"package_class": "org.apache.hadoop.net.SocketOutputStream", "method": "write", "file_name": "SocketOutputStream.java", "line_number": 151}, "13": {"package_class": "org.apache.hadoop.net.SocketOutputStream", "method": "write", "file_name": "SocketOutputStream.java", "line_number": 112}, "14": {"package_class": "org.apache.hadoop.security.SaslOutputStream", "method": "write", "file_name": "SaslOutputStream.java", "line_number": 168}, "18": {"package_class": "org.apache.hadoop.ipc.Client$Connection", "method": "sendParam", "file_name": "Client.java", "line_number": 796}, "19": {"package_class": "org.apache.hadoop.ipc.Client", "method": "call", "file_name": "Client.java", "line_number": 1066}, "20": {"package_class": "org.apache.hadoop.ipc.WritableRpcEngine$Invoker", "method": "invoke", "file_name": "WritableRpcEngine.java", "line_number": 193}, "22": {"package_class": "org.apache.hadoop.mapreduce.task.reduce.EventFetcher", "method": "getMapCompletionEvents", "file_name": "EventFetcher.java", "line_number": 99}, "23": {"package_class": "org.apache.hadoop.mapreduce.task.reduce.EventFetcher", "method": "run", "file_name": "EventFetcher.java", "line_number": 65}, "28": {"package_class": "org.apache.hadoop.mapreduce.task.reduce.EventFetcher", "method": "run", "file_name": "EventFetcher.java", "line_number": 71}, "36": {"package_class": "org.apache.hadoop.mapreduce.task.reduce.Shuffle", "method": "run", "file_name": "Shuffle.java", "line_number": 135}, "37": {"package_class": "org.apache.hadoop.mapred.ReduceTask", "method": "run", "file_name": "ReduceTask.java", "line_number": 367}, "38": {"package_class": "org.apache.hadoop.mapred.YarnChild$2", "method": "run", "file_name": "YarnChild.java", "line_number": 147}, "41": {"package_class": "org.apache.hadoop.security.UserGroupInformation", "method": "doAs", "file_name": "UserGroupInformation.java", "line_number": 1135}, "42": {"package_class": "org.apache.hadoop.mapred.YarnChild", "method": "main", "file_name": "YarnChild.java", "line_number": 142}}}