{"logs": {"0": "2012-11-15 12:47:02,365 [New I/O server worker #1-14] ERROR org.apache.hadoop.mapred.ShuffleHandler: Shuffle error:", "13": "2012-11-15 12:47:02,366 [New I/O server worker #1-14] ERROR org.apache.hadoop.mapred.ShuffleHandler: Shuffle error [id: 0x01901fc1, /xx.xx.xx.xx:xx => /xx.xx.xx.xx:xx] EXCEPTION: java.io.IOException: Connection reset by peer", "14": "2012-11-15 12:47:02,366 [New I/O server worker #1-14] ERROR org.apache.hadoop.mapred.ShuffleHandler: Shuffle error:", "25": "2012-11-15 12:47:02,367 [New I/O server worker #1-15] ERROR org.apache.hadoop.mapred.ShuffleHandler: Shuffle error:", "59": "2012-11-15 12:47:02,367 [New I/O server worker #1-15] ERROR org.apache.hadoop.mapred.ShuffleHandler: Shuffle error [id: 0x01fd225b, /xx.xx.xx.xx:xx => /xx.xx.xx.xx:xx] EXCEPTION: java.io.IOException: Broken pipe", "60": "2012-11-15 12:47:02,367 [New I/O server worker #1-15] ERROR org.apache.hadoop.mapred.ShuffleHandler: Shuffle error:"}, "traces": {"43": "            at org.apache.hadoop.mapred.ShuffleHandler$Shuffle.sendMapOutput(ShuffleHandler.java:477)", "44": "            at org.apache.hadoop.mapred.ShuffleHandler$Shuffle.messageReceived(ShuffleHandler.java:397)", "74": "            at org.apache.hadoop.mapred.ShuffleHandler$Shuffle.sendMapOutput(ShuffleHandler.java:477)", "75": "            at org.apache.hadoop.mapred.ShuffleHandler$Shuffle.messageReceived(ShuffleHandler.java:397)"}, "parsed_logs": {"0": {"class": "org.apache.hadoop.mapred.ShuffleHandler", "method": "", "line_number": "", "message": "Shuffle error:"}, "13": {"class": "org.apache.hadoop.mapred.ShuffleHandler", "method": "", "line_number": "", "message": "Shuffle error [id: 0x01901fc1, /xx.xx.xx.xx:xx => /xx.xx.xx.xx:xx] EXCEPTION: java.io.IOException: Connection reset by peer"}, "14": {"class": "org.apache.hadoop.mapred.ShuffleHandler", "method": "", "line_number": "", "message": "Shuffle error:"}, "25": {"class": "org.apache.hadoop.mapred.ShuffleHandler", "method": "", "line_number": "", "message": "Shuffle error:"}, "59": {"class": "org.apache.hadoop.mapred.ShuffleHandler", "method": "", "line_number": "", "message": "Shuffle error [id: 0x01fd225b, /xx.xx.xx.xx:xx => /xx.xx.xx.xx:xx] EXCEPTION: java.io.IOException: Broken pipe"}, "60": {"class": "org.apache.hadoop.mapred.ShuffleHandler", "method": "", "line_number": "", "message": "Shuffle error:"}}, "parsed_traces": {"43": {"package_class": "org.apache.hadoop.mapred.ShuffleHandler$Shuffle", "method": "sendMapOutput", "file_name": "ShuffleHandler.java", "line_number": 477}, "44": {"package_class": "org.apache.hadoop.mapred.ShuffleHandler$Shuffle", "method": "messageReceived", "file_name": "ShuffleHandler.java", "line_number": 397}, "74": {"package_class": "org.apache.hadoop.mapred.ShuffleHandler$Shuffle", "method": "sendMapOutput", "file_name": "ShuffleHandler.java", "line_number": 477}, "75": {"package_class": "org.apache.hadoop.mapred.ShuffleHandler$Shuffle", "method": "messageReceived", "file_name": "ShuffleHandler.java", "line_number": 397}}}