{"logs": {"0": "2012-07-16 08:49:53,600 INFO [AsyncDispatcher event handler]", "2": "2012-07-16 08:49:53,600 INFO [AsyncDispatcher event handler]", "4": "2012-07-16 08:49:53,600 INFO [AsyncDispatcher event handler]", "6": "2012-07-16 08:49:53,601 ERROR [AsyncDispatcher event handler]", "22": "2012-07-16 08:49:53,601 INFO [AsyncDispatcher event handler]", "24": "2012-07-16 08:49:53,601 INFO [IPC Server handler 17 on 47153]"}, "traces": {"10": "at org.apache.hadoop.yarn.state.StateMachineFactory.doTransition(StateMachineFactory.java:301)", "11": "at org.apache.hadoop.yarn.state.StateMachineFactory.access$300(StateMachineFactory.java:43)", "12": "at org.apache.hadoop.yarn.state.StateMachineFactory$InternalStateMachine.doTransition(StateMachineFactory.java:443)", "13": "at org.apache.hadoop.mapreduce.v2.app.job.impl.TaskAttemptImpl.handle(TaskAttemptImpl.java:954)", "14": "at org.apache.hadoop.mapreduce.v2.app.job.impl.TaskAttemptImpl.handle(TaskAttemptImpl.java:133)", "15": "at org.apache.hadoop.mapreduce.v2.app.MRAppMaster$TaskAttemptEventDispatcher.handle(MRAppMaster.java:913)", "16": "at org.apache.hadoop.mapreduce.v2.app.MRAppMaster$TaskAttemptEventDispatcher.handle(MRAppMaster.java:905)", "17": "at org.apache.hadoop.yarn.event.AsyncDispatcher.dispatch(AsyncDispatcher.java:126)", "18": "at org.apache.hadoop.mapreduce.v2.app.recover.RecoveryService$RecoveryDispatcher.realDispatch(RecoveryService.java:285)", "19": "at org.apache.hadoop.mapreduce.v2.app.recover.RecoveryService$RecoveryDispatcher.dispatch(RecoveryService.java:281)", "20": "at org.apache.hadoop.yarn.event.AsyncDispatcher$1.run(AsyncDispatcher.java:75)"}, "parsed_logs": {"0": {"class": "AsyncDispatcher event handler", "method": "", "line_number": "", "message": ""}, "2": {"class": "AsyncDispatcher event handler", "method": "", "line_number": "", "message": ""}, "4": {"class": "AsyncDispatcher event handler", "method": "", "line_number": "", "message": ""}, "6": {"class": "AsyncDispatcher event handler", "method": "", "line_number": "", "message": ""}, "22": {"class": "AsyncDispatcher event handler", "method": "", "line_number": "", "message": ""}, "24": {"class": "IPC Server handler 17 on 47153", "method": "", "line_number": "", "message": ""}}, "parsed_traces": {"10": {"package_class": "org.apache.hadoop.yarn.state.StateMachineFactory", "method": "doTransition", "file_name": "StateMachineFactory.java", "line_number": 301}, "11": {"package_class": "org.apache.hadoop.yarn.state.StateMachineFactory", "method": "access$300", "file_name": "StateMachineFactory.java", "line_number": 43}, "12": {"package_class": "org.apache.hadoop.yarn.state.StateMachineFactory$InternalStateMachine", "method": "doTransition", "file_name": "StateMachineFactory.java", "line_number": 443}, "13": {"package_class": "org.apache.hadoop.mapreduce.v2.app.job.impl.TaskAttemptImpl", "method": "handle", "file_name": "TaskAttemptImpl.java", "line_number": 954}, "14": {"package_class": "org.apache.hadoop.mapreduce.v2.app.job.impl.TaskAttemptImpl", "method": "handle", "file_name": "TaskAttemptImpl.java", "line_number": 133}, "15": {"package_class": "org.apache.hadoop.mapreduce.v2.app.MRAppMaster$TaskAttemptEventDispatcher", "method": "handle", "file_name": "MRAppMaster.java", "line_number": 913}, "16": {"package_class": "org.apache.hadoop.mapreduce.v2.app.MRAppMaster$TaskAttemptEventDispatcher", "method": "handle", "file_name": "MRAppMaster.java", "line_number": 905}, "17": {"package_class": "org.apache.hadoop.yarn.event.AsyncDispatcher", "method": "dispatch", "file_name": "AsyncDispatcher.java", "line_number": 126}, "18": {"package_class": "org.apache.hadoop.mapreduce.v2.app.recover.RecoveryService$RecoveryDispatcher", "method": "realDispatch", "file_name": "RecoveryService.java", "line_number": 285}, "19": {"package_class": "org.apache.hadoop.mapreduce.v2.app.recover.RecoveryService$RecoveryDispatcher", "method": "dispatch", "file_name": "RecoveryService.java", "line_number": 281}, "20": {"package_class": "org.apache.hadoop.yarn.event.AsyncDispatcher$1", "method": "run", "file_name": "AsyncDispatcher.java", "line_number": 75}}}