{"logs": {"0": "2012-07-13 20:35:21,019 INFO org.apache.hadoop.yarn.server.nodemanager.containermanager.ContainerManagerImpl: Start request for container_1342210962593_0007_01_000001 by user x", "1": "[IPC Server handler 0 on 8041]2012-07-13 20:35:21,043 INFO org.apache.hadoop.yarn.server.nodemanager.containermanager.ContainerManagerImpl: Creating a new application reference for app application_1342210962593_0007", "2": "[IPC Server handler 0 on 8041]2012-07-13 20:35:21,050 INFO org.apache.hadoop.yarn.server.nodemanager.containermanager.application.Application: Application application_1342210962593_0007 transitioned from NEW to INITING", "3": "[AsyncDispatcher event handler]2012-07-13 20:35:21,051 INFO org.apache.hadoop.yarn.server.nodemanager.containermanager.application.Application: Adding container_1342210962593_0007_01_000001 to application application_1342210962593_0007", "4": "[AsyncDispatcher event handler]2012-07-13 20:35:21,062 ERROR org.apache.hadoop.security.UserGroupInformation: PriviledgedActionException as:x (auth:SIMPLE) cause:javax.security.sasl.SaslException: GSS initiate failed [Caused by GSSException: No valid credentials provided (Mechanism level: Failed to find any Kerberos tgt)]", "5": "[AsyncDispatcher event handler]2012-07-13 20:35:21,063 WARN org.apache.hadoop.ipc.Client: Exception encountered while connecting to the server : javax.security.sasl.SaslException: GSS initiate failed [Caused by GSSException: No valid credentials provided (Mechanism level: Failed to find any Kerberos tgt)]", "6": "[AsyncDispatcher event handler]2012-07-13 20:35:21,063 ERROR org.apache.hadoop.security.UserGroupInformation: PriviledgedActionException as:x (auth:SIMPLE) cause:java.io.IOException: javax.security.sasl.SaslException: GSS initiate failed [Caused by GSSException: No valid credentials provided (Mechanism level: Failed to find any Kerberos tgt)]", "7": "[AsyncDispatcher event handler]2012-07-13 20:35:21,063 ERROR org.apache.hadoop.yarn.server.nodemanager.containermanager.logaggregation.LogAggregationService: Failed to create user dir", "9": "[AsyncDispatcher event handler]2012-07-13 20:35:21,064 ERROR org.apache.hadoop.security.UserGroupInformation: PriviledgedActionException as:x (auth:SIMPLE) cause:java.io.IOException: Failed on local exception: java.io.IOException: javax.security.sasl.SaslException: GSS initiate failed [Caused by GSSException: No valid credentials provided (Mechanism level: Failed to find any Kerberos tgt)]; Host Details : local host is: \"xx/xx.xx.xx.xx\"; destination host is: \"\"x\":8020; ", "10": "[AsyncDispatcher event handler]2012-07-13 20:35:21,065 INFO org.apache.hadoop.yarn.server.nodemanager.containermanager.application.Application: Application application_1342210962593_0007 transitioned from INITING to FINISHING_CONTAINERS_WAIT", "11": "[AsyncDispatcher event handler]2012-07-13 20:35:21,067 INFO org.apache.hadoop.yarn.server.nodemanager.containermanager.container.Container: Container container_1342210962593_0007_01_000001 transitioned from NEW to DONE", "12": "[AsyncDispatcher event handler]2012-07-13 20:35:21,067 INFO org.apache.hadoop.yarn.server.nodemanager.containermanager.application.Application: Removing container_1342210962593_0007_01_000001 from application application_1342210962593_0007", "13": "[AsyncDispatcher event handler]2012-07-13 20:35:21,069 INFO org.apache.hadoop.yarn.server.nodemanager.containermanager.application.Application: Application application_1342210962593_0007 transitioned from FINISHING_CONTAINERS_WAIT to APPLICATION_RESOURCES_CLEANINGUP", "14": "[AsyncDispatcher event handler]2012-07-13 20:35:21,070 FATAL org.apache.hadoop.yarn.event.AsyncDispatcher: Error in dispatcher thread", "23": "2012-07-13 20:35:21,071 INFO org.apache.hadoop.yarn.event.AsyncDispatcher: Exiting, bbye..", "24": "[AsyncDispatcher event handler]2012-07-13 20:35:21,072 WARN org.apache.hadoop.yarn.event.AsyncDispatcher: AsyncDispatcher thread interrupted", "31": "2012-07-13 20:35:21,072 INFO org.apache.hadoop.yarn.service.AbstractService: Service:Dispatcher is stopped.", "32": "[Thread-1]2012-07-13 20:35:21,073 INFO org.mortbay.log: Stopped SelectChannelConnector@0.0.0.0:8042", "33": "[Thread-1]2012-07-13 20:35:21,075 INFO org.apache.hadoop.yarn.service.AbstractService: Service:org.apache.hadoop.yarn.server.nodemanager.webapp.WebServer is stopped.", "34": "[Thread-1]2012-07-13 20:35:21,075 INFO org.apache.hadoop.ipc.Server: Stopping server on 8041", "35": "[Thread-1]2012-07-13 20:35:21,076 INFO org.apache.hadoop.ipc.Server: Stopping IPC Server listener on 8041", "36": "[IPC Server listener on 8041]2012-07-13 20:35:21,077 INFO org.apache.hadoop.yarn.server.nodemanager.containermanager.logaggregation.LogAggregationService: org.apache.hadoop.yarn.server.nodemanager.containermanager.logaggregation.LogAggregationService waiting for pending aggregation during exit", "37": "[Thread-1]2012-07-13 20:35:21,077 INFO org.apache.hadoop.ipc.Server: Stopping IPC Server Responder", "38": "[IPC Server Responder]2012-07-13 20:35:21,077 INFO org.apache.hadoop.yarn.service.AbstractService: Service:org.apache.hadoop.yarn.server.nodemanager.containermanager.logaggregation.LogAggregationService is stopped."}, "traces": {"17": "        at org.apache.hadoop.yarn.server.nodemanager.containermanager.logaggregation.LogAggregationService.stopContainer(LogAggregationService.java:347)", "18": "        at org.apache.hadoop.yarn.server.nodemanager.containermanager.logaggregation.LogAggregationService.handle(LogAggregationService.java:381)", "19": "        at org.apache.hadoop.yarn.server.nodemanager.containermanager.logaggregation.LogAggregationService.handle(LogAggregationService.java:65)", "20": "        at org.apache.hadoop.yarn.event.AsyncDispatcher.dispatch(AsyncDispatcher.java:126)", "21": "        at org.apache.hadoop.yarn.event.AsyncDispatcher$1.run(AsyncDispatcher.java:75)", "29": "        at org.apache.hadoop.yarn.event.AsyncDispatcher$1.run(AsyncDispatcher.java:69)"}, "parsed_logs": {"0": {"class": "org.apache.hadoop.yarn.server.nodemanager.containermanager.ContainerManagerImpl", "method": "", "line_number": "", "message": "Start request for container_1342210962593_0007_01_000001 by user x"}, "1": {"class": "org.apache.hadoop.yarn.server.nodemanager.containermanager.ContainerManagerImpl", "method": "", "line_number": "", "message": "Creating a new application reference for app application_1342210962593_0007"}, "2": {"class": "org.apache.hadoop.yarn.server.nodemanager.containermanager.application.Application", "method": "", "line_number": "", "message": "Application application_1342210962593_0007 transitioned from NEW to INITING"}, "3": {"class": "org.apache.hadoop.yarn.server.nodemanager.containermanager.application.Application", "method": "", "line_number": "", "message": "Adding container_1342210962593_0007_01_000001 to application application_1342210962593_0007"}, "4": {"class": "org.apache.hadoop.security.UserGroupInformation", "method": "", "line_number": "", "message": "PriviledgedActionException as:x (auth:SIMPLE) cause:javax.security.sasl.SaslException: GSS initiate failed [Caused by GSSException: No valid credentials provided (Mechanism level: Failed to find any Kerberos tgt)]"}, "5": {"class": "org.apache.hadoop.ipc.Client", "method": "", "line_number": "", "message": "Exception encountered while connecting to the server : javax.security.sasl.SaslException: GSS initiate failed [Caused by GSSException: No valid credentials provided (Mechanism level: Failed to find any Kerberos tgt)]"}, "6": {"class": "org.apache.hadoop.security.UserGroupInformation", "method": "", "line_number": "", "message": "PriviledgedActionException as:x (auth:SIMPLE) cause:java.io.IOException: javax.security.sasl.SaslException: GSS initiate failed [Caused by GSSException: No valid credentials provided (Mechanism level: Failed to find any Kerberos tgt)]"}, "7": {"class": "org.apache.hadoop.yarn.server.nodemanager.containermanager.logaggregation.LogAggregationService", "method": "", "line_number": "", "message": "Failed to create user dir"}, "9": {"class": "org.apache.hadoop.security.UserGroupInformation", "method": "", "line_number": "", "message": "PriviledgedActionException as:x (auth:SIMPLE) cause:java.io.IOException: Failed on local exception: java.io.IOException: javax.security.sasl.SaslException: GSS initiate failed [Caused by GSSException: No valid credentials provided (Mechanism level: Failed to find any Kerberos tgt)]; Host Details : local host is: \"xx/xx.xx.xx.xx\"; destination host is: \"x\":8020;"}, "10": {"class": "org.apache.hadoop.yarn.server.nodemanager.containermanager.application.Application", "method": "", "line_number": "", "message": "Application application_1342210962593_0007 transitioned from INITING to FINISHING_CONTAINERS_WAIT"}, "11": {"class": "org.apache.hadoop.yarn.server.nodemanager.containermanager.container.Container", "method": "", "line_number": "", "message": "Container container_1342210962593_0007_01_000001 transitioned from NEW to DONE"}, "12": {"class": "org.apache.hadoop.yarn.server.nodemanager.containermanager.application.Application", "method": "", "line_number": "", "message": "Removing container_1342210962593_0007_01_000001 from application application_1342210962593_0007"}, "13": {"class": "org.apache.hadoop.yarn.server.nodemanager.containermanager.application.Application", "method": "", "line_number": "", "message": "Application application_1342210962593_0007 transitioned from FINISHING_CONTAINERS_WAIT to APPLICATION_RESOURCES_CLEANINGUP"}, "14": {"class": "org.apache.hadoop.yarn.event.AsyncDispatcher", "method": "", "line_number": "", "message": "Error in dispatcher thread"}, "23": {"class": "org.apache.hadoop.yarn.event.AsyncDispatcher", "method": "", "line_number": "", "message": "Exiting, bbye.."}, "24": {"class": "org.apache.hadoop.yarn.event.AsyncDispatcher", "method": "", "line_number": "", "message": "AsyncDispatcher thread interrupted"}, "31": {"class": "org.apache.hadoop.yarn.service.AbstractService", "method": "", "line_number": "", "message": "Service:Dispatcher is stopped."}, "32": {"class": "org.mortbay.log", "method": "", "line_number": "", "message": "Stopped SelectChannelConnector@0.0.0.0:8042"}, "33": {"class": "org.apache.hadoop.yarn.service.AbstractService", "method": "", "line_number": "", "message": "Service:org.apache.hadoop.yarn.server.nodemanager.webapp.WebServer is stopped."}, "34": {"class": "org.apache.hadoop.ipc.Server", "method": "", "line_number": "", "message": "Stopping server on 8041"}, "35": {"class": "org.apache.hadoop.ipc.Server", "method": "", "line_number": "", "message": "Stopping IPC Server listener on 8041"}, "36": {"class": "org.apache.hadoop.yarn.server.nodemanager.containermanager.logaggregation.LogAggregationService", "method": "", "line_number": "", "message": "waiting for pending aggregation during exit"}, "37": {"class": "org.apache.hadoop.ipc.Server", "method": "", "line_number": "", "message": "Stopping IPC Server Responder"}, "38": {"class": "org.apache.hadoop.yarn.service.AbstractService", "method": "", "line_number": "", "message": "Service:org.apache.hadoop.yarn.server.nodemanager.containermanager.logaggregation.LogAggregationService is stopped."}}, "parsed_traces": {"17": {"package_class": "org.apache.hadoop.yarn.server.nodemanager.containermanager.logaggregation.LogAggregationService", "method": "stopContainer", "file_name": "LogAggregationService.java", "line_number": 347}, "18": {"package_class": "org.apache.hadoop.yarn.server.nodemanager.containermanager.logaggregation.LogAggregationService", "method": "handle", "file_name": "LogAggregationService.java", "line_number": 381}, "19": {"package_class": "org.apache.hadoop.yarn.server.nodemanager.containermanager.logaggregation.LogAggregationService", "method": "handle", "file_name": "LogAggregationService.java", "line_number": 65}, "20": {"package_class": "org.apache.hadoop.yarn.event.AsyncDispatcher", "method": "dispatch", "file_name": "AsyncDispatcher.java", "line_number": 126}, "21": {"package_class": "org.apache.hadoop.yarn.event.AsyncDispatcher$1", "method": "run", "file_name": "AsyncDispatcher.java", "line_number": 75}, "29": {"package_class": "org.apache.hadoop.yarn.event.AsyncDispatcher$1", "method": "run", "file_name": "AsyncDispatcher.java", "line_number": 69}}}