{"logs": {"0": "2013-07-18 04:32:57,900 INFO fetcher#4 org.apache.hadoop.mapreduce.task.reduce.Fetcher: fetcher#4 - MergerManager returned Status.WAIT ...", "2": "2013-07-18 04:32:57,904 INFO fetcher#3 org.apache.hadoop.mapreduce.task.reduce.Fetcher: fetcher#3 - MergerManager returned Status.WAIT ..."}, "traces": {}, "parsed_logs": {"0": {"class": "org.apache.hadoop.mapreduce.task.reduce.Fetcher", "method": "", "line_number": "", "message": "fetcher#4 - MergerManager returned Status.WAIT ..."}, "2": {"class": "org.apache.hadoop.mapreduce.task.reduce.Fetcher", "method": "", "line_number": "", "message": "fetcher#3 - MergerManager returned Status.WAIT ..."}}, "parsed_traces": {}}