{"logs": {"0": "2012-02-28 19:17:08,504 INFO org.apache.hadoop.mapred.Merger: Down to the last merge-pass, with 3 segments left of total size: 1969310 bytes", "1": "2012-02-28 19:17:08,694 INFO org.apache.hadoop.mapred.Task: Task:attempt_201202272306_0794_m_000094_0 is done. And is in the process of commiting", "2": "2012-02-28 19:18:08,774 INFO org.apache.hadoop.mapred.Task: Communication exception: java.io.IOException: Call to /127.0.0.1:35400 failed on local exception: java.nio.channels.ClosedByInterruptException", "22": "2012-02-28 19:18:08,825 INFO org.apache.hadoop.mapred.Task: Task 'attempt_201202272306_0794_m_000094_0' done.", "24": "2012-02-28 19:17:02,214 INFO org.apache.hadoop.mapred.Merger: Down to the last merge-pass, with 3 segments left of total size: 1974104 bytes", "25": "2012-02-28 19:17:02,408 INFO org.apache.hadoop.mapred.Task: Task:attempt_201202272306_0794_m_000000_0 is done. And is in the process of commiting", "26": "2012-02-28 19:17:02,519 INFO org.apache.hadoop.mapred.Task: Task 'attempt_201202272306_0794_m_000000_0' done."}, "traces": {"3": "at org.apache.hadoop.ipc.Client.wrapException(Client.java:1094)", "4": "at org.apache.hadoop.ipc.Client.call(Client.java:1062)", "5": "at org.apache.hadoop.ipc.WritableRpcEngine$Invoker.invoke(WritableRpcEngine.java:198)", "7": "at org.apache.hadoop.mapred.Task$TaskReporter.run(Task.java:650)", "12": "at org.apache.hadoop.net.SocketOutputStream$Writer.performIO(SocketOutputStream.java:60)", "13": "at org.apache.hadoop.net.SocketIOWithTimeout.doIO(SocketIOWithTimeout.java:142)", "14": "at org.apache.hadoop.net.SocketOutputStream.write(SocketOutputStream.java:151)", "15": "at org.apache.hadoop.net.SocketOutputStream.write(SocketOutputStream.java:112)", "19": "at org.apache.hadoop.ipc.Client$Connection.sendParam(Client.java:769)", "20": "at org.apache.hadoop.ipc.Client.call(Client.java:1040)"}, "parsed_logs": {"0": {"class": "org.apache.hadoop.mapred.Merger", "method": "", "line_number": "", "message": "Down to the last merge-pass, with 3 segments left of total size: 1969310 bytes"}, "1": {"class": "org.apache.hadoop.mapred.Task", "method": "", "line_number": "", "message": "Task:attempt_201202272306_0794_m_000094_0 is done. And is in the process of commiting"}, "2": {"class": "org.apache.hadoop.mapred.Task", "method": "", "line_number": "", "message": "Communication exception: java.io.IOException: Call to /127.0.0.1:35400 failed on local exception: java.nio.channels.ClosedByInterruptException"}, "22": {"class": "org.apache.hadoop.mapred.Task", "method": "", "line_number": "", "message": "Task 'attempt_201202272306_0794_m_000094_0' done."}, "24": {"class": "org.apache.hadoop.mapred.Merger", "method": "", "line_number": "", "message": "Down to the last merge-pass, with 3 segments left of total size: 1974104 bytes"}, "25": {"class": "org.apache.hadoop.mapred.Task", "method": "", "line_number": "", "message": "Task:attempt_201202272306_0794_m_000000_0 is done. And is in the process of commiting"}, "26": {"class": "org.apache.hadoop.mapred.Task", "method": "", "line_number": "", "message": "Task 'attempt_201202272306_0794_m_000000_0' done."}}, "parsed_traces": {"3": {"package_class": "org.apache.hadoop.ipc.Client", "method": "wrapException", "file_name": "Client.java", "line_number": 1094}, "4": {"package_class": "org.apache.hadoop.ipc.Client", "method": "call", "file_name": "Client.java", "line_number": 1062}, "5": {"package_class": "org.apache.hadoop.ipc.WritableRpcEngine$Invoker", "method": "invoke", "file_name": "WritableRpcEngine.java", "line_number": 198}, "7": {"package_class": "org.apache.hadoop.mapred.Task$TaskReporter", "method": "run", "file_name": "Task.java", "line_number": 650}, "12": {"package_class": "org.apache.hadoop.net.SocketOutputStream$Writer", "method": "performIO", "file_name": "SocketOutputStream.java", "line_number": 60}, "13": {"package_class": "org.apache.hadoop.net.SocketIOWithTimeout", "method": "doIO", "file_name": "SocketIOWithTimeout.java", "line_number": 142}, "14": {"package_class": "org.apache.hadoop.net.SocketOutputStream", "method": "write", "file_name": "SocketOutputStream.java", "line_number": 151}, "15": {"package_class": "org.apache.hadoop.net.SocketOutputStream", "method": "write", "file_name": "SocketOutputStream.java", "line_number": 112}, "19": {"package_class": "org.apache.hadoop.ipc.Client$Connection", "method": "sendParam", "file_name": "Client.java", "line_number": 769}, "20": {"package_class": "org.apache.hadoop.ipc.Client", "method": "call", "file_name": "Client.java", "line_number": 1040}}}