{"logs": {"1": "13/08/30 08:45:39 INFO client.RMProxy: Connecting to ResourceManager at hostname/68.142.247.148:8032", "2": "13/08/30 08:45:40 INFO hdfs.DFSClient: Created HDFS_DELEGATION_TOKEN token 19 for user on ha-hdfs:ha-2-secure", "3": "13/08/30 08:45:40 INFO security.TokenCache: Got dt for hdfs://ha-2-secure; Kind: HDFS_DELEGATION_TOKEN, Service: ha-hdfs:ha-2-secure, Ident: (HDFS_DELEGATION_TOKEN token 19 for user)", "4": "13/08/30 08:45:40 INFO input.FileInputFormat: Total input paths to process : 20", "5": "13/08/30 08:45:40 INFO lzo.GPLNativeCodeLoader: Loaded native gpl library", "6": "13/08/30 08:45:40 INFO lzo.LzoCodec: Successfully loaded & initialized native-lzo library [hadoop-lzo rev cf4e7cbf8ed0f0622504d008101c2729dc0c9ff3]", "7": "13/08/30 08:45:40 INFO mapreduce.JobSubmitter: number of splits:180", "8": "13/08/30 08:45:40 WARN conf.Configuration: user.name is deprecated. Instead, use mapreduce.job.user.name", "9": "13/08/30 08:45:40 WARN conf.Configuration: mapred.jar is deprecated. Instead, use mapreduce.job.jar", "10": "13/08/30 08:45:40 WARN conf.Configuration: mapred.output.value.class is deprecated. Instead, use mapreduce.job.output.value.class", "11": "13/08/30 08:45:40 WARN conf.Configuration: mapreduce.combine.class is deprecated. Instead, use mapreduce.job.combine.class", "12": "13/08/30 08:45:40 WARN conf.Configuration: mapreduce.map.class is deprecated. Instead, use mapreduce.job.map.class", "13": "13/08/30 08:45:40 WARN conf.Configuration: mapred.job.name is deprecated. Instead, use mapreduce.job.name", "14": "13/08/30 08:45:40 WARN conf.Configuration: mapreduce.reduce.class is deprecated. Instead, use mapreduce.job.reduce.class", "15": "13/08/30 08:45:40 WARN conf.Configuration: mapred.input.dir is deprecated. Instead, use mapreduce.input.fileinputformat.inputdir", "16": "13/08/30 08:45:40 WARN conf.Configuration: mapred.output.dir is deprecated. Instead, use mapreduce.output.fileoutputformat.outputdir", "17": "13/08/30 08:45:40 WARN conf.Configuration: mapred.map.tasks is deprecated. Instead, use mapreduce.job.maps", "18": "13/08/30 08:45:40 WARN conf.Configuration: mapred.output.key.class is deprecated. Instead, use mapreduce.job.output.key.class", "19": "13/08/30 08:45:40 WARN conf.Configuration: mapred.working.dir is deprecated. Instead, use mapreduce.job.working.dir", "20": "13/08/30 08:45:41 INFO mapreduce.JobSubmitter: Submitting tokens for job: job_1377851032086_0003", "21": "13/08/30 08:45:41 INFO mapreduce.JobSubmitter: Kind: HDFS_DELEGATION_TOKEN, Service: ha-hdfs:ha-2-secure, Ident: (HDFS_DELEGATION_TOKEN token 19 for user)", "22": "13/08/30 08:45:42 INFO impl.YarnClientImpl: Submitted application application_1377851032086_0003 to ResourceManager at hostname/68.142.247.148:8032", "23": "13/08/30 08:45:42 INFO mapreduce.Job: The url to track the job: http://hostname:8088/proxy/application_1377851032086_0003/", "24": "13/08/30 08:45:42 INFO mapreduce.Job: Running job: job_1377851032086_0003", "25": "13/08/30 08:45:48 INFO mapreduce.Job: Job job_1377851032086_0003 running in uber mode : false", "26": "13/08/30 08:45:48 INFO mapreduce.Job:  map 0% reduce 0%", "28": "beaver.component.hadoop|INFO|Kill container container_1377851032086_0003_01_000001 on host hostname", "33": "13/08/30 08:45:55 INFO ipc.Client: Retrying connect to server: hostname/68.142.247.155:52713. Already tried 0 time(s); retry policy is RetryUpToMaximumCountWithFixedSleep(maxRetries=1, sleepTime=1 SECONDS)", "34": "13/08/30 08:45:56 INFO ipc.Client: Retrying connect to server: hostname/68.142.247.155:52713. Already tried 0 time(s); retry policy is RetryUpToMaximumCountWithFixedSleep(maxRetries=1, sleepTime=1 SECONDS)", "35": "13/08/30 08:45:56 ERROR security.UserGroupInformation: PriviledgedActionException as:user@REALM (auth:KERBEROS) cause:java.io.IOException: java.net.ConnectException: Call From hostname.ConnectException: Connection refused; For more details see:  http://wiki.apache.org/hadoop/ConnectionRefused"}, "traces": {"37": "at org.apache.hadoop.mapred.ClientServiceDelegate.invoke(ClientServiceDelegate.java:319)", "38": "at org.apache.hadoop.mapred.ClientServiceDelegate.getTaskCompletionEvents(ClientServiceDelegate.java:354)", "39": "at org.apache.hadoop.mapred.YARNRunner.getTaskCompletionEvents(YARNRunner.java:529)", "40": "at org.apache.hadoop.mapreduce.Job$5.run(Job.java:668)", "41": "at org.apache.hadoop.mapreduce.Job$5.run(Job.java:665)", "44": "at org.apache.hadoop.security.UserGroupInformation.doAs(UserGroupInformation.java:1477)", "45": "at org.apache.hadoop.mapreduce.Job.getTaskCompletionEvents(Job.java:665)", "46": "at org.apache.hadoop.mapreduce.Job.monitorAndPrintJob(Job.java:1349)", "47": "at org.apache.hadoop.mapreduce.Job.waitForCompletion(Job.java:1289)", "48": "at org.apache.hadoop.examples.WordCount.main(WordCount.java:84)", "53": "at org.apache.hadoop.util.ProgramDriver$ProgramDescription.invoke(ProgramDriver.java:72)", "54": "at org.apache.hadoop.util.ProgramDriver.run(ProgramDriver.java:144)", "55": "at org.apache.hadoop.examples.ExampleDriver.main(ExampleDriver.java:74)", "60": "at org.apache.hadoop.util.RunJar.main(RunJar.java:212)", "66": "at org.apache.hadoop.net.NetUtils.wrapWithMessage(NetUtils.java:783)", "67": "at org.apache.hadoop.net.NetUtils.wrapException(NetUtils.java:730)", "68": "at org.apache.hadoop.ipc.Client.call(Client.java:1351)", "69": "at org.apache.hadoop.ipc.Client.call(Client.java:1300)", "70": "at org.apache.hadoop.ipc.ProtobufRpcEngine$Invoker.invoke(ProtobufRpcEngine.java:206)", "72": "at org.apache.hadoop.mapreduce.v2.api.impl.pb.client.MRClientProtocolPBClientImpl.getTaskAttemptCompletionEvents(MRClientProtocolPBClientImpl.java:177)", "77": "at org.apache.hadoop.mapred.ClientServiceDelegate.invoke(ClientServiceDelegate.java:310)", "82": "at org.apache.hadoop.net.SocketIOWithTimeout.connect(SocketIOWithTimeout.java:206)", "83": "at org.apache.hadoop.net.NetUtils.connect(NetUtils.java:529)", "84": "at org.apache.hadoop.net.NetUtils.connect(NetUtils.java:493)", "85": "at org.apache.hadoop.ipc.Client$Connection.setupConnection(Client.java:547)", "86": "at org.apache.hadoop.ipc.Client$Connection.setupIOstreams(Client.java:642)", "87": "at org.apache.hadoop.ipc.Client$Connection.access$2600(Client.java:314)", "88": "at org.apache.hadoop.ipc.Client.getConnection(Client.java:1399)", "89": "at org.apache.hadoop.ipc.Client.call(Client.java:1318)"}, "parsed_logs": {"1": {"class": "client.RMProxy", "method": "", "line_number": "", "message": "Connecting to ResourceManager at hostname/68.142.247.148:8032"}, "2": {"class": "hdfs.DFSClient", "method": "", "line_number": "", "message": "Created HDFS_DELEGATION_TOKEN token 19 for user on ha-hdfs:ha-2-secure"}, "3": {"class": "security.TokenCache", "method": "Got dt", "line_number": "", "message": "for hdfs://ha-2-secure; Kind: HDFS_DELEGATION_TOKEN, Service: ha-hdfs:ha-2-secure, Ident: (HDFS_DELEGATION_TOKEN token 19 for user)"}, "4": {"class": "input.FileInputFormat", "method": "", "line_number": "", "message": "Total input paths to process : 20"}, "5": {"class": "lzo.GPLNativeCodeLoader", "method": "", "line_number": "", "message": "Loaded native gpl library"}, "6": {"class": "lzo.LzoCodec", "method": "", "line_number": "", "message": "Successfully loaded & initialized native-lzo library [hadoop-lzo rev cf4e7cbf8ed0f0622504d008101c2729dc0c9ff3]"}, "7": {"class": "mapreduce.JobSubmitter", "method": "", "line_number": "", "message": "number of splits:180"}, "8": {"class": "conf.Configuration", "method": "", "line_number": "", "message": "user.name is deprecated. Instead, use mapreduce.job.user.name"}, "9": {"class": "conf.Configuration", "method": "", "line_number": "", "message": "mapred.jar is deprecated. Instead, use mapreduce.job.jar"}, "10": {"class": "conf.Configuration", "method": "", "line_number": "", "message": "mapred.output.value.class is deprecated. Instead, use mapreduce.job.output.value.class"}, "11": {"class": "conf.Configuration", "method": "", "line_number": "", "message": "mapreduce.combine.class is deprecated. Instead, use mapreduce.job.combine.class"}, "12": {"class": "conf.Configuration", "method": "", "line_number": "", "message": "mapreduce.map.class is deprecated. Instead, use mapreduce.job.map.class"}, "13": {"class": "conf.Configuration", "method": "", "line_number": "", "message": "mapred.job.name is deprecated. Instead, use mapreduce.job.name"}, "14": {"class": "conf.Configuration", "method": "", "line_number": "", "message": "mapreduce.reduce.class is deprecated. Instead, use mapreduce.job.reduce.class"}, "15": {"class": "conf.Configuration", "method": "", "line_number": "", "message": "mapred.input.dir is deprecated. Instead, use mapreduce.input.fileinputformat.inputdir"}, "16": {"class": "conf.Configuration", "method": "", "line_number": "", "message": "mapred.output.dir is deprecated. Instead, use mapreduce.output.fileoutputformat.outputdir"}, "17": {"class": "conf.Configuration", "method": "", "line_number": "", "message": "mapred.map.tasks is deprecated. Instead, use mapreduce.job.maps"}, "18": {"class": "conf.Configuration", "method": "", "line_number": "", "message": "mapred.output.key.class is deprecated. Instead, use mapreduce.job.output.key.class"}, "19": {"class": "conf.Configuration", "method": "", "line_number": "", "message": "mapred.working.dir is deprecated. Instead, use mapreduce.job.working.dir"}, "20": {"class": "mapreduce.JobSubmitter", "method": "", "line_number": "", "message": "Submitting tokens for job: job_1377851032086_0003"}, "21": {"class": "mapreduce.JobSubmitter", "method": "", "line_number": "", "message": "Kind: HDFS_DELEGATION_TOKEN, Service: ha-hdfs:ha-2-secure, Ident: (HDFS_DELEGATION_TOKEN token 19 for user)"}, "22": {"class": "impl.YarnClientImpl", "method": "", "line_number": "", "message": "Submitted application application_1377851032086_0003 to ResourceManager at hostname/68.142.247.148:8032"}, "23": {"class": "mapreduce.Job", "method": "", "line_number": "", "message": "The url to track the job: http://hostname:8088/proxy/application_1377851032086_0003/"}, "24": {"class": "mapreduce.Job", "method": "", "line_number": "", "message": "Running job: job_1377851032086_0003"}, "25": {"class": "mapreduce.Job", "method": "", "line_number": "", "message": "Job job_1377851032086_0003 running in uber mode : false"}, "26": {"class": "mapreduce.Job", "method": "", "line_number": "", "message": "map 0% reduce 0%"}, "28": {"class": "beaver.component.hadoop", "method": "", "line_number": "", "message": "Kill container container_1377851032086_0003_01_000001 on host hostname"}, "33": {"class": "ipc.Client", "method": "", "line_number": "", "message": "Retrying connect to server: hostname/68.142.247.155:52713. Already tried 0 time(s); retry policy is RetryUpToMaximumCountWithFixedSleep(maxRetries=1, sleepTime=1 SECONDS)"}, "34": {"class": "ipc.Client", "method": "", "line_number": "", "message": "Retrying connect to server: hostname/68.142.247.155:52713. Already tried 0 time(s); retry policy is RetryUpToMaximumCountWithFixedSleep(maxRetries=1, sleepTime=1 SECONDS)"}, "35": {"class": "security.UserGroupInformation", "method": "", "line_number": "", "message": "PriviledgedActionException as:user@REALM (auth:KERBEROS) cause:java.io.IOException: java.net.ConnectException: Call From hostname.ConnectException: Connection refused; For more details see: http://wiki.apache.org/hadoop/ConnectionRefused"}}, "parsed_traces": {"37": {"package_class": "org.apache.hadoop.mapred.ClientServiceDelegate", "method": "invoke", "file_name": "ClientServiceDelegate.java", "line_number": 319}, "38": {"package_class": "org.apache.hadoop.mapred.ClientServiceDelegate", "method": "getTaskCompletionEvents", "file_name": "ClientServiceDelegate.java", "line_number": 354}, "39": {"package_class": "org.apache.hadoop.mapred.YARNRunner", "method": "getTaskCompletionEvents", "file_name": "YARNRunner.java", "line_number": 529}, "40": {"package_class": "org.apache.hadoop.mapreduce.Job$5", "method": "run", "file_name": "Job.java", "line_number": 668}, "41": {"package_class": "org.apache.hadoop.mapreduce.Job$5", "method": "run", "file_name": "Job.java", "line_number": 665}, "44": {"package_class": "org.apache.hadoop.security.UserGroupInformation", "method": "doAs", "file_name": "UserGroupInformation.java", "line_number": 1477}, "45": {"package_class": "org.apache.hadoop.mapreduce.Job", "method": "getTaskCompletionEvents", "file_name": "Job.java", "line_number": 665}, "46": {"package_class": "org.apache.hadoop.mapreduce.Job", "method": "monitorAndPrintJob", "file_name": "Job.java", "line_number": 1349}, "47": {"package_class": "org.apache.hadoop.mapreduce.Job", "method": "waitForCompletion", "file_name": "Job.java", "line_number": 1289}, "48": {"package_class": "org.apache.hadoop.examples.WordCount", "method": "main", "file_name": "WordCount.java", "line_number": 84}, "53": {"package_class": "org.apache.hadoop.util.ProgramDriver$ProgramDescription", "method": "invoke", "file_name": "ProgramDriver.java", "line_number": 72}, "54": {"package_class": "org.apache.hadoop.util.ProgramDriver", "method": "run", "file_name": "ProgramDriver.java", "line_number": 144}, "55": {"package_class": "org.apache.hadoop.examples.ExampleDriver", "method": "main", "file_name": "ExampleDriver.java", "line_number": 74}, "60": {"package_class": "org.apache.hadoop.util.RunJar", "method": "main", "file_name": "RunJar.java", "line_number": 212}, "66": {"package_class": "org.apache.hadoop.net.NetUtils", "method": "wrapWithMessage", "file_name": "NetUtils.java", "line_number": 783}, "67": {"package_class": "org.apache.hadoop.net.NetUtils", "method": "wrapException", "file_name": "NetUtils.java", "line_number": 730}, "68": {"package_class": "org.apache.hadoop.ipc.Client", "method": "call", "file_name": "Client.java", "line_number": 1351}, "69": {"package_class": "org.apache.hadoop.ipc.Client", "method": "call", "file_name": "Client.java", "line_number": 1300}, "70": {"package_class": "org.apache.hadoop.ipc.ProtobufRpcEngine$Invoker", "method": "invoke", "file_name": "ProtobufRpcEngine.java", "line_number": 206}, "72": {"package_class": "org.apache.hadoop.mapreduce.v2.api.impl.pb.client.MRClientProtocolPBClientImpl", "method": "getTaskAttemptCompletionEvents", "file_name": "MRClientProtocolPBClientImpl.java", "line_number": 177}, "77": {"package_class": "org.apache.hadoop.mapred.ClientServiceDelegate", "method": "invoke", "file_name": "ClientServiceDelegate.java", "line_number": 310}, "82": {"package_class": "org.apache.hadoop.net.SocketIOWithTimeout", "method": "connect", "file_name": "SocketIOWithTimeout.java", "line_number": 206}, "83": {"package_class": "org.apache.hadoop.net.NetUtils", "method": "connect", "file_name": "NetUtils.java", "line_number": 529}, "84": {"package_class": "org.apache.hadoop.net.NetUtils", "method": "connect", "file_name": "NetUtils.java", "line_number": 493}, "85": {"package_class": "org.apache.hadoop.ipc.Client$Connection", "method": "setupConnection", "file_name": "Client.java", "line_number": 547}, "86": {"package_class": "org.apache.hadoop.ipc.Client$Connection", "method": "setupIOstreams", "file_name": "Client.java", "line_number": 642}, "87": {"package_class": "org.apache.hadoop.ipc.Client$Connection", "method": "access$2600", "file_name": "Client.java", "line_number": 314}, "88": {"package_class": "org.apache.hadoop.ipc.Client", "method": "getConnection", "file_name": "Client.java", "line_number": 1399}, "89": {"package_class": "org.apache.hadoop.ipc.Client", "method": "call", "file_name": "Client.java", "line_number": 1318}}}