{"logs": {"1": "13/09/26 14:38:46 INFO client.RMProxy: Connecting to ResourceManager at xx/xx:xx", "2": "13/09/26 14:38:48 INFO mapred.ClientServiceDelegate: Application state is completed. FinalApplicationStatus=KILLED. Redirecting to job history server"}, "traces": {"4": " at org.apache.hadoop.mapred.YARNRunner.killJob(YARNRunner.java:563)", "5": " at org.apache.hadoop.mapreduce.Job.killJob(Job.java:624)", "6": " at org.apache.hadoop.mapreduce.tools.CLI.run(CLI.java:299)", "7": " at org.apache.hadoop.util.ToolRunner.run(ToolRunner.java:70)", "8": " at org.apache.hadoop.util.ToolRunner.run(ToolRunner.java:84)", "9": " at org.apache.hadoop.mapred.JobClient.main(JobClient.java:1231)"}, "parsed_logs": {"1": {"class": "client.RMProxy", "method": "", "line_number": "", "message": "Connecting to ResourceManager at xx/xx:xx"}, "2": {"class": "mapred.ClientServiceDelegate", "method": "", "line_number": "", "message": "Application state is completed. FinalApplicationStatus=KILLED. Redirecting to job history server"}}, "parsed_traces": {"4": {"package_class": "org.apache.hadoop.mapred.YARNRunner", "method": "killJob", "file_name": "YARNRunner.java", "line_number": 563}, "5": {"package_class": "org.apache.hadoop.mapreduce.Job", "method": "killJob", "file_name": "Job.java", "line_number": 624}, "6": {"package_class": "org.apache.hadoop.mapreduce.tools.CLI", "method": "run", "file_name": "CLI.java", "line_number": 299}, "7": {"package_class": "org.apache.hadoop.util.ToolRunner", "method": "run", "file_name": "ToolRunner.java", "line_number": 70}, "8": {"package_class": "org.apache.hadoop.util.ToolRunner", "method": "run", "file_name": "ToolRunner.java", "line_number": 84}, "9": {"package_class": "org.apache.hadoop.mapred.JobClient", "method": "main", "file_name": "JobClient.java", "line_number": 1231}}}