{"logs": {"0": "2013-03-27 23:30:26,591 ERROR org.apache.hadoop.ipc.RPC: RPC.stopProxy called on non proxy.", "27": "2013-03-27 23:30:26,594 WARN org.apache.hadoop.ipc.Server: IPC Server handler 15 on 8032, call org.apache.hadoop.yarn.api.ClientRMProtocolPB.submitApplication from 10.46.37.244:36960: error: org.apache.hadoop.HadoopIllegalArgumentException: Cannot close proxy - is not Closeable or does not provide closeable invocation handler class org.apache.hadoop.mapreduce.v2.api.impl.pb.client.HSClientProtocolPBClientImpl"}, "traces": {"3": "    at org.apache.hadoop.ipc.RPC.stopProxy(RPC.java:609)", "4": "    at org.apache.hadoop.mapreduce.v2.security.MRDelegationTokenRenewer.stopHistoryProxy(MRDelegationTokenRenewer.java:102)", "5": "    at org.apache.hadoop.mapreduce.v2.security.MRDelegationTokenRenewer.renew(MRDelegationTokenRenewer.java:71)", "6": "    at org.apache.hadoop.security.token.Token.renew(Token.java:372)", "7": "    at org.apache.hadoop.yarn.server.resourcemanager.security.DelegationTokenRenewer$1.run(DelegationTokenRenewer.java:370)", "8": "    at org.apache.hadoop.yarn.server.resourcemanager.security.DelegationTokenRenewer$1.run(DelegationTokenRenewer.java:367)", "11": "    at org.apache.hadoop.security.UserGroupInformation.doAs(UserGroupInformation.java:1478)", "13": "    at org.apache.hadoop.yarn.server.resourcemanager.security.DelegationTokenRenewer.addApplication(DelegationTokenRenewer.java:288)", "14": "    at org.apache.hadoop.yarn.server.resourcemanager.RMAppManager.submitApplication(RMAppManager.java:269)", "15": "    at org.apache.hadoop.yarn.server.resourcemanager.RMAppManager.handle(RMAppManager.java:353)", "16": "    at org.apache.hadoop.yarn.server.resourcemanager.ClientRMService.submitApplication(ClientRMService.java:279)", "17": "    at org.apache.hadoop.yarn.api.impl.pb.service.ClientRMProtocolPBServiceImpl.submitApplication(ClientRMProtocolPBServiceImpl.java:151)", "18": "    at org.apache.hadoop.yarn.proto.ClientRMProtocol$ClientRMProtocolService$2.callBlockingMethod(ClientRMProtocol.java:204)", "19": "    at org.apache.hadoop.ipc.ProtobufRpcEngine$Server$ProtoBufRpcInvoker.call(ProtobufRpcEngine.java:454)", "20": "    at org.apache.hadoop.ipc.RPC$Server.call(RPC.java:1014)", "21": "    at org.apache.hadoop.ipc.Server$Handler$1.run(Server.java:1741)", "22": "    at org.apache.hadoop.ipc.Server$Handler$1.run(Server.java:1737)", "25": "    at org.apache.hadoop.security.UserGroupInformation.doAs(UserGroupInformation.java:1478)", "26": "    at org.apache.hadoop.ipc.Server$Handler.run(Server.java:1735)", "29": "     at org.apache.hadoop.ipc.RPC.stopProxy(RPC.java:624)", "30": "     at org.apache.hadoop.mapreduce.v2.security.MRDelegationTokenRenewer.stopHistoryProxy(MRDelegationTokenRenewer.java:102)", "31": "    at org.apache.hadoop.mapreduce.v2.security.MRDelegationTokenRenewer.renew(MRDelegationTokenRenewer.java:71)", "32": "    at org.apache.hadoop.security.token.Token.renew(Token.java:372)", "33": "    at org.apache.hadoop.yarn.server.resourcemanager.security.DelegationTokenRenewer$1.run(DelegationTokenRenewer.java:370)", "34": "    at org.apache.hadoop.yarn.server.resourcemanager.security.DelegationTokenRenewer$1.run(DelegationTokenRenewer.java:367)", "37": "    at org.apache.hadoop.security.UserGroupInformation.doAs(UserGroupInformation.java:1478)", "38": "    at org.apache.hadoop.yarn.server.resourcemanager.security.DelegationTokenRenewer.renewToken(DelegationTokenRenewer.java:366)", "39": "    at org.apache.hadoop.yarn.server.resourcemanager.security.DelegationTokenRenewer.addApplication(DelegationTokenRenewer.java:288)", "40": "    at org.apache.hadoop.yarn.server.resourcemanager.RMAppManager.submitApplication(RMAppManager.java:269)", "41": "    at org.apache.hadoop.yarn.server.resourcemanager.RMAppManager.handle(RMAppManager.java:353)", "42": "    at org.apache.hadoop.yarn.server.resourcemanager.ClientRMService.submitApplication(ClientRMService.java:279)", "43": "    at org.apache.hadoop.yarn.api.impl.pb.service.ClientRMProtocolPBServiceImpl.submitApplication(ClientRMProtocolPBServiceImpl.java:151)", "44": "    at org.apache.hadoop.yarn.proto.ClientRMProtocol$ClientRMProtocolService$2.callBlockingMethod(ClientRMProtocol.java:204)", "45": "    at org.apache.hadoop.ipc.ProtobufRpcEngine$Server$ProtoBufRpcInvoker.call(ProtobufRpcEngine.java:454)", "46": "    at org.apache.hadoop.ipc.RPC$Server.call(RPC.java:1014)", "47": "    at org.apache.hadoop.ipc.Server$Handler$1.run(Server.java:1741)", "48": "    at org.apache.hadoop.ipc.Server$Handler$1.run(Server.java:1737)", "51": "    at org.apache.hadoop.security.UserGroupInformation.doAs(UserGroupInformation.java:1478)", "52": "    at org.apache.hadoop.ipc.Server$Handler.run(Server.java:1735)"}, "parsed_logs": {"0": {"class": "org.apache.hadoop.ipc.RPC", "method": "", "line_number": "", "message": "RPC.stopProxy called on non proxy."}, "27": {"class": "org.apache.hadoop.ipc.Server", "method": "", "line_number": "", "message": "IPC Server handler 15 on 8032, call org.apache.hadoop.yarn.api.ClientRMProtocolPB.submitApplication from 10.46.37.244:36960: error: org.apache.hadoop.HadoopIllegalArgumentException: Cannot close proxy - is not Closeable or does not provide closeable invocation handler class org.apache.hadoop.mapreduce.v2.api.impl.pb.client.HSClientProtocolPBClientImpl"}}, "parsed_traces": {"3": {"package_class": "org.apache.hadoop.ipc.RPC", "method": "stopProxy", "file_name": "RPC.java", "line_number": 609}, "4": {"package_class": "org.apache.hadoop.mapreduce.v2.security.MRDelegationTokenRenewer", "method": "stopHistoryProxy", "file_name": "MRDelegationTokenRenewer.java", "line_number": 102}, "5": {"package_class": "org.apache.hadoop.mapreduce.v2.security.MRDelegationTokenRenewer", "method": "renew", "file_name": "MRDelegationTokenRenewer.java", "line_number": 71}, "6": {"package_class": "org.apache.hadoop.security.token.Token", "method": "renew", "file_name": "Token.java", "line_number": 372}, "7": {"package_class": "org.apache.hadoop.yarn.server.resourcemanager.security.DelegationTokenRenewer$1", "method": "run", "file_name": "DelegationTokenRenewer.java", "line_number": 370}, "8": {"package_class": "org.apache.hadoop.yarn.server.resourcemanager.security.DelegationTokenRenewer$1", "method": "run", "file_name": "DelegationTokenRenewer.java", "line_number": 367}, "11": {"package_class": "org.apache.hadoop.security.UserGroupInformation", "method": "doAs", "file_name": "UserGroupInformation.java", "line_number": 1478}, "13": {"package_class": "org.apache.hadoop.yarn.server.resourcemanager.security.DelegationTokenRenewer", "method": "addApplication", "file_name": "DelegationTokenRenewer.java", "line_number": 288}, "14": {"package_class": "org.apache.hadoop.yarn.server.resourcemanager.RMAppManager", "method": "submitApplication", "file_name": "RMAppManager.java", "line_number": 269}, "15": {"package_class": "org.apache.hadoop.yarn.server.resourcemanager.RMAppManager", "method": "handle", "file_name": "RMAppManager.java", "line_number": 353}, "16": {"package_class": "org.apache.hadoop.yarn.server.resourcemanager.ClientRMService", "method": "submitApplication", "file_name": "ClientRMService.java", "line_number": 279}, "17": {"package_class": "org.apache.hadoop.yarn.api.impl.pb.service.ClientRMProtocolPBServiceImpl", "method": "submitApplication", "file_name": "ClientRMProtocolPBServiceImpl.java", "line_number": 151}, "18": {"package_class": "org.apache.hadoop.yarn.proto.ClientRMProtocol$ClientRMProtocolService$2", "method": "callBlockingMethod", "file_name": "ClientRMProtocol.java", "line_number": 204}, "19": {"package_class": "org.apache.hadoop.ipc.ProtobufRpcEngine$Server$ProtoBufRpcInvoker", "method": "call", "file_name": "ProtobufRpcEngine.java", "line_number": 454}, "20": {"package_class": "org.apache.hadoop.ipc.RPC$Server", "method": "call", "file_name": "RPC.java", "line_number": 1014}, "21": {"package_class": "org.apache.hadoop.ipc.Server$Handler$1", "method": "run", "file_name": "Server.java", "line_number": 1741}, "22": {"package_class": "org.apache.hadoop.ipc.Server$Handler$1", "method": "run", "file_name": "Server.java", "line_number": 1737}, "25": {"package_class": "org.apache.hadoop.security.UserGroupInformation", "method": "doAs", "file_name": "UserGroupInformation.java", "line_number": 1478}, "26": {"package_class": "org.apache.hadoop.ipc.Server$Handler", "method": "run", "file_name": "Server.java", "line_number": 1735}, "29": {"package_class": "org.apache.hadoop.ipc.RPC", "method": "stopProxy", "file_name": "RPC.java", "line_number": 624}, "30": {"package_class": "org.apache.hadoop.mapreduce.v2.security.MRDelegationTokenRenewer", "method": "stopHistoryProxy", "file_name": "MRDelegationTokenRenewer.java", "line_number": 102}, "31": {"package_class": "org.apache.hadoop.mapreduce.v2.security.MRDelegationTokenRenewer", "method": "renew", "file_name": "MRDelegationTokenRenewer.java", "line_number": 71}, "32": {"package_class": "org.apache.hadoop.security.token.Token", "method": "renew", "file_name": "Token.java", "line_number": 372}, "33": {"package_class": "org.apache.hadoop.yarn.server.resourcemanager.security.DelegationTokenRenewer$1", "method": "run", "file_name": "DelegationTokenRenewer.java", "line_number": 370}, "34": {"package_class": "org.apache.hadoop.yarn.server.resourcemanager.security.DelegationTokenRenewer$1", "method": "run", "file_name": "DelegationTokenRenewer.java", "line_number": 367}, "37": {"package_class": "org.apache.hadoop.security.UserGroupInformation", "method": "doAs", "file_name": "UserGroupInformation.java", "line_number": 1478}, "38": {"package_class": "org.apache.hadoop.yarn.server.resourcemanager.security.DelegationTokenRenewer", "method": "renewToken", "file_name": "DelegationTokenRenewer.java", "line_number": 366}, "39": {"package_class": "org.apache.hadoop.yarn.server.resourcemanager.security.DelegationTokenRenewer", "method": "addApplication", "file_name": "DelegationTokenRenewer.java", "line_number": 288}, "40": {"package_class": "org.apache.hadoop.yarn.server.resourcemanager.RMAppManager", "method": "submitApplication", "file_name": "RMAppManager.java", "line_number": 269}, "41": {"package_class": "org.apache.hadoop.yarn.server.resourcemanager.RMAppManager", "method": "handle", "file_name": "RMAppManager.java", "line_number": 353}, "42": {"package_class": "org.apache.hadoop.yarn.server.resourcemanager.ClientRMService", "method": "submitApplication", "file_name": "ClientRMService.java", "line_number": 279}, "43": {"package_class": "org.apache.hadoop.yarn.api.impl.pb.service.ClientRMProtocolPBServiceImpl", "method": "submitApplication", "file_name": "ClientRMProtocolPBServiceImpl.java", "line_number": 151}, "44": {"package_class": "org.apache.hadoop.yarn.proto.ClientRMProtocol$ClientRMProtocolService$2", "method": "callBlockingMethod", "file_name": "ClientRMProtocol.java", "line_number": 204}, "45": {"package_class": "org.apache.hadoop.ipc.ProtobufRpcEngine$Server$ProtoBufRpcInvoker", "method": "call", "file_name": "ProtobufRpcEngine.java", "line_number": 454}, "46": {"package_class": "org.apache.hadoop.ipc.RPC$Server", "method": "call", "file_name": "RPC.java", "line_number": 1014}, "47": {"package_class": "org.apache.hadoop.ipc.Server$Handler$1", "method": "run", "file_name": "Server.java", "line_number": 1741}, "48": {"package_class": "org.apache.hadoop.ipc.Server$Handler$1", "method": "run", "file_name": "Server.java", "line_number": 1737}, "51": {"package_class": "org.apache.hadoop.security.UserGroupInformation", "method": "doAs", "file_name": "UserGroupInformation.java", "line_number": 1478}, "52": {"package_class": "org.apache.hadoop.ipc.Server$Handler", "method": "run", "file_name": "Server.java", "line_number": 1735}}}