{"logs": {"0": "2013-04-04 22:16:15,872 ERROR [pool-4-thread-1] com.netflix.curator.ConnectionState.getZooKeeper (ConnectionState.java:84) - Background exception caught"}, "traces": {"2": "at org.apache.zookeeper.client.StaticHostProvider.updateServerList(StaticHostProvider.java:161) ~[zookeeper-3.5.0.jar:3.5.0--1]", "3": "at org.apache.zookeeper.ZooKeeper.updateServerList(ZooKeeper.java:183) ~[zookeeper-3.5.0.jar:3.5.0--1]"}, "parsed_logs": {"0": {"class": "com.netflix.curator.ConnectionState", "method": "getZooKeeper", "line_number": "84", "message": "Background exception caught"}}, "parsed_traces": {}}