{"logs": {}, "traces": {"9": "at org.apache.zookeeper.client.StaticHostProvider.<init>(StaticHostProvider.java:60)", "10": "at org.apache.zookeeper.ZooKeeper.<init>(ZooKeeper.java:440)", "11": "at org.apache.zookeeper.ZooKeeper.<init>(ZooKeeper.java:375)"}, "parsed_logs": {}, "parsed_traces": {"9": {"package_class": "org.apache.zookeeper.client.StaticHostProvider", "method": "<init>", "file_name": "StaticHostProvider.java", "line_number": 60}, "10": {"package_class": "org.apache.zookeeper.ZooKeeper", "method": "<init>", "file_name": "ZooKeeper.java", "line_number": 440}, "11": {"package_class": "org.apache.zookeeper.ZooKeeper", "method": "<init>", "file_name": "ZooKeeper.java", "line_number": 375}}}