{"logs": {"0": "2013-07-19 10:16:45,428 [myid:1] - WARN  [NIOServerCxn.Factory:0.0.0.0/0.0.0.0:30101:NIOServerCnxn@354] - Exception causing close of session 0x0 due to java.io.IOException: ZooKeeperServer not running", "1": "2013-07-19 10:16:45,428 [myid:1] - DEBUG [NIOServerCxn.Factory:0.0.0.0/0.0.0.0:30101:NIOServerCnxn@358] - IOException stack trace", "2": "2013-07-19 10:16:45,428 [myid:1] - INFO  [NIOServerCxn.Factory:0.0.0.0/0.0.0.0:30101:NIOServerCnxn@1001] - Closed socket connection for client /127.0.0.1:61907 (no session established for client)"}, "traces": {}, "parsed_logs": {"0": {"class": "NIOServerCnxn", "method": "", "line_number": "354", "message": "Exception causing close of session 0x0 due to java.io.IOException: ZooKeeperServer not running"}, "1": {"class": "NIOServerCnxn", "method": "", "line_number": "358", "message": "IOException stack trace"}, "2": {"class": "NIOServerCnxn", "method": "", "line_number": "1001", "message": "Closed socket connection for client /127.0.0.1:61907 (no session established for client)"}}, "parsed_traces": {}}