{"logs": {"0": "2012-06-26 13:10:18,834 [myid:3] - DEBUG [ProcessThread(sid:3 cport:-1)::CommitProcessor@171] - Processing request:: sessionid:0x1382791d4e50004 type:closeSession cxid:0x0 zxid:0x200000074 txntype:-11 reqpath:n/a", "1": "2012-06-26 13:10:19,892 [myid:3] - DEBUG [ProcessThread(sid:3 cport:-1)::Leader@716] - Proposing:: sessionid:0x1382791d4e50004 type:closeSession cxid:0x0 zxid:0x200000074 txntype:-11 reqpath:n/a", "2": "2012-06-26 13:10:19,919 [myid:3] - DEBUG [LearnerHandler-/xx.xx.xx.102:13846:CommitProcessor@161] - Committing request:: sessionid:0x1382791d4e50004 type:closeSession cxid:0x0 zxid:0x200000074 txntype:-11 reqpath:n/a", "3": "2012-06-26 13:10:20,608 [myid:3] - DEBUG [CommitProcessor:3:FinalRequestProcessor@88] - Processing request:: sessionid:0x1382791d4e50004 type:closeSession cxid:0x0 zxid:0x200000074 txntype:-11 reqpath:n/a", "5": "2012-06-26 13:10:19,893 [myid:3] - DEBUG [ProcessThread(sid:3 cport:-1)::CommitProcessor@171] - Processing request:: sessionid:0x1382791d4e50004 type:create cxid:0x2 zxid:0x200000075 txntype:1 reqpath:n/a", "6": "2012-06-26 13:10:19,920 [myid:3] - DEBUG [ProcessThread(sid:3 cport:-1)::Leader@716] - Proposing:: sessionid:0x1382791d4e50004 type:create cxid:0x2 zxid:0x200000075 txntype:1 reqpath:n/a", "7": "2012-06-26 13:10:20,278 [myid:3] - DEBUG [LearnerHandler-/xx.xx.xx.102:13846:CommitProcessor@161] - Committing request:: sessionid:0x1382791d4e50004 type:create cxid:0x2 zxid:0x200000075 txntype:1 reqpath:n/a", "8": "2012-06-26 13:10:20,752 [myid:3] - DEBUG [CommitProcessor:3:FinalRequestProcessor@88] - Processing request:: sessionid:0x1382791d4e50004 type:create cxid:0x2 zxid:0x200000075 txntype:1 reqpath:n/a"}, "traces": {}, "parsed_logs": {"0": {"class": "CommitProcessor", "method": "", "line_number": "171", "message": "Processing request:: sessionid:0x1382791d4e50004 type:closeSession cxid:0x0 zxid:0x200000074 txntype:-11 reqpath:n/a"}, "1": {"class": "Leader", "method": "", "line_number": "716", "message": "Proposing:: sessionid:0x1382791d4e50004 type:closeSession cxid:0x0 zxid:0x200000074 txntype:-11 reqpath:n/a"}, "2": {"class": "CommitProcessor", "method": "LearnerHandler-/xx.xx.xx.102:13846", "line_number": "161", "message": "Committing request:: sessionid:0x1382791d4e50004 type:closeSession cxid:0x0 zxid:0x200000074 txntype:-11 reqpath:n/a"}, "3": {"class": "FinalRequestProcessor", "method": "", "line_number": "88", "message": "Processing request:: sessionid:0x1382791d4e50004 type:closeSession cxid:0x0 zxid:0x200000074 txntype:-11 reqpath:n/a"}, "5": {"class": "CommitProcessor", "method": "", "line_number": "171", "message": "Processing request:: sessionid:0x1382791d4e50004 type:create cxid:0x2 zxid:0x200000075 txntype:1 reqpath:n/a"}, "6": {"class": "Leader", "method": "", "line_number": "716", "message": "Proposing:: sessionid:0x1382791d4e50004 type:create cxid:0x2 zxid:0x200000075 txntype:1 reqpath:n/a"}, "7": {"class": "CommitProcessor", "method": "", "line_number": "161", "message": "Committing request:: sessionid:0x1382791d4e50004 type:create cxid:0x2 zxid:0x200000075 txntype:1 reqpath:n/a"}, "8": {"class": "FinalRequestProcessor", "method": "", "line_number": "88", "message": "Processing request:: sessionid:0x1382791d4e50004 type:create cxid:0x2 zxid:0x200000075 txntype:1 reqpath:n/a"}}, "parsed_traces": {}}