{"logs": {"0": "2009-08-19 16:57:09,568 - INFO [Thread-74:ReadRequestFailsIntermittently@38] - READPACKET FORCED FAIL\u201d"}, "traces": {"6": "       at org.apache.zookeeper.server.quorum.QuorumCnxManager$RecvWorker.run(QuorumCnxManager.java:594)", "10": "       at org.apache.zookeeper.server.quorum.QuorumCnxManager$SendWorker.run(QuorumCnxManager.java:533)", "15": "       at org.apache.zookeeper.server.quorum.QuorumCnxManager$RecvWorker.run(QuorumCnxManager.java:594)", "19": "       at org.apache.zookeeper.server.quorum.QuorumCnxManager$SendWorker.run(QuorumCnxManager.java:533)", "23": "       at org.apache.zookeeper.server.quorum.QuorumCnxManager$SendWorker.run(QuorumCnxManager.java:533)", "28": "       at org.apache.zookeeper.server.quorum.QuorumCnxManager$SendWorker.run(QuorumCnxManager.java:533)"}, "parsed_logs": {"0": {"class": "ReadRequestFailsIntermittently", "method": "", "line_number": "38", "message": "READPACKET FORCED FAIL"}}, "parsed_traces": {"6": {"package_class": "org.apache.zookeeper.server.quorum.QuorumCnxManager$RecvWorker", "method": "run", "file_name": "QuorumCnxManager.java", "line_number": 594}, "10": {"package_class": "org.apache.zookeeper.server.quorum.QuorumCnxManager$SendWorker", "method": "run", "file_name": "QuorumCnxManager.java", "line_number": 533}, "15": {"package_class": "org.apache.zookeeper.server.quorum.QuorumCnxManager$RecvWorker", "method": "run", "file_name": "QuorumCnxManager.java", "line_number": 594}, "19": {"package_class": "org.apache.zookeeper.server.quorum.QuorumCnxManager$SendWorker", "method": "run", "file_name": "QuorumCnxManager.java", "line_number": 533}, "23": {"package_class": "org.apache.zookeeper.server.quorum.QuorumCnxManager$SendWorker", "method": "run", "file_name": "QuorumCnxManager.java", "line_number": 533}, "28": {"package_class": "org.apache.zookeeper.server.quorum.QuorumCnxManager$SendWorker", "method": "run", "file_name": "QuorumCnxManager.java", "line_number": 533}}}