{"logs": {"0": "2010-07-15 02:39:43,105 - INFO  [QuorumPeer:/0:0:0:0:0:0:0:0:2181:FileSnap@82] - Reading snapshot /data/zookeeper/version-2/snapshot.2300001ac2", "1": "2010-07-15 02:39:43,321 - INFO  [QuorumPeer:/0:0:0:0:0:0:0:0:2181:FastLeaderElection@649] - New election. My id =  1, Proposed zxid = 154618826848         ", "2": "2010-07-15 02:39:43,322 - INFO  [QuorumPeer:/0:0:0:0:0:0:0:0:2181:FastLeaderElection@689] - Notification: 1, 154618826848, 4, 1, LOOKING, LOOKING, 1           ", "4": "2010-07-15 02:39:43,325 - INFO  [QuorumPeer:/0:0:0:0:0:0:0:0:2181:FastLeaderElection@799] - Notification: 2, 146030952153, 3, 1, LOOKING, LEADING, 2", "5": "2010-07-15 02:39:43,326 - INFO  [QuorumPeer:/0:0:0:0:0:0:0:0:2181:FastLeaderElection@799] - Notification: 2, 146030952153, 3, 1, LOOKING, FOLLOWING, 3", "6": "2010-07-15 02:39:43,326 - INFO  [QuorumPeer:/0:0:0:0:0:0:0:0:2181:QuorumPeer@642] - FOLLOWING", "8": "2010-07-15 02:39:43,339 - FATAL [QuorumPeer:/0:0:0:0:0:0:0:0:2181:Follower@71] - Leader epoch 23 is less than our epoch 24", "9": "2010-07-15 02:39:43,339 - WARN  [QuorumPeer:/0:0:0:0:0:0:0:0:2181:Follower@82] - Exception when following the leader", "13": "2010-07-15 02:39:43,340 - INFO  [QuorumPeer:/0:0:0:0:0:0:0:0:2181:Follower@166] - shutdown called", "17": "2010-07-15 02:39:43,340 - INFO  [QuorumPeer:/0:0:0:0:0:0:0:0:2181:QuorumPeer@620] - LOOKING", "18": "The logs above show that every time when server1 starts leader election, it will soon fail with the FATAL: \u201cLeader epoch 23 is less than our epoch 24\u201d, and this process repeats. The notifications from server2 and server3 show that server2 is leader, and server3 is follower."}, "traces": {"11": "                      at org.apache.zookeeper.server.quorum.Follower.followLeader(Follower.java:73)", "12": "                      at org.apache.zookeeper.server.quorum.QuorumPeer.run(QuorumPeer.java:644)", "15": "                      at org.apache.zookeeper.server.quorum.Follower.shutdown(Follower.java:166)", "16": "                      at org.apache.zookeeper.server.quorum.QuorumPeer.run(QuorumPeer.java:648)"}, "parsed_logs": {"0": {"class": "FileSnap", "method": "", "line_number": "82", "message": "Reading snapshot /data/zookeeper/version-2/snapshot.2300001ac2"}, "1": {"class": "FastLeaderElection", "method": "", "line_number": "649", "message": "New election. My id = 1, Proposed zxid = 154618826848"}, "2": {"class": "FastLeaderElection", "method": "", "line_number": "689", "message": "Notification: 1, 154618826848, 4, 1, LOOKING, LOOKING, 1"}, "4": {"class": "FastLeaderElection", "method": "", "line_number": "799", "message": "Notification: 2, 146030952153, 3, 1, LOOKING, LEADING, 2"}, "5": {"class": "FastLeaderElection", "method": "", "line_number": "799", "message": "Notification: 2, 146030952153, 3, 1, LOOKING, FOLLOWING, 3"}, "6": {"class": "QuorumPeer", "method": "QuorumPeer", "line_number": "642", "message": "FOLLOWING"}, "8": {"class": "Follower", "method": "", "line_number": "71", "message": "Leader epoch 23 is less than our epoch 24"}, "9": {"class": "Follower", "method": "", "line_number": "82", "message": "Exception when following the leader"}, "13": {"class": "Follower", "method": "shutdown", "line_number": "166", "message": "shutdown called"}, "17": {"class": "QuorumPeer", "method": "QuorumPeer", "line_number": "620", "message": "LOOKING"}, "18": {"class": "", "method": "", "line_number": "", "message": "The logs above show that every time when server1 starts leader election, it will soon fail with the FATAL: \u201cLeader epoch 23 is less than our epoch 24\u201d, and this process repeats. The notifications from server2 and server3 show that server2 is leader, and server3 is follower."}}, "parsed_traces": {"11": {"package_class": "org.apache.zookeeper.server.quorum.Follower", "method": "followLeader", "file_name": "Follower.java", "line_number": 73}, "12": {"package_class": "org.apache.zookeeper.server.quorum.QuorumPeer", "method": "run", "file_name": "QuorumPeer.java", "line_number": 644}, "15": {"package_class": "org.apache.zookeeper.server.quorum.Follower", "method": "shutdown", "file_name": "Follower.java", "line_number": 166}, "16": {"package_class": "org.apache.zookeeper.server.quorum.QuorumPeer", "method": "run", "file_name": "QuorumPeer.java", "line_number": 648}}}