{"bug_id": "ca-2525", "link": "https://issues.apache.org/jira/browse/CASSANDRA-2525", "title": "CQL: create keyspace does not the replication factor argument and allows invalid sql to pass thru", "description": "Ran the following SQL in cqlsh and immediately received a socket closed error.\n\ncreate keyspace testcli with replication_factor=1\n\nand placement_strategy = 'org.apache.cassandra.locator.SimpleStrategy';\n\nAfter that point, I couldn't run nodetool, and then got an exception starting up the cluster.", "logs_traces": "ERROR 01:29:26,989 Exception encountered during startup.\n\njava.lang.RuntimeException: org.apache.cassandra.config.ConfigurationException: SimpleStrategy requires a replication_factor strategy option.\n\n                      at org.apache.cassandra.db.Table.<init>(Table.java:278)\n\n                      at org.apache.cassandra.db.Table.open(Table.java:110)\n\n                      at org.apache.cassandra.service.AbstractCassandraDaemon.setup(AbstractCassandraDaemon.java:160)\n\n                      at org.apache.cassandra.service.AbstractCassandraDaemon.activate(AbstractCassandraDaemon.java:314)\n\n                      at org.apache.cassandra.thrift.CassandraDaemon.main(CassandraDaemon.java:80)\n\nCaused by: org.apache.cassandra.config.ConfigurationException: SimpleStrategy requires a replication_factor strategy option.\n\n                      at org.apache.cassandra.locator.SimpleStrategy.validateOptions(SimpleStrategy.java:79)\n\n                      at org.apache.cassandra.locator.AbstractReplicationStrategy.createReplicationStrategy(AbstractReplicationStrategy.java:262)\n\n                      at org.apache.cassandra.db.Table.createReplicationStrategy(Table.java:328)\n\n                      at org.apache.cassandra.db.Table.<init>(Table.java:274)", "parsed_logs_traces": {"logs": {"0": "ERROR 01:29:26,989 Exception encountered during startup."}, "traces": {"2": "                      at org.apache.cassandra.db.Table.<init>(Table.java:278)", "3": "                      at org.apache.cassandra.db.Table.open(Table.java:110)", "4": "                      at org.apache.cassandra.service.AbstractCassandraDaemon.setup(AbstractCassandraDaemon.java:160)", "5": "                      at org.apache.cassandra.service.AbstractCassandraDaemon.activate(AbstractCassandraDaemon.java:314)", "6": "                      at org.apache.cassandra.thrift.CassandraDaemon.main(CassandraDaemon.java:80)", "8": "                      at org.apache.cassandra.locator.SimpleStrategy.validateOptions(SimpleStrategy.java:79)", "9": "                      at org.apache.cassandra.locator.AbstractReplicationStrategy.createReplicationStrategy(AbstractReplicationStrategy.java:262)", "10": "                      at org.apache.cassandra.db.Table.createReplicationStrategy(Table.java:328)", "11": "                      at org.apache.cassandra.db.Table.<init>(Table.java:274)"}, "parsed_logs": {"0": {"class": "", "method": "", "line_number": "", "message": "ERROR 01:29:26,989 Exception encountered during startup."}}, "parsed_traces": {"2": {"package_class": "org.apache.cassandra.db.Table", "method": "<init>", "file_name": "Table.java", "line_number": 278}, "3": {"package_class": "org.apache.cassandra.db.Table", "method": "open", "file_name": "Table.java", "line_number": 110}, "4": {"package_class": "org.apache.cassandra.service.AbstractCassandraDaemon", "method": "setup", "file_name": "AbstractCassandraDaemon.java", "line_number": 160}, "5": {"package_class": "org.apache.cassandra.service.AbstractCassandraDaemon", "method": "activate", "file_name": "AbstractCassandraDaemon.java", "line_number": 314}, "6": {"package_class": "org.apache.cassandra.thrift.CassandraDaemon", "method": "main", "file_name": "CassandraDaemon.java", "line_number": 80}, "8": {"package_class": "org.apache.cassandra.locator.SimpleStrategy", "method": "validateOptions", "file_name": "SimpleStrategy.java", "line_number": 79}, "9": {"package_class": "org.apache.cassandra.locator.AbstractReplicationStrategy", "method": "createReplicationStrategy", "file_name": "AbstractReplicationStrategy.java", "line_number": 262}, "10": {"package_class": "org.apache.cassandra.db.Table", "method": "createReplicationStrategy", "file_name": "Table.java", "line_number": 328}, "11": {"package_class": "org.apache.cassandra.db.Table", "method": "<init>", "file_name": "Table.java", "line_number": 274}}}}