{"bug_id": "ca-2946", "link": "https://issues.apache.org/jira/browse/CASSANDRA-2946", "title": "HintedHandoff fails with could not reach schema agreement\n\n", "description": "Two nodes A and B.\n\n1. On node A, create a keyspace with replication factor 1 and add a column family\n\n2. Ensure node B has created the keyspace and column family\n\n3. Take down node B\n\n4. Insert some keys to A at CL.ANY, ensuring some keys should be written to B\n\n5. Bring up node B\n\nWhen hints are delivered, get the following error:", "logs_traces": "ERROR [HintedHandoff:1] 2011-07-25 17:19:14,729 AbstractCassandraDaemon.java (line 139) Fatal exception in thread Thread[HintedHandoff:1,1,main]\n\njava.lang.RuntimeException: java.lang.RuntimeException: Could not reach schema agreement with /10.2.129.9 in 60000ms\n\nat org.apache.cassandra.utils.WrappedRunnable.run(WrappedRunnable.java:34)\n\nat java.util.concurrent.ThreadPoolExecutor.runWorker(ThreadPoolExecutor.java:1110)\n\nat java.util.concurrent.ThreadPoolExecutor$Worker.run(ThreadPoolExecutor.java:603)\n\nat java.lang.Thread.run(Thread.java:636)\n\nCaused by: java.lang.RuntimeException: Could not reach schema agreement with /10.2.129.9 in 60000ms\n\nat org.apache.cassandra.db.HintedHandOffManager.waitForSchemaAgreement(HintedHandOffManager.java:290)\n\nat org.apache.cassandra.db.HintedHandOffManager.deliverHintsToEndpoint(HintedHandOffManager.java:301)\n\nat org.apache.cassandra.db.HintedHandOffManager.access$100(HintedHandOffManager.java:89)\n\nat org.apache.cassandra.db.HintedHandOffManager$2.runMayThrow(HintedHandOffManager.java:394)\n\nat org.apache.cassandra.utils.WrappedRunnable.run(WrappedRunnable.java:30)\n\n... 3 more\n\nHowever, from the client side, \u201cdescribe cluster always shows agreement\u201d. Selected log messages:\n\nDEBUG [HintedHandoff:1] 2011-07-26 11:22:35,526 HintedHandOffManager.java (line 300) Checking remote schema before delivering hints\n\n...\n\nDEBUG [pool-2-thread-1] 2011-07-26 11:22:44,965 CassandraServer.java (line 1123) checking schema agreement\n\n...\n\nDEBUG [pool-2-thread-1] 2011-07-26 11:22:44,969 StorageProxy.java (line 823) Schemas are in agreement.\n\n...\n\nERROR [HintedHandoff:1] 2011-07-26 11:23:36,788 AbstractCassandraDaemon.java (line 138) Fatal exception in thread Thread[HintedHandoff:1,1,main]\n\njava.lang.RuntimeException: java.lang.RuntimeException: Could not reach schema agreement with /10.2.129.9 in 60000ms\n\nSo StorageProxy thinks the schema agrees but HintedHandoffManager doesn't.", "parsed_logs_traces": {"logs": {"0": "ERROR [HintedHandoff:1] 2011-07-25 17:19:14,729 AbstractCassandraDaemon.java (line 139) Fatal exception in thread Thread[HintedHandoff:1,1,main]", "14": "DEBUG [HintedHandoff:1] 2011-07-26 11:22:35,526 HintedHandOffManager.java (line 300) Checking remote schema before delivering hints", "16": "DEBUG [pool-2-thread-1] 2011-07-26 11:22:44,965 CassandraServer.java (line 1123) checking schema agreement", "18": "DEBUG [pool-2-thread-1] 2011-07-26 11:22:44,969 StorageProxy.java (line 823) Schemas are in agreement.", "20": "ERROR [HintedHandoff:1] 2011-07-26 11:23:36,788 AbstractCassandraDaemon.java (line 138) Fatal exception in thread Thread[HintedHandoff:1,1,main]"}, "traces": {"2": "at org.apache.cassandra.utils.WrappedRunnable.run(WrappedRunnable.java:34)", "7": "at org.apache.cassandra.db.HintedHandOffManager.waitForSchemaAgreement(HintedHandOffManager.java:290)", "8": "at org.apache.cassandra.db.HintedHandOffManager.deliverHintsToEndpoint(HintedHandOffManager.java:301)", "9": "at org.apache.cassandra.db.HintedHandOffManager.access$100(HintedHandOffManager.java:89)", "10": "at org.apache.cassandra.db.HintedHandOffManager$2.runMayThrow(HintedHandOffManager.java:394)", "11": "at org.apache.cassandra.utils.WrappedRunnable.run(WrappedRunnable.java:30)"}, "parsed_logs": {"0": {"class": "AbstractCassandraDaemon.java", "method": "", "line_number": "139", "message": "Fatal exception in thread Thread[HintedHandoff:1,1,main]"}, "14": {"class": "HintedHandOffManager.java", "method": "", "line_number": "300", "message": "Checking remote schema before delivering hints"}, "16": {"class": "CassandraServer.java", "method": "", "line_number": "1123", "message": "checking schema agreement"}, "18": {"class": "StorageProxy.java", "method": "", "line_number": "823", "message": "Schemas are in agreement."}, "20": {"class": "AbstractCassandraDaemon.java", "method": "", "line_number": "138", "message": "Fatal exception in thread Thread[HintedHandoff:1,1,main]"}}, "parsed_traces": {"2": {"package_class": "org.apache.cassandra.utils.WrappedRunnable", "method": "run", "file_name": "WrappedRunnable.java", "line_number": 34}, "7": {"package_class": "org.apache.cassandra.db.HintedHandOffManager", "method": "waitForSchemaAgreement", "file_name": "HintedHandOffManager.java", "line_number": 290}, "8": {"package_class": "org.apache.cassandra.db.HintedHandOffManager", "method": "deliverHintsToEndpoint", "file_name": "HintedHandOffManager.java", "line_number": 301}, "9": {"package_class": "org.apache.cassandra.db.HintedHandOffManager", "method": "access$100", "file_name": "HintedHandOffManager.java", "line_number": 89}, "10": {"package_class": "org.apache.cassandra.db.HintedHandOffManager$2", "method": "runMayThrow", "file_name": "HintedHandOffManager.java", "line_number": 394}, "11": {"package_class": "org.apache.cassandra.utils.WrappedRunnable", "method": "run", "file_name": "WrappedRunnable.java", "line_number": 30}}}}