{"bug_id": "ca-2773", "link": "https://issues.apache.org/jira/browse/CASSANDRA-2773", "title": "Index manager cannot support deleting and inserting into a row in the same mutation", "description": "Settings: I use hector 0.8.0-1 and cassandra 0.8.\n\n1. create mutator by using hector api,\n\n2. Insert a few columns into the mutator for key \"key1\", cf \"standard\".\n\n3. add a deletion to the mutator to delete the record of \"key1\", cf \"standard\".\n\n4. repeat 2 and 3\n\n5. execute the mutator.\n\nThe result: the connection seems to be held by the sever forever, it never returns. when I tried to restart the cassandra I saw unsupportedexception: \"Index manager cannot support deleting and inserting into a row in the same mutation, and the cassandra is dead forever, unless I delete the commitlog.\u201d (Hang)\n\nI would expect to get an exception when I execute the mutator, not after I restart the cassandra.", "logs_traces": "ERROR 17:20:41,385 Fatal exception in thread Thread[MutationStage:5,5,main]\n\njava.lang.RuntimeException: java.lang.UnsupportedOperationException: Index manager cannot support deleting and inserting into a row in the same mutation\n\n                      at org.apache.cassandra.utils.WrappedRunnable.run(WrappedRunnable.java:34)\n\n                      at java.util.concurrent.Executors$RunnableAdapter.call(Executors.java:441)\n\n                      at java.util.concurrent.FutureTask$Sync.innerRun(FutureTask.java:303)\n\n                      at java.util.concurrent.FutureTask.run(FutureTask.java:138)\n\n                      at java.util.concurrent.ThreadPoolExecutor$Worker.runTask(ThreadPoolExecutor.java:886)\n\n                      at java.util.concurrent.ThreadPoolExecutor$Worker.run(ThreadPoolExecutor.java:908)\n\n                      at java.lang.Thread.run(Thread.java:619)\n\nCaused by: java.lang.UnsupportedOperationException: Index manager cannot support deleting and inserting into a row in the same mutation\n\n                      at org.apache.cassandra.db.Table.ignoreObsoleteMutations(Table.java:431)\n\n                      at org.apache.cassandra.db.Table.apply(Table.java:387)\n\n                      at org.apache.cassandra.db.commitlog.CommitLog$2.runMayThrow(CommitLog.java:300)\n\n                      at org.apache.cassandra.utils.WrappedRunnable.run(WrappedRunnable.java:30)\n\n                      ... 6 more\n\nERROR 17:20:41,389 Fatal exception in thread Thread[MutationStage:58,5,main]\n\njava.lang.RuntimeException: java.lang.UnsupportedOperationException: Index manager cannot support deleting and inserting into a row in the same mutation\n\n                      at org.apache.cassandra.utils.WrappedRunnable.run(WrappedRunnable.java:34)\n\n                      at java.util.concurrent.Executors$RunnableAdapter.call(Executors.java:441)\n\n                      at java.util.concurrent.FutureTask$Sync.innerRun(FutureTask.java:303)\n\n                      at java.util.concurrent.FutureTask.run(FutureTask.java:138)\n\n                      at java.util.concurrent.ThreadPoolExecutor$Worker.runTask(ThreadPoolExecutor.java:886)\n\n                      at java.util.concurrent.ThreadPoolExecutor$Worker.run(ThreadPoolExecutor.java:908)\n\n                      at java.lang.Thread.run(Thread.java:619)\n\nCaused by: java.lang.UnsupportedOperationException: Index manager cannot support deleting and inserting into a row in the same mutation\n\n                      at org.apache.cassandra.db.Table.ignoreObsoleteMutations(Table.java:431)\n\n                      at org.apache.cassandra.db.Table.apply(Table.java:387)\n\n                      at org.apache.cassandra.db.commitlog.CommitLog$2.runMayThrow(CommitLog.java:300)\n\n                      at org.apache.cassandra.utils.WrappedRunnable.run(WrappedRunnable.java:30)\n\n                      ... 6 more", "parsed_logs_traces": {"logs": {"0": "ERROR 17:20:41,385 Fatal exception in thread Thread[MutationStage:5,5,main]", "15": "ERROR 17:20:41,389 Fatal exception in thread Thread[MutationStage:58,5,main]"}, "traces": {"2": "                      at org.apache.cassandra.utils.WrappedRunnable.run(WrappedRunnable.java:34)", "10": "                      at org.apache.cassandra.db.Table.ignoreObsoleteMutations(Table.java:431)", "11": "                      at org.apache.cassandra.db.Table.apply(Table.java:387)", "12": "                      at org.apache.cassandra.db.commitlog.CommitLog$2.runMayThrow(CommitLog.java:300)", "13": "                      at org.apache.cassandra.utils.WrappedRunnable.run(WrappedRunnable.java:30)", "17": "                      at org.apache.cassandra.utils.WrappedRunnable.run(WrappedRunnable.java:34)", "25": "                      at org.apache.cassandra.db.Table.ignoreObsoleteMutations(Table.java:431)", "26": "                      at org.apache.cassandra.db.Table.apply(Table.java:387)", "27": "                      at org.apache.cassandra.db.commitlog.CommitLog$2.runMayThrow(CommitLog.java:300)", "28": "                      at org.apache.cassandra.utils.WrappedRunnable.run(WrappedRunnable.java:30)"}, "parsed_logs": {"0": {"class": "", "method": "", "line_number": "", "message": "ERROR 17:20:41,385 Fatal exception in thread Thread[MutationStage:5,5,main]"}, "15": {"class": "", "method": "", "line_number": "", "message": "ERROR 17:20:41,389 Fatal exception in thread Thread[MutationStage:58,5,main]"}}, "parsed_traces": {"2": {"package_class": "org.apache.cassandra.utils.WrappedRunnable", "method": "run", "file_name": "WrappedRunnable.java", "line_number": 34}, "10": {"package_class": "org.apache.cassandra.db.Table", "method": "ignoreObsoleteMutations", "file_name": "Table.java", "line_number": 431}, "11": {"package_class": "org.apache.cassandra.db.Table", "method": "apply", "file_name": "Table.java", "line_number": 387}, "12": {"package_class": "org.apache.cassandra.db.commitlog.CommitLog$2", "method": "runMayThrow", "file_name": "CommitLog.java", "line_number": 300}, "13": {"package_class": "org.apache.cassandra.utils.WrappedRunnable", "method": "run", "file_name": "WrappedRunnable.java", "line_number": 30}, "17": {"package_class": "org.apache.cassandra.utils.WrappedRunnable", "method": "run", "file_name": "WrappedRunnable.java", "line_number": 34}, "25": {"package_class": "org.apache.cassandra.db.Table", "method": "ignoreObsoleteMutations", "file_name": "Table.java", "line_number": 431}, "26": {"package_class": "org.apache.cassandra.db.Table", "method": "apply", "file_name": "Table.java", "line_number": 387}, "27": {"package_class": "org.apache.cassandra.db.commitlog.CommitLog$2", "method": "runMayThrow", "file_name": "CommitLog.java", "line_number": 300}, "28": {"package_class": "org.apache.cassandra.utils.WrappedRunnable", "method": "run", "file_name": "WrappedRunnable.java", "line_number": 30}}}}