{"bug_id": "ca-3369", "link": "https://issues.apache.org/jira/browse/CASSANDRA-3369", "title": "AssertionError when adding a node and doing repair, repair hangs \n\n", "description": "Two cassandra nodes in the cluster, on one laptop using different 127.0.0.* loopback devices.\n\nThe operations are as follows:\n\n1. Started node1 and inserted some data into it using a simple single-threaded testprogram (uses hector 0.8.0-2):\n\n127.0.0.1 datacenter1 rack1 Up Normal 583.55 MB 100.00% Token(bytes[63e5b6995466cd3221cba16646ae19ed])\n\n2. I started another node, node 2 = 127.0.0.2:\n\n127.0.0.2 datacenter1 rack1 Up Normal 147.57 KB 50.00% Token(bytes[4d6ccfeaa8bb59551751a2816fde9343])\n\n127.0.0.1 datacenter1 rack1 Up Normal 583.55 MB 50.00% Token(bytes[63e5b6995466cd3221cba16646ae19ed])\n\n3. I triggered a \"nodetool -h 127.0.0.1 repair\" on the first node that had the data from my test. This repair does not seem to ever end. The nodetool is hanging now but my computer is idle. I get an AssertionError on the first node:", "logs_traces": "java.lang.AssertionError\n\nat org.apache.cassandra.service.AntiEntropyService$Validator.prepare(AntiEntropyService.java:283)\n\nat org.apache.cassandra.db.compaction.CompactionManager.doValidationCompaction(CompactionManager.java:825)\n\nat org.apache.cassandra.db.compaction.CompactionManager.access$600(CompactionManager.java:63)\n\nat org.apache.cassandra.db.compaction.CompactionManager$6.call(CompactionManager.java:432)\n\nat java.util.concurrent.FutureTask$Sync.innerRun(FutureTask.java:303)\n\nat java.util.concurrent.FutureTask.run(FutureTask.java:138)\n\nat java.util.concurrent.ThreadPoolExecutor$Worker.runTask(ThreadPoolExecutor.java:886)\n\nat java.util.concurrent.ThreadPoolExecutor$Worker.run(ThreadPoolExecutor.java:908)\n\nat java.lang.Thread.run(Thread.java:662)", "parsed_logs_traces": {"logs": {}, "traces": {"1": "at org.apache.cassandra.service.AntiEntropyService$Validator.prepare(AntiEntropyService.java:283)", "2": "at org.apache.cassandra.db.compaction.CompactionManager.doValidationCompaction(CompactionManager.java:825)", "3": "at org.apache.cassandra.db.compaction.CompactionManager.access$600(CompactionManager.java:63)", "4": "at org.apache.cassandra.db.compaction.CompactionManager$6.call(CompactionManager.java:432)"}, "parsed_logs": {}, "parsed_traces": {"1": {"package_class": "org.apache.cassandra.service.AntiEntropyService$Validator", "method": "prepare", "file_name": "AntiEntropyService.java", "line_number": 283}, "2": {"package_class": "org.apache.cassandra.db.compaction.CompactionManager", "method": "doValidationCompaction", "file_name": "CompactionManager.java", "line_number": 825}, "3": {"package_class": "org.apache.cassandra.db.compaction.CompactionManager", "method": "access$600", "file_name": "CompactionManager.java", "line_number": 63}, "4": {"package_class": "org.apache.cassandra.db.compaction.CompactionManager$6", "method": "call", "file_name": "CompactionManager.java", "line_number": 432}}}}