{"bug_id": "ca-3548", "link": "https://issues.apache.org/jira/browse/CASSANDRA-3548", "title": "NPE in AntiEntropyService$RepairSession.completed()\n", "description": "\"Description:\u201cWhen a new keyspace and/or column family is created on a multi nodes cluster (at least three), and then a mutation is executed on such new column family, the operations sometimes silently fails by timing out.\u201d  \n\nThe log is from the peer node to which node 1 sends the request.\"", "logs_traces": "INFO [AntiEntropyStage:1] 2011-11-28 06:22:56,225 StreamingRepairTask.java (line 136) [streaming task #69187510-1989-11e1-0000-5ff37d368cb6] Forwarding streaming repair of 8602\n\nranges to /10.6.130.70 (to be streamed with /10.37.114.10)\n\n...\n\n INFO [AntiEntropyStage:66] 2011-11-29 11:20:57,109 StreamingRepairTask.java (line 253) [streaming task #69187510-1989-11e1-0000-5ff37d368cb6] task succeeded\n\nERROR [AntiEntropyStage:66] 2011-11-29 11:20:57,109 AbstractCassandraDaemon.java (line 133) Fatal exception in thread Thread[AntiEntropyStage:66,5,main]\n\njava.lang.NullPointerException\n\n            at org.apache.cassandra.service.AntiEntropyService$RepairSession.completed(AntiEntropyService.java:712)\n\n            at org.apache.cassandra.service.AntiEntropyService$RepairSession$Differencer$1.run(AntiEntropyService.java:912)\n\n            at org.apache.cassandra.streaming.StreamingRepairTask$2.run(StreamingRepairTask.java:186)\n\n            at org.apache.cassandra.streaming.StreamingRepairTask$StreamingRepairResponse.doVerb(StreamingRepairTask.java:255)\n\n            at org.apache.cassandra.net.MessageDeliveryTask.run(MessageDeliveryTask.java:59)\n\n            at java.util.concurrent.ThreadPoolExecutor.runWorker(ThreadPoolExecutor.java:1110)\n\n            at java.util.concurrent.ThreadPoolExecutor$Worker.run(ThreadPoolExecutor.java:603)\n\n            at java.lang.Thread.run(Thread.java:679)\n\n\u201cOne of the nodes involved in the repair session failed: (Not sure if this is from the same repair session as the streaming task above, but it illustrates the issue)\u201d\n\nERROR [AntiEntropySessions:1] 2011-11-28 19:39:52,507 AntiEntropyService.java (line 688) [repair #2bf19860-197f-11e1-0000-5ff37d368cb6] session completed with the following error\n\njava.io.IOException: Endpoint /10.29.60.10 died\n\n            at org.apache.cassandra.service.AntiEntropyService$RepairSession.failedNode(AntiEntropyService.java:725)\n\n            at org.apache.cassandra.service.AntiEntropyService$RepairSession.convict(AntiEntropyService.java:762)\n\n            at org.apache.cassandra.gms.FailureDetector.interpret(FailureDetector.java:192)\n\n            at org.apache.cassandra.gms.Gossiper.doStatusCheck(Gossiper.java:559)\n\n            at org.apache.cassandra.gms.Gossiper.access$700(Gossiper.java:62)\n\n            at org.apache.cassandra.gms.Gossiper$GossipTask.run(Gossiper.java:167)\n\n            at java.util.concurrent.Executors$RunnableAdapter.call(Executors.java:471)\n\n            at java.util.concurrent.FutureTask$Sync.innerRunAndReset(FutureTask.java:351)\n\n            at java.util.concurrent.FutureTask.runAndReset(FutureTask.java:178)\n\n            at java.util.concurrent.ScheduledThreadPoolExecutor$ScheduledFutureTask.access$201(ScheduledThreadPoolExecutor.java:165)\n\n            at java.util.concurrent.ScheduledThreadPoolExecutor$ScheduledFutureTask.run(ScheduledThreadPoolExecutor.java:267)\n\n            at java.util.concurrent.ThreadPoolExecutor.runWorker(ThreadPoolExecutor.java:1110)\n\n            at java.util.concurrent.ThreadPoolExecutor$Worker.run(ThreadPoolExecutor.java:603)\n\n            at java.lang.Thread.run(Thread.java:679)", "parsed_logs_traces": {"logs": {"0": "INFO [AntiEntropyStage:1] 2011-11-28 06:22:56,225 StreamingRepairTask.java (line 136) [streaming task #69187510-1989-11e1-0000-5ff37d368cb6] Forwarding streaming repair of 8602", "3": " INFO [AntiEntropyStage:66] 2011-11-29 11:20:57,109 StreamingRepairTask.java (line 253) [streaming task #69187510-1989-11e1-0000-5ff37d368cb6] task succeeded", "4": "ERROR [AntiEntropyStage:66] 2011-11-29 11:20:57,109 AbstractCassandraDaemon.java (line 133) Fatal exception in thread Thread[AntiEntropyStage:66,5,main]", "15": "ERROR [AntiEntropySessions:1] 2011-11-28 19:39:52,507 AntiEntropyService.java (line 688) [repair #2bf19860-197f-11e1-0000-5ff37d368cb6] session completed with the following error"}, "traces": {"6": "            at org.apache.cassandra.service.AntiEntropyService$RepairSession.completed(AntiEntropyService.java:712)", "7": "            at org.apache.cassandra.service.AntiEntropyService$RepairSession$Differencer$1.run(AntiEntropyService.java:912)", "8": "            at org.apache.cassandra.streaming.StreamingRepairTask$2.run(StreamingRepairTask.java:186)", "9": "            at org.apache.cassandra.streaming.StreamingRepairTask$StreamingRepairResponse.doVerb(StreamingRepairTask.java:255)", "10": "            at org.apache.cassandra.net.MessageDeliveryTask.run(MessageDeliveryTask.java:59)", "17": "            at org.apache.cassandra.service.AntiEntropyService$RepairSession.failedNode(AntiEntropyService.java:725)", "18": "            at org.apache.cassandra.service.AntiEntropyService$RepairSession.convict(AntiEntropyService.java:762)", "19": "            at org.apache.cassandra.gms.FailureDetector.interpret(FailureDetector.java:192)", "20": "            at org.apache.cassandra.gms.Gossiper.doStatusCheck(Gossiper.java:559)", "21": "            at org.apache.cassandra.gms.Gossiper.access$700(Gossiper.java:62)", "22": "            at org.apache.cassandra.gms.Gossiper$GossipTask.run(Gossiper.java:167)"}, "parsed_logs": {"0": {"class": "StreamingRepairTask.java", "method": "", "line_number": "136", "message": "[streaming task #69187510-1989-11e1-0000-5ff37d368cb6] Forwarding streaming repair of 8602"}, "3": {"class": "StreamingRepairTask.java", "method": "", "line_number": "253", "message": "[streaming task #69187510-1989-11e1-0000-5ff37d368cb6] task succeeded"}, "4": {"class": "AbstractCassandraDaemon.java", "method": "", "line_number": "133", "message": "Fatal exception in thread Thread[AntiEntropyStage:66,5,main]"}, "15": {"class": "AntiEntropyService.java", "method": "", "line_number": "688", "message": "[repair #2bf19860-197f-11e1-0000-5ff37d368cb6] session completed with the following error"}}, "parsed_traces": {"6": {"package_class": "org.apache.cassandra.service.AntiEntropyService$RepairSession", "method": "completed", "file_name": "AntiEntropyService.java", "line_number": 712}, "7": {"package_class": "org.apache.cassandra.service.AntiEntropyService$RepairSession$Differencer$1", "method": "run", "file_name": "AntiEntropyService.java", "line_number": 912}, "8": {"package_class": "org.apache.cassandra.streaming.StreamingRepairTask$2", "method": "run", "file_name": "StreamingRepairTask.java", "line_number": 186}, "9": {"package_class": "org.apache.cassandra.streaming.StreamingRepairTask$StreamingRepairResponse", "method": "doVerb", "file_name": "StreamingRepairTask.java", "line_number": 255}, "10": {"package_class": "org.apache.cassandra.net.MessageDeliveryTask", "method": "run", "file_name": "MessageDeliveryTask.java", "line_number": 59}, "17": {"package_class": "org.apache.cassandra.service.AntiEntropyService$RepairSession", "method": "failedNode", "file_name": "AntiEntropyService.java", "line_number": 725}, "18": {"package_class": "org.apache.cassandra.service.AntiEntropyService$RepairSession", "method": "convict", "file_name": "AntiEntropyService.java", "line_number": 762}, "19": {"package_class": "org.apache.cassandra.gms.FailureDetector", "method": "interpret", "file_name": "FailureDetector.java", "line_number": 192}, "20": {"package_class": "org.apache.cassandra.gms.Gossiper", "method": "doStatusCheck", "file_name": "Gossiper.java", "line_number": 559}, "21": {"package_class": "org.apache.cassandra.gms.Gossiper", "method": "access$700", "file_name": "Gossiper.java", "line_number": 62}, "22": {"package_class": "org.apache.cassandra.gms.Gossiper$GossipTask", "method": "run", "file_name": "Gossiper.java", "line_number": 167}}}}