{"bug_id": "ca-3400", "link": "https://issues.apache.org/jira/browse/CASSANDRA-3400", "title": "ConcurrentModificationException during nodetool repair\n\n", "description": "When running a nodetool repair, the following exception can be thrown:", "logs_traces": "ERROR [AntiEntropySessions:12] 2011-10-24 11:17:52,154 AbstractCassandraDaemon.java (line 139) Fatal exception in thread Thread[AntiEntropySessions:12,5,RMI Runtime]\n\njava.lang.RuntimeException: java.util.ConcurrentModificationException\nat org.apache.cassandra.utils.WrappedRunnable.run(WrappedRunnable.java:34)\n\nat java.util.concurrent.Executors$RunnableAdapter.call(Executors.java:441)\n\nat java.util.concurrent.FutureTask$Sync.innerRun(FutureTask.java:303)\n\nat java.util.concurrent.FutureTask.run(FutureTask.java:138)\n\nat java.util.concurrent.ThreadPoolExecutor$Worker.runTask(ThreadPoolExecutor.java:886)\n\nat java.util.concurrent.ThreadPoolExecutor$Worker.run(ThreadPoolExecutor.java:908)\n\nat java.lang.Thread.run(Thread.java:619)\n\nCaused by: java.util.ConcurrentModificationException\n\nat java.util.HashMap$HashIterator.nextEntry(HashMap.java:793)\n\nat java.util.HashMap$KeyIterator.next(HashMap.java:828)\n\nat org.apache.cassandra.service.AntiEntropyService$RepairSession$RepairJob.sendTreeRequests(AntiEntropyService.java:784)\n\nat org.apache.cassandra.service.AntiEntropyService$RepairSession.runMayThrow(AntiEntropyService.java:680)\n\nat org.apache.cassandra.utils.WrappedRunnable.run(WrappedRunnable.java:30)\n\n... 6 more", "parsed_logs_traces": {"logs": {"0": "ERROR [AntiEntropySessions:12] 2011-10-24 11:17:52,154 AbstractCassandraDaemon.java (line 139) Fatal exception in thread Thread[AntiEntropySessions:12,5,RMI Runtime]"}, "traces": {"2": "at org.apache.cassandra.utils.WrappedRunnable.run(WrappedRunnable.java:34)", "12": "at org.apache.cassandra.service.AntiEntropyService$RepairSession$RepairJob.sendTreeRequests(AntiEntropyService.java:784)", "13": "at org.apache.cassandra.service.AntiEntropyService$RepairSession.runMayThrow(AntiEntropyService.java:680)", "14": "at org.apache.cassandra.utils.WrappedRunnable.run(WrappedRunnable.java:30)"}, "parsed_logs": {"0": {"class": "AbstractCassandraDaemon.java", "method": "", "line_number": "139", "message": "Fatal exception in thread Thread[AntiEntropySessions:12,5,RMI Runtime]"}}, "parsed_traces": {"2": {"package_class": "org.apache.cassandra.utils.WrappedRunnable", "method": "run", "file_name": "WrappedRunnable.java", "line_number": 34}, "12": {"package_class": "org.apache.cassandra.service.AntiEntropyService$RepairSession$RepairJob", "method": "sendTreeRequests", "file_name": "AntiEntropyService.java", "line_number": 784}, "13": {"package_class": "org.apache.cassandra.service.AntiEntropyService$RepairSession", "method": "runMayThrow", "file_name": "AntiEntropyService.java", "line_number": 680}, "14": {"package_class": "org.apache.cassandra.utils.WrappedRunnable", "method": "run", "file_name": "WrappedRunnable.java", "line_number": 30}}}}