{"bug_id": "ca-3712", "link": "https://issues.apache.org/jira/browse/CASSANDRA-3712", "title": "Can't cleanup after I moved a token\n\n", "description": "Before cleanup failed, the reporter moved one node's token.\n\n2 nodes in the cluster. Data repartition was bad, tokens were 165[...] and 155[...].\n\nThe reporter moved 155 to 075[...], then adjusted to 076[...]. The moves were correctly processed, with no exception.\n\nBut then, when doing cleanup, it failed and keeps failing, on both nodes.\n\nnodetool cleanup fails:", "logs_traces": "Error occured during cleanup\n\njava.util.concurrent.ExecutionException: java.lang.AssertionError\n\nat java.util.concurrent.FutureTask$Sync.innerGet(FutureTask.java:222)\n\nat java.util.concurrent.FutureTask.get(FutureTask.java:83)\n\nat org.apache.cassandra.db.compaction.CompactionManager.performAllSSTableOperation(CompactionManager.java:203)\n\nat org.apache.cassandra.db.compaction.CompactionManager.performCleanup(CompactionManager.java:237)\n\nat org.apache.cassandra.db.ColumnFamilyStore.forceCleanup(ColumnFamilyStore.java:958)\n\nat org.apache.cassandra.service.StorageService.forceTableCleanup(StorageService.java:1604)\n\nat sun.reflect.NativeMethodAccessorImpl.invoke0(Native Method)\n\nat sun.reflect.NativeMethodAccessorImpl.invoke(NativeMethodAccessorImpl.java:39)\n\nat sun.reflect.DelegatingMethodAccessorImpl.invoke(DelegatingMethodAccessorImpl.java:25)\n\nat java.lang.reflect.Method.invoke(Method.java:597)\n\nat com.sun.jmx.mbeanserver.StandardMBeanIntrospector.invokeM2(StandardMBeanIntrospector.java:93)\n\nat com.sun.jmx.mbeanserver.StandardMBeanIntrospector.invokeM2(StandardMBeanIntrospector.java:27)\n\nat com.sun.jmx.mbeanserver.MBeanIntrospector.invokeM(MBeanIntrospector.java:208)\n\nat com.sun.jmx.mbeanserver.PerInterface.invoke(PerInterface.java:120)\n\nat com.sun.jmx.mbeanserver.MBeanSupport.invoke(MBeanSupport.java:262)\n\nat com.sun.jmx.interceptor.DefaultMBeanServerInterceptor.invoke(DefaultMBeanServerInterceptor.java:836)\n\nat com.sun.jmx.mbeanserver.JmxMBeanServer.invoke(JmxMBeanServer.java:761)\n\nat javax.management.remote.rmi.RMIConnectionImpl.doOperation(RMIConnectionImpl.java:1427)\n\nat javax.management.remote.rmi.RMIConnectionImpl.access$200(RMIConnectionImpl.java:72)\n\nat javax.management.remote.rmi.RMIConnectionImpl$PrivilegedOperation.run(RMIConnectionImpl.java:1265)\n\nat javax.management.remote.rmi.RMIConnectionImpl.doPrivilegedOperation(RMIConnectionImpl.java:1360)\n\nat javax.management.remote.rmi.RMIConnectionImpl.invoke(RMIConnectionImpl.java:788)\n\nat sun.reflect.NativeMethodAccessorImpl.invoke0(Native Method)\n\nat sun.reflect.NativeMethodAccessorImpl.invoke(NativeMethodAccessorImpl.java:39)\n\nat sun.reflect.DelegatingMethodAccessorImpl.invoke(DelegatingMethodAccessorImpl.java:25)\n\nat java.lang.reflect.Method.invoke(Method.java:597)\n\nat sun.rmi.server.UnicastServerRef.dispatch(UnicastServerRef.java:305)\n\nat sun.rmi.transport.Transport$1.run(Transport.java:159)\n\nat java.security.AccessController.doPrivileged(Native Method)\n\nat sun.rmi.transport.Transport.serviceCall(Transport.java:155)\n\nat sun.rmi.transport.tcp.TCPTransport.handleMessages(TCPTransport.java:535)\n\nat sun.rmi.transport.tcp.TCPTransport$ConnectionHandler.run0(TCPTransport.java:790)\n\nat sun.rmi.transport.tcp.TCPTransport$ConnectionHandler.run(TCPTransport.java:649)\n\nat java.util.concurrent.ThreadPoolExecutor$Worker.runTask(ThreadPoolExecutor.java:886)\n\nat java.util.concurrent.ThreadPoolExecutor$Worker.run(ThreadPoolExecutor.java:908)\n\nat java.lang.Thread.run(Thread.java:662)\n\nCaused by: java.lang.AssertionError\n\nat org.apache.cassandra.db.Memtable.put(Memtable.java:136)\n\nat org.apache.cassandra.db.ColumnFamilyStore.apply(ColumnFamilyStore.java:780)\n\nat org.apache.cassandra.db.index.keys.KeysIndex.deleteColumn(KeysIndex.java:82)\n\nat org.apache.cassandra.db.index.SecondaryIndexManager.deleteFromIndexes(SecondaryIndexManager.java:438)\n\nat org.apache.cassandra.db.compaction.CompactionManager.doCleanupCompaction(CompactionManager.java:754)\n\nat org.apache.cassandra.db.compaction.CompactionManager.access$300(CompactionManager.java:63)\n\nat org.apache.cassandra.db.compaction.CompactionManager$5.perform(CompactionManager.java:241)\n\nat org.apache.cassandra.db.compaction.CompactionManager$2.call(CompactionManager.java:182)\n\nat java.util.concurrent.FutureTask$Sync.innerRun(FutureTask.java:303)\n\nat java.util.concurrent.FutureTask.run(FutureTask.java:138)\n\n... 3 more\n\nThe server log looks like this:\n\nINFO [CompactionExecutor:260] 2012-01-09 14:08:41,716 CompactionManager.java (line 702) Cleaning up SSTableReader(path='/ke/cassandra/data/kev3/URLs-hc-457-Data.db')\n\nINFO [OptionalTasks:1] 2012-01-09 14:08:47,220 MeteredFlusher.java (line 62) flushing high-traffic column family CFS(Keyspace='kev3', ColumnFamily='URLs') (estimated 156787206 bytes)\n\nINFO [OptionalTasks:1] 2012-01-09 14:08:47,226 ColumnFamilyStore.java (line 692) Enqueuing flush of Memtable-URLs.URLs_1_idx@1347180703(16324791/156973287 serialized/live bytes, 173288 ops)\n\nINFO [FlushWriter:23] 2012-01-09 14:08:47,236 Memtable.java (line 240) Writing Memtable-URLs.URLs_1_idx@1347180703(16324791/156973287 serialized/live bytes, 173288 ops)\n\nINFO [pool-1-thread-1] 2012-01-09 14:08:51,003 Memtable.java (line 180) CFS(Keyspace='kev3', ColumnFamily='URLs.URLs_1_idx') liveRatio is 7.692510757866615 (just-counted was 4.512127842861816). calculation took 8648ms for 97329 columns\n\nINFO [FlushWriter:23] 2012-01-09 14:08:54,360 Memtable.java (line 277) Completed flushing /ke/cassandra/data/kev3/URLs.URLs_1_idx-hc-143-Data.db (26375495 bytes)\n\nINFO [ScheduledTasks:1] 2012-01-09 14:08:55,566 GCInspector.java (line 123) GC for ParNew: 206 ms for 1 collections, 934108624 used; max is 2034237440\n\nINFO [OptionalTasks:1] 2012-01-09 14:08:57,289 MeteredFlusher.java (line 62) flushing high-traffic column family CFS(Keyspace='kev3', ColumnFamily='URLs') (estimated 188842513 bytes)\n\nINFO [OptionalTasks:1] 2012-01-09 14:08:57,297 ColumnFamilyStore.java (line 692) Enqueuing flush of Memtable-URLs.URLs_1_idx@164871630(19662738/189069779 serialized/live bytes, 208494 ops)\n\nINFO [FlushWriter:23] 2012-01-09 14:08:57,297 Memtable.java (line 240) Writing Memtable-URLs.URLs_1_idx@164871630(19662738/189069779 serialized/live bytes, 208494 ops)\n\nINFO [ScheduledTasks:1] 2012-01-09 14:08:57,619 GCInspector.java (line 123) GC for ParNew: 402 ms for 2 collections, 981893424 used; max is 2034237440\n\nINFO [FlushWriter:23] 2012-01-09 14:09:05,944 Memtable.java (line 277) Completed flushing /ke/cassandra/data/kev3/URLs.URLs_1_idx-hc-144-Data.db (31755390 bytes)\n\nINFO [OptionalTasks:1] 2012-01-09 14:09:06,447 MeteredFlusher.java (line 62) flushing high-traffic column family CFS(Keyspace='kev3', ColumnFamily='URLs') (estimated 174605041 bytes)\n\nINFO [OptionalTasks:1] 2012-01-09 14:09:06,447 ColumnFamilyStore.java (line 692) Enqueuing flush of Memtable-URLs.URLs_1_idx@284469330(18158445/174605041 serialized/live bytes, 192702 ops)\n\nINFO [FlushWriter:23] 2012-01-09 14:09:06,447 Memtable.java (line 240) Writing Memtable-URLs.URLs_1_idx@284469330(18158445/174605041 serialized/live bytes, 192702 ops)\n\nERROR [CompactionExecutor:260] 2012-01-09 14:09:06,448 AbstractCassandraDaemon.java (line 133) Fatal exception in thread Thread[CompactionExecutor:260,1,RMI Runtime]\n\njava.lang.AssertionError\n\nat org.apache.cassandra.db.Memtable.put(Memtable.java:136)\n\nat org.apache.cassandra.db.ColumnFamilyStore.apply(ColumnFamilyStore.java:780)\n\nat org.apache.cassandra.db.index.keys.KeysIndex.deleteColumn(KeysIndex.java:82)\n\nat org.apache.cassandra.db.index.SecondaryIndexManager.deleteFromIndexes(SecondaryIndexManager.java:438)\n\nat org.apache.cassandra.db.compaction.CompactionManager.doCleanupCompaction(CompactionManager.java:754)\n\nat org.apache.cassandra.db.compaction.CompactionManager.access$300(CompactionManager.java:63)\n\nat org.apache.cassandra.db.compaction.CompactionManager$5.perform(CompactionManager.java:241)\n\nat org.apache.cassandra.db.compaction.CompactionManager$2.call(CompactionManager.java:182)\n\nat java.util.concurrent.FutureTask$Sync.innerRun(FutureTask.java:303)\n\nat java.util.concurrent.FutureTask.run(FutureTask.java:138)\n\nat java.util.concurrent.ThreadPoolExecutor$Worker.runTask(ThreadPoolExecutor.java:886)\n\nat java.util.concurrent.ThreadPoolExecutor$Worker.run(ThreadPoolExecutor.java:908)\n\nat java.lang.Thread.run(Thread.java:662)", "parsed_logs_traces": {"logs": {"51": "INFO [CompactionExecutor:260] 2012-01-09 14:08:41,716 CompactionManager.java (line 702) Cleaning up SSTableReader(path='/ke/cassandra/data/kev3/URLs-hc-457-Data.db')", "52": "INFO [OptionalTasks:1] 2012-01-09 14:08:47,220 MeteredFlusher.java (line 62) flushing high-traffic column family CFS(Keyspace='kev3', ColumnFamily='URLs') (estimated 156787206 bytes)", "53": "INFO [OptionalTasks:1] 2012-01-09 14:08:47,226 ColumnFamilyStore.java (line 692) Enqueuing flush of Memtable-URLs.URLs_1_idx@1347180703(16324791/156973287 serialized/live bytes, 173288 ops)", "54": "INFO [FlushWriter:23] 2012-01-09 14:08:47,236 Memtable.java (line 240) Writing Memtable-URLs.URLs_1_idx@1347180703(16324791/156973287 serialized/live bytes, 173288 ops)", "55": "INFO [pool-1-thread-1] 2012-01-09 14:08:51,003 Memtable.java (line 180) CFS(Keyspace='kev3', ColumnFamily='URLs.URLs_1_idx') liveRatio is 7.692510757866615 (just-counted was 4.512127842861816). calculation took 8648ms for 97329 columns", "56": "INFO [FlushWriter:23] 2012-01-09 14:08:54,360 Memtable.java (line 277) Completed flushing /ke/cassandra/data/kev3/URLs.URLs_1_idx-hc-143-Data.db (26375495 bytes)", "57": "INFO [ScheduledTasks:1] 2012-01-09 14:08:55,566 GCInspector.java (line 123) GC for ParNew: 206 ms for 1 collections, 934108624 used; max is 2034237440", "58": "INFO [OptionalTasks:1] 2012-01-09 14:08:57,289 MeteredFlusher.java (line 62) flushing high-traffic column family CFS(Keyspace='kev3', ColumnFamily='URLs') (estimated 188842513 bytes)", "59": "INFO [OptionalTasks:1] 2012-01-09 14:08:57,297 ColumnFamilyStore.java (line 692) Enqueuing flush of Memtable-URLs.URLs_1_idx@164871630(19662738/189069779 serialized/live bytes, 208494 ops)", "60": "INFO [FlushWriter:23] 2012-01-09 14:08:57,297 Memtable.java (line 240) Writing Memtable-URLs.URLs_1_idx@164871630(19662738/189069779 serialized/live bytes, 208494 ops)", "61": "INFO [ScheduledTasks:1] 2012-01-09 14:08:57,619 GCInspector.java (line 123) GC for ParNew: 402 ms for 2 collections, 981893424 used; max is 2034237440", "62": "INFO [FlushWriter:23] 2012-01-09 14:09:05,944 Memtable.java (line 277) Completed flushing /ke/cassandra/data/kev3/URLs.URLs_1_idx-hc-144-Data.db (31755390 bytes)", "63": "INFO [OptionalTasks:1] 2012-01-09 14:09:06,447 MeteredFlusher.java (line 62) flushing high-traffic column family CFS(Keyspace='kev3', ColumnFamily='URLs') (estimated 174605041 bytes)", "64": "INFO [OptionalTasks:1] 2012-01-09 14:09:06,447 ColumnFamilyStore.java (line 692) Enqueuing flush of Memtable-URLs.URLs_1_idx@284469330(18158445/174605041 serialized/live bytes, 192702 ops)", "65": "INFO [FlushWriter:23] 2012-01-09 14:09:06,447 Memtable.java (line 240) Writing Memtable-URLs.URLs_1_idx@284469330(18158445/174605041 serialized/live bytes, 192702 ops)", "66": "ERROR [CompactionExecutor:260] 2012-01-09 14:09:06,448 AbstractCassandraDaemon.java (line 133) Fatal exception in thread Thread[CompactionExecutor:260,1,RMI Runtime]"}, "traces": {"4": "at org.apache.cassandra.db.compaction.CompactionManager.performAllSSTableOperation(CompactionManager.java:203)", "5": "at org.apache.cassandra.db.compaction.CompactionManager.performCleanup(CompactionManager.java:237)", "6": "at org.apache.cassandra.db.ColumnFamilyStore.forceCleanup(ColumnFamilyStore.java:958)", "7": "at org.apache.cassandra.service.StorageService.forceTableCleanup(StorageService.java:1604)", "39": "at org.apache.cassandra.db.Memtable.put(Memtable.java:136)", "40": "at org.apache.cassandra.db.ColumnFamilyStore.apply(ColumnFamilyStore.java:780)", "41": "at org.apache.cassandra.db.index.keys.KeysIndex.deleteColumn(KeysIndex.java:82)", "42": "at org.apache.cassandra.db.index.SecondaryIndexManager.deleteFromIndexes(SecondaryIndexManager.java:438)", "43": "at org.apache.cassandra.db.compaction.CompactionManager.doCleanupCompaction(CompactionManager.java:754)", "44": "at org.apache.cassandra.db.compaction.CompactionManager.access$300(CompactionManager.java:63)", "45": "at org.apache.cassandra.db.compaction.CompactionManager$5.perform(CompactionManager.java:241)", "46": "at org.apache.cassandra.db.compaction.CompactionManager$2.call(CompactionManager.java:182)", "68": "at org.apache.cassandra.db.Memtable.put(Memtable.java:136)", "69": "at org.apache.cassandra.db.ColumnFamilyStore.apply(ColumnFamilyStore.java:780)", "70": "at org.apache.cassandra.db.index.keys.KeysIndex.deleteColumn(KeysIndex.java:82)", "71": "at org.apache.cassandra.db.index.SecondaryIndexManager.deleteFromIndexes(SecondaryIndexManager.java:438)", "72": "at org.apache.cassandra.db.compaction.CompactionManager.doCleanupCompaction(CompactionManager.java:754)", "73": "at org.apache.cassandra.db.compaction.CompactionManager.access$300(CompactionManager.java:63)", "74": "at org.apache.cassandra.db.compaction.CompactionManager$5.perform(CompactionManager.java:241)", "75": "at org.apache.cassandra.db.compaction.CompactionManager$2.call(CompactionManager.java:182)"}, "parsed_logs": {"51": {"class": "CompactionManager.java", "method": "Cleaning up", "line_number": "702", "message": "SSTableReader(path='/ke/cassandra/data/kev3/URLs-hc-457-Data.db')"}, "52": {"class": "MeteredFlusher.java", "method": "", "line_number": "62", "message": "flushing high-traffic column family CFS(Keyspace='kev3', ColumnFamily='URLs') (estimated 156787206 bytes)"}, "53": {"class": "ColumnFamilyStore.java", "method": "", "line_number": "692", "message": "Enqueuing flush of Memtable-URLs.URLs_1_idx@1347180703(16324791/156973287 serialized/live bytes, 173288 ops)"}, "54": {"class": "Memtable.java", "method": "", "line_number": "240", "message": "Writing Memtable-URLs.URLs_1_idx@1347180703(16324791/156973287 serialized/live bytes, 173288 ops)"}, "55": {"class": "Memtable.java", "method": "", "line_number": "180", "message": "CFS(Keyspace='kev3', ColumnFamily='URLs.URLs_1_idx') liveRatio is 7.692510757866615 (just-counted was 4.512127842861816). calculation took 8648ms for 97329 columns"}, "56": {"class": "Memtable.java", "method": "Completed flushing", "line_number": "277", "message": "/ke/cassandra/data/kev3/URLs.URLs_1_idx-hc-143-Data.db (26375495 bytes)"}, "57": {"class": "GCInspector.java", "method": "", "line_number": "123", "message": "GC for ParNew: 206 ms for 1 collections, 934108624 used; max is 2034237440"}, "58": {"class": "MeteredFlusher", "method": "", "line_number": "62", "message": "flushing high-traffic column family CFS(Keyspace='kev3', ColumnFamily='URLs') (estimated 188842513 bytes)"}, "59": {"class": "ColumnFamilyStore.java", "method": "", "line_number": "692", "message": "Enqueuing flush of Memtable-URLs.URLs_1_idx@164871630(19662738/189069779 serialized/live bytes, 208494 ops)"}, "60": {"class": "Memtable.java", "method": "", "line_number": "240", "message": "Writing Memtable-URLs.URLs_1_idx@164871630(19662738/189069779 serialized/live bytes, 208494 ops)"}, "61": {"class": "GCInspector.java", "method": "", "line_number": "123", "message": "GC for ParNew: 402 ms for 2 collections, 981893424 used; max is 2034237440"}, "62": {"class": "Memtable.java", "method": "", "line_number": "277", "message": "Completed flushing /ke/cassandra/data/kev3/URLs.URLs_1_idx-hc-144-Data.db (31755390 bytes)"}, "63": {"class": "MeteredFlusher.java", "method": "", "line_number": "62", "message": "flushing high-traffic column family CFS(Keyspace='kev3', ColumnFamily='URLs') (estimated 174605041 bytes)"}, "64": {"class": "ColumnFamilyStore.java", "method": "", "line_number": "692", "message": "Enqueuing flush of Memtable-URLs.URLs_1_idx@284469330(18158445/174605041 serialized/live bytes, 192702 ops)"}, "65": {"class": "Memtable.java", "method": "", "line_number": "240", "message": "Writing Memtable-URLs.URLs_1_idx@284469330(18158445/174605041 serialized/live bytes, 192702 ops)"}, "66": {"class": "AbstractCassandraDaemon.java", "method": "", "line_number": "133", "message": "Fatal exception in thread Thread[CompactionExecutor:260,1,RMI Runtime]"}}, "parsed_traces": {"4": {"package_class": "org.apache.cassandra.db.compaction.CompactionManager", "method": "performAllSSTableOperation", "file_name": "CompactionManager.java", "line_number": 203}, "5": {"package_class": "org.apache.cassandra.db.compaction.CompactionManager", "method": "performCleanup", "file_name": "CompactionManager.java", "line_number": 237}, "6": {"package_class": "org.apache.cassandra.db.ColumnFamilyStore", "method": "forceCleanup", "file_name": "ColumnFamilyStore.java", "line_number": 958}, "7": {"package_class": "org.apache.cassandra.service.StorageService", "method": "forceTableCleanup", "file_name": "StorageService.java", "line_number": 1604}, "39": {"package_class": "org.apache.cassandra.db.Memtable", "method": "put", "file_name": "Memtable.java", "line_number": 136}, "40": {"package_class": "org.apache.cassandra.db.ColumnFamilyStore", "method": "apply", "file_name": "ColumnFamilyStore.java", "line_number": 780}, "41": {"package_class": "org.apache.cassandra.db.index.keys.KeysIndex", "method": "deleteColumn", "file_name": "KeysIndex.java", "line_number": 82}, "42": {"package_class": "org.apache.cassandra.db.index.SecondaryIndexManager", "method": "deleteFromIndexes", "file_name": "SecondaryIndexManager.java", "line_number": 438}, "43": {"package_class": "org.apache.cassandra.db.compaction.CompactionManager", "method": "doCleanupCompaction", "file_name": "CompactionManager.java", "line_number": 754}, "44": {"package_class": "org.apache.cassandra.db.compaction.CompactionManager", "method": "access$300", "file_name": "CompactionManager.java", "line_number": 63}, "45": {"package_class": "org.apache.cassandra.db.compaction.CompactionManager$5", "method": "perform", "file_name": "CompactionManager.java", "line_number": 241}, "46": {"package_class": "org.apache.cassandra.db.compaction.CompactionManager$2", "method": "call", "file_name": "CompactionManager.java", "line_number": 182}, "68": {"package_class": "org.apache.cassandra.db.Memtable", "method": "put", "file_name": "Memtable.java", "line_number": 136}, "69": {"package_class": "org.apache.cassandra.db.ColumnFamilyStore", "method": "apply", "file_name": "ColumnFamilyStore.java", "line_number": 780}, "70": {"package_class": "org.apache.cassandra.db.index.keys.KeysIndex", "method": "deleteColumn", "file_name": "KeysIndex.java", "line_number": 82}, "71": {"package_class": "org.apache.cassandra.db.index.SecondaryIndexManager", "method": "deleteFromIndexes", "file_name": "SecondaryIndexManager.java", "line_number": 438}, "72": {"package_class": "org.apache.cassandra.db.compaction.CompactionManager", "method": "doCleanupCompaction", "file_name": "CompactionManager.java", "line_number": 754}, "73": {"package_class": "org.apache.cassandra.db.compaction.CompactionManager", "method": "access$300", "file_name": "CompactionManager.java", "line_number": 63}, "74": {"package_class": "org.apache.cassandra.db.compaction.CompactionManager$5", "method": "perform", "file_name": "CompactionManager.java", "line_number": 241}, "75": {"package_class": "org.apache.cassandra.db.compaction.CompactionManager$2", "method": "call", "file_name": "CompactionManager.java", "line_number": 182}}}}