{"bug_id": "ca-4774", "link": "https://issues.apache.org/jira/browse/CASSANDRA-4774", "title": "IndexOutOfBoundsException in org.apache.cassandra.gms.Gossiper.sendGossip\n\n", "description": "Environment: Saw this when looking through some logs in version 1.0.0 system was under a lot of load.", "logs_traces": "ERROR [GossipTasks:1] 2012-10-06 10:47:48,390 Gossiper.java (line 169) Gossip error\n\njava.lang.IndexOutOfBoundsException: Index: 13, Size: 5\n\nat java.util.ArrayList.RangeCheck(ArrayList.java:547)\n\nat java.util.ArrayList.get(ArrayList.java:322)\n\nat org.apache.cassandra.gms.Gossiper.sendGossip(Gossiper.java:541)\n\nat org.apache.cassandra.gms.Gossiper.doGossipToUnreachableMember(Gossiper.java:575)\n\nat org.apache.cassandra.gms.Gossiper.access$300(Gossiper.java:59)\n\nat org.apache.cassandra.gms.Gossiper$GossipTask.run(Gossiper.java:141)\n\nat org.apache.cassandra.concurrent.DebuggableScheduledThreadPoolExecutor$UncomplainingRunnable.run(DebuggableScheduledThreadPoolExecutor.java:79)\n\nat java.util.concurrent.Executors$RunnableAdapter.call(Executors.java:441)\n\nat java.util.concurrent.FutureTask$Sync.innerRunAndReset(FutureTask.java:317)\n\nat java.util.concurrent.FutureTask.runAndReset(FutureTask.java:150)\n\nat java.util.concurrent.ScheduledThreadPoolExecutor$ScheduledFutureTask.access$101(ScheduledThreadPoolExecutor.java:98)\n\nat java.util.concurrent.ScheduledThreadPoolExecutor$ScheduledFutureTask.runPeriodic(ScheduledThreadPoolExecutor.java:180)\n\nat java.util.concurrent.ScheduledThreadPoolExecutor$ScheduledFutureTask.run(ScheduledThreadPoolExecutor.java:204)\n\nat java.util.concurrent.ThreadPoolExecutor$Worker.runTask(ThreadPoolExecutor.java:886)\n\nat java.util.concurrent.ThreadPoolExecutor$Worker.run(ThreadPoolExecutor.java:908)\n\nat java.lang.Thread.run(Thread.java:662)", "parsed_logs_traces": {"logs": {"0": "ERROR [GossipTasks:1] 2012-10-06 10:47:48,390 Gossiper.java (line 169) Gossip error"}, "traces": {"4": "at org.apache.cassandra.gms.Gossiper.sendGossip(Gossiper.java:541)", "5": "at org.apache.cassandra.gms.Gossiper.doGossipToUnreachableMember(Gossiper.java:575)", "6": "at org.apache.cassandra.gms.Gossiper.access$300(Gossiper.java:59)", "7": "at org.apache.cassandra.gms.Gossiper$GossipTask.run(Gossiper.java:141)", "8": "at org.apache.cassandra.concurrent.DebuggableScheduledThreadPoolExecutor$UncomplainingRunnable.run(DebuggableScheduledThreadPoolExecutor.java:79)"}, "parsed_logs": {"0": {"class": "Gossiper.java", "method": "", "line_number": "169", "message": "Gossip error"}}, "parsed_traces": {"4": {"package_class": "org.apache.cassandra.gms.Gossiper", "method": "sendGossip", "file_name": "Gossiper.java", "line_number": 541}, "5": {"package_class": "org.apache.cassandra.gms.Gossiper", "method": "doGossipToUnreachableMember", "file_name": "Gossiper.java", "line_number": 575}, "6": {"package_class": "org.apache.cassandra.gms.Gossiper", "method": "access$300", "file_name": "Gossiper.java", "line_number": 59}, "7": {"package_class": "org.apache.cassandra.gms.Gossiper$GossipTask", "method": "run", "file_name": "Gossiper.java", "line_number": 141}, "8": {"package_class": "org.apache.cassandra.concurrent.DebuggableScheduledThreadPoolExecutor$UncomplainingRunnable", "method": "run", "file_name": "DebuggableScheduledThreadPoolExecutor.java", "line_number": 79}}}}