{"bug_id": "ca-4675", "link": "https://issues.apache.org/jira/browse/CASSANDRA-4675", "title": "NPE in NTS when using LQ against a node (DC) that doesn't have replica\n\n", "description": "In a NetworkTopologyStrategy where there are 2 DC:", "logs_traces": "[default@unknown] consistencylevel as LOCAL_QUORUM;\n\nConsistency level is set to 'LOCAL_QUORUM'.\n\n[default@unknown] use Keyspace3;\n\nAuthenticated to keyspace: Keyspace3\n\n[default@Keyspace3] get testcf[utf8('k1')][utf8('c1')];\n\nInternal error processing get\n\norg.apache.thrift.TApplicationException: Internal error processing get\n\nat org.apache.thrift.TApplicationException.read(TApplicationException.java:108)\n\nat org.apache.cassandra.thrift.Cassandra$Client.recv_get(Cassandra.java:511)\n\nat org.apache.cassandra.thrift.Cassandra$Client.get(Cassandra.java:492)\n\nat org.apache.cassandra.cli.CliClient.executeGet(CliClient.java:648)\n\nat org.apache.cassandra.cli.CliClient.executeCLIStatement(CliClient.java:209)\n\nat org.apache.cassandra.cli.CliMain.processStatementInteractive(CliMain.java:220)\n\nat org.apache.cassandra.cli.CliMain.main(CliMain.java:348)\n\nnode2's log:\n\nERROR [Thrift:3] 2012-09-17 18:15:16,868 Cassandra.java (line 2999) Internal error processing get\n\njava.lang.NullPointerException\n\nat org.apache.cassandra.locator.NetworkTopologyStrategy.getReplicationFactor(NetworkTopologyStrategy.java:142)\n\nat org.apache.cassandra.service.DatacenterReadCallback.determineBlockFor(DatacenterReadCallback.java:90)\n\nat org.apache.cassandra.service.ReadCallback.<init>(ReadCallback.java:67)\n\nat org.apache.cassandra.service.DatacenterReadCallback.<init>(DatacenterReadCallback.java:63)\n\nat org.apache.cassandra.service.StorageProxy.getReadCallback(StorageProxy.java:775)\n\nat org.apache.cassandra.service.StorageProxy.fetchRows(StorageProxy.java:609)\n\nat org.apache.cassandra.service.StorageProxy.read(StorageProxy.java:564)\n\nat org.apache.cassandra.thrift.CassandraServer.readColumnFamily(CassandraServer.java:128)\n\nat org.apache.cassandra.thrift.CassandraServer.internal_get(CassandraServer.java:383)\n\nat org.apache.cassandra.thrift.CassandraServer.get(CassandraServer.java:401)\n\nat org.apache.cassandra.thrift.Cassandra$Processor$get.process(Cassandra.java:2989)\n\nat org.apache.cassandra.thrift.Cassandra$Processor.process(Cassandra.java:2889)\n\nat org.apache.cassandra.thrift.CustomTThreadPoolServer$WorkerProcess.run(CustomTThreadPoolServer.java:187)\n\nat java.util.concurrent.ThreadPoolExecutor$Worker.runTask(ThreadPoolExecutor.java:886)\n\nat java.util.concurrent.ThreadPoolExecutor$Worker.run(ThreadPoolExecutor.java:908)", "parsed_logs_traces": {"logs": {"15": "ERROR [Thrift:3] 2012-09-17 18:15:16,868 Cassandra.java (line 2999) Internal error processing get"}, "traces": {"7": "at org.apache.thrift.TApplicationException.read(TApplicationException.java:108)", "8": "at org.apache.cassandra.thrift.Cassandra$Client.recv_get(Cassandra.java:511)", "9": "at org.apache.cassandra.thrift.Cassandra$Client.get(Cassandra.java:492)", "10": "at org.apache.cassandra.cli.CliClient.executeGet(CliClient.java:648)", "11": "at org.apache.cassandra.cli.CliClient.executeCLIStatement(CliClient.java:209)", "12": "at org.apache.cassandra.cli.CliMain.processStatementInteractive(CliMain.java:220)", "13": "at org.apache.cassandra.cli.CliMain.main(CliMain.java:348)", "17": "at org.apache.cassandra.locator.NetworkTopologyStrategy.getReplicationFactor(NetworkTopologyStrategy.java:142)", "18": "at org.apache.cassandra.service.DatacenterReadCallback.determineBlockFor(DatacenterReadCallback.java:90)", "19": "at org.apache.cassandra.service.ReadCallback.<init>(ReadCallback.java:67)", "20": "at org.apache.cassandra.service.DatacenterReadCallback.<init>(DatacenterReadCallback.java:63)", "21": "at org.apache.cassandra.service.StorageProxy.getReadCallback(StorageProxy.java:775)", "22": "at org.apache.cassandra.service.StorageProxy.fetchRows(StorageProxy.java:609)", "23": "at org.apache.cassandra.service.StorageProxy.read(StorageProxy.java:564)", "24": "at org.apache.cassandra.thrift.CassandraServer.readColumnFamily(CassandraServer.java:128)", "25": "at org.apache.cassandra.thrift.CassandraServer.internal_get(CassandraServer.java:383)", "26": "at org.apache.cassandra.thrift.CassandraServer.get(CassandraServer.java:401)", "27": "at org.apache.cassandra.thrift.Cassandra$Processor$get.process(Cassandra.java:2989)", "28": "at org.apache.cassandra.thrift.Cassandra$Processor.process(Cassandra.java:2889)", "29": "at org.apache.cassandra.thrift.CustomTThreadPoolServer$WorkerProcess.run(CustomTThreadPoolServer.java:187)"}, "parsed_logs": {"15": {"class": "Cassandra.java", "method": "Internal error processing get", "line_number": "2999", "message": "ERROR [Thrift:3] 2012-09-17 18:15:16,868"}}, "parsed_traces": {"7": {"package_class": "org.apache.thrift.TApplicationException", "method": "read", "file_name": "TApplicationException.java", "line_number": 108}, "8": {"package_class": "org.apache.cassandra.thrift.Cassandra$Client", "method": "recv_get", "file_name": "Cassandra.java", "line_number": 511}, "9": {"package_class": "org.apache.cassandra.thrift.Cassandra$Client", "method": "get", "file_name": "Cassandra.java", "line_number": 492}, "10": {"package_class": "org.apache.cassandra.cli.CliClient", "method": "executeGet", "file_name": "CliClient.java", "line_number": 648}, "11": {"package_class": "org.apache.cassandra.cli.CliClient", "method": "executeCLIStatement", "file_name": "CliClient.java", "line_number": 209}, "12": {"package_class": "org.apache.cassandra.cli.CliMain", "method": "processStatementInteractive", "file_name": "CliMain.java", "line_number": 220}, "13": {"package_class": "org.apache.cassandra.cli.CliMain", "method": "main", "file_name": "CliMain.java", "line_number": 348}, "17": {"package_class": "org.apache.cassandra.locator.NetworkTopologyStrategy", "method": "getReplicationFactor", "file_name": "NetworkTopologyStrategy.java", "line_number": 142}, "18": {"package_class": "org.apache.cassandra.service.DatacenterReadCallback", "method": "determineBlockFor", "file_name": "DatacenterReadCallback.java", "line_number": 90}, "19": {"package_class": "org.apache.cassandra.service.ReadCallback", "method": "<init>", "file_name": "ReadCallback.java", "line_number": 67}, "20": {"package_class": "org.apache.cassandra.service.DatacenterReadCallback", "method": "<init>", "file_name": "DatacenterReadCallback.java", "line_number": 63}, "21": {"package_class": "org.apache.cassandra.service.StorageProxy", "method": "getReadCallback", "file_name": "StorageProxy.java", "line_number": 775}, "22": {"package_class": "org.apache.cassandra.service.StorageProxy", "method": "fetchRows", "file_name": "StorageProxy.java", "line_number": 609}, "23": {"package_class": "org.apache.cassandra.service.StorageProxy", "method": "read", "file_name": "StorageProxy.java", "line_number": 564}, "24": {"package_class": "org.apache.cassandra.thrift.CassandraServer", "method": "readColumnFamily", "file_name": "CassandraServer.java", "line_number": 128}, "25": {"package_class": "org.apache.cassandra.thrift.CassandraServer", "method": "internal_get", "file_name": "CassandraServer.java", "line_number": 383}, "26": {"package_class": "org.apache.cassandra.thrift.CassandraServer", "method": "get", "file_name": "CassandraServer.java", "line_number": 401}, "27": {"package_class": "org.apache.cassandra.thrift.Cassandra$Processor$get", "method": "process", "file_name": "Cassandra.java", "line_number": 2989}, "28": {"package_class": "org.apache.cassandra.thrift.Cassandra$Processor", "method": "process", "file_name": "Cassandra.java", "line_number": 2889}, "29": {"package_class": "org.apache.cassandra.thrift.CustomTThreadPoolServer$WorkerProcess", "method": "run", "file_name": "CustomTThreadPoolServer.java", "line_number": 187}}}}