{"bug_id": "ca-5725", "link": "https://issues.apache.org/jira/browse/CASSANDRA-5725", "title": "Silently failing messages in case of schema not fully propagated", "description": "Description:\u201cWhen a new keyspace and/or column family is created on a multi nodes cluster (at least three), and then a mutation is executed on such new column family, the operations sometimes silently fails by timing out.\u201d  \n\nThe log is from the peer node to which node 1 sends the request.", "logs_traces": "INFO 13:11:39,441 IOException reading from socket; closing\n\norg.apache.cassandra.db.UnknownColumnFamilyException: Couldn't find cfId=a31c7604-0e40-393b-82d7-ba3d910ad50a\n\n      at org.apache.cassandra.db.ColumnFamilySerializer.deserializeCfId(ColumnFamilySerializer.java:184)\n\n      at org.apache.cassandra.db.ColumnFamilySerializer.deserialize(ColumnFamilySerializer.java:94)\n\n      at org.apache.cassandra.db.RowMutation$RowMutationSerializer.deserialize(RowMutation.java:397)\n\n      at org.apache.cassandra.db.RowMutation$RowMutationSerializer.deserialize(RowMutation.java:407)\n\n      at org.apache.cassandra.db.RowMutation$RowMutationSerializer.deserialize(RowMutation.java:367)\n\n      at org.apache.cassandra.net.MessageIn.read(MessageIn.java:94)\n\n      at org.apache.cassandra.net.IncomingTcpConnection.receiveMessage(IncomingTcpConnection.java:207)\n\n      at org.apache.cassandra.net.IncomingTcpConnection.handleModernVersion(IncomingTcpConnection.java:139)\n\n      at org.apache.cassandra.net.IncomingTcpConnection.run(IncomingTcpConnection.java:82)", "parsed_logs_traces": {"logs": {"0": "INFO 13:11:39,441 IOException reading from socket; closing"}, "traces": {"2": "      at org.apache.cassandra.db.ColumnFamilySerializer.deserializeCfId(ColumnFamilySerializer.java:184)", "3": "      at org.apache.cassandra.db.ColumnFamilySerializer.deserialize(ColumnFamilySerializer.java:94)", "4": "      at org.apache.cassandra.db.RowMutation$RowMutationSerializer.deserialize(RowMutation.java:397)", "5": "      at org.apache.cassandra.db.RowMutation$RowMutationSerializer.deserialize(RowMutation.java:407)", "6": "      at org.apache.cassandra.db.RowMutation$RowMutationSerializer.deserialize(RowMutation.java:367)", "7": "      at org.apache.cassandra.net.MessageIn.read(MessageIn.java:94)", "8": "      at org.apache.cassandra.net.IncomingTcpConnection.receiveMessage(IncomingTcpConnection.java:207)", "9": "      at org.apache.cassandra.net.IncomingTcpConnection.handleModernVersion(IncomingTcpConnection.java:139)", "10": "      at org.apache.cassandra.net.IncomingTcpConnection.run(IncomingTcpConnection.java:82)"}, "parsed_logs": {"0": {"class": "", "method": "", "line_number": "", "message": "IOException reading from socket; closing"}}, "parsed_traces": {"2": {"package_class": "org.apache.cassandra.db.ColumnFamilySerializer", "method": "deserializeCfId", "file_name": "ColumnFamilySerializer.java", "line_number": 184}, "3": {"package_class": "org.apache.cassandra.db.ColumnFamilySerializer", "method": "deserialize", "file_name": "ColumnFamilySerializer.java", "line_number": 94}, "4": {"package_class": "org.apache.cassandra.db.RowMutation$RowMutationSerializer", "method": "deserialize", "file_name": "RowMutation.java", "line_number": 397}, "5": {"package_class": "org.apache.cassandra.db.RowMutation$RowMutationSerializer", "method": "deserialize", "file_name": "RowMutation.java", "line_number": 407}, "6": {"package_class": "org.apache.cassandra.db.RowMutation$RowMutationSerializer", "method": "deserialize", "file_name": "RowMutation.java", "line_number": 367}, "7": {"package_class": "org.apache.cassandra.net.MessageIn", "method": "read", "file_name": "MessageIn.java", "line_number": 94}, "8": {"package_class": "org.apache.cassandra.net.IncomingTcpConnection", "method": "receiveMessage", "file_name": "IncomingTcpConnection.java", "line_number": 207}, "9": {"package_class": "org.apache.cassandra.net.IncomingTcpConnection", "method": "handleModernVersion", "file_name": "IncomingTcpConnection.java", "line_number": 139}, "10": {"package_class": "org.apache.cassandra.net.IncomingTcpConnection", "method": "run", "file_name": "IncomingTcpConnection.java", "line_number": 82}}}}