{"bug_id": "ca-5229", "link": "https://issues.apache.org/jira/browse/CASSANDRA-5229", "title": "After an IOException is thrown during streaming, streaming tasks hang in netstats\n\n", "description": "After an IOExcpetion, streaming tasks marked as \"successful\" in the logs are hung in netstats.\n\nWith TRACE debugging on streaming on the receiving node everything about the sstable in the log (not very much)", "logs_traces": "INFO [AntiEntropyStage:1] 2013-02-07 11:23:44,717 StreamOut.java (line 151) Stream context metadata [/data/cassandra/evidence/fingerprints/evidence-fingerprints-ib-5-Data.db sections=3068 progress=0/2785204713 - 0%, /data2/cassandra/evidence/fingerprints/evidence-fingerprints-ib-25-Data.db sections=2696 progress=0/758409465 - 0%, /data/cassandra/evidence/fingerprints/evidence-fingerprints-ib-60-Data.db sections=3099 progress=0/238876436 - 0%, /data2/cassandra/evidence/fingerprints/evidence-fingerprints-ib-63-Data.db sections=1166 progress=0/2125323 - 0%, /data2/cassandra/evidence/fingerprints/evidence-fingerprints-ib-38-Data.db sections=2507 progress=0/515992757 - 0%, /data2/cassandra/evidence/fingerprints/evidence-fingerprints-ib-26-Data.db sections=3153 progress=0/994857654 - 0%, /data2/cassandra/evidence/fingerprints/evidence-fingerprints-ib-57-Data.db sections=3116 progress=0/129398170 - 0%, /data2/cassandra/evidence/fingerprints/evidence-fingerprints-ib-58-Data.db sections=217 progress=0/72286 - 0%, /data/cassandra/evidence/fingerprints/evidence-fingerprints-ib-59-Data.db sections=3146 progress=0/3357709019 - 0%], 27 sstables.\n\n INFO [AntiEntropyStage:1] 2013-02-07 11:23:52,964 StreamOut.java (line 151) Stream context metadata [/data/cassandra/evidence/fingerprints/evidence-fingerprints-ib-5-Data.db sections=2930 progress=0/2799914560 - 0%, /data2/cassandra/evidence/fingerprints/evidence-fingerprints-ib-25-Data.db sections=2590 progress=0/761266059 - 0%, /data/cassandra/evidence/fingerprints/evidence-fingerprints-ib-60-Data.db sections=2956 progress=0/241362497 - 0%, /data2/cassandra/evidence/fingerprints/evidence-fingerprints-ib-63-Data.db sections=1153 progress=0/2125323 - 0%, /data2/cassandra/evidence/fingerprints/evidence-fingerprints-ib-38-Data.db sections=2422 progress=0/522126371 - 0%, /data2/cassandra/evidence/fingerprints/evidence-fingerprints-ib-26-Data.db sections=3004 progress=0/998401202 - 0%, /data2/cassandra/evidence/fingerprints/evidence-fingerprints-ib-57-Data.db sections=2974 progress=0/129722346 - 0%, /data2/cassandra/evidence/fingerprints/evidence-fingerprints-ib-58-Data.db sections=220 progress=0/72286 - 0%, /data/cassandra/evidence/fingerprints/evidence-fingerprints-ib-59-Data.db sections=2998 progress=0/3375554099 - 0%], 27 sstables.\n\nNode that is streaming out thinks that the streaming session was successful\n\nINFO [MiscStage:1] 2013-02-07 11:23:38,022 StreamOut.java (line 151) Stream context metadata [/data/cassandra/evidence/fingerprints/evidence-fingerprints-ia-472-Data.db sections=1727 progress=0/210208515 - 0%, /var/lib/cassandra/data2/evidence/fingerprints/evidence-fingerprints-ib-919-Data.db sections=1746 progress=0/119438030 - 0%, /data/cassandra/evidence/fingerprints/evidence-fingerprints-ib-920-Data.db sections=1681 progress=0/54498226 - 0%, /var/lib/cassandra/data2/evidence/fingerprints/evidence-fingerprints-ib-922-Data.db sections=16 progress=0/13490 - 0%, /var/lib/cassandra/data2/evidence/fingerprints/evidence-fingerprints-ib-918-Data.db sections=632 progress=0/70019542 - 0%, /var/lib/cassandra/data2/evidence/fingerprints/evidence-fingerprints-ib-921-Data.db sections=1644 progress=0/39870238 - 0%, /data/cassandra/evidence/fingerprints/evidence-fingerprints-ib-497-Data.db sections=1569 progress=0/208331077 - 0%, /var/lib/cassandra/data2/evidence/fingerprints/evidence-fingerprints-ib-923-Data.db sections=1572 progress=0/30870478 - 0%, /var/lib/cassandra/data2/evidence/fingerprints/evidence-fingerprints-ib-925-Data.db sections=167 progress=0/1845123 - 0%, /var/lib/cassandra/data2/evidence/fingerprints/evidence-fingerprints-ib-703-Data.db sections=1574 progress=0/287386471 - 0%, /var/lib/cassandra/data2/evidence/fingerprints/evidence-fingerprints-ib-913-Data.db sections=811 progress=0/103776521 - 0%, /var/lib/cassandra/data2/evidence/fingerprints/evidence-fingerprints-ib-915-Data.db sections=1539 progress=0/141864261 - 0%], 12 sstables.\n\n INFO [MiscStage:1] 2013-02-07 11:23:49,938 StreamOut.java (line 151) Stream context metadata [/var/lib/cassandra/data2/evidence/fingerprints/evidence-fingerprints-ib-919-Data.db sections=3153 progress=0/994857654 - 0%, /var/lib/cassandra/data2/evidence/fingerprints/evidence-fingerprints-ib-918-Data.db sections=2507 progress=0/515992757 - 0%, /var/lib/cassandra/data2/evidence/fingerprints/evidence-fingerprints-ib-923-Data.db sections=3153 progress=0/131969347 - 0%, /var/lib/cassandra/data2/evidence/fingerprints/evidence-fingerprints-ib-703-Data.db sections=3068 progress=0/2784807967 - 0%, /var/lib/cassandra/data2/evidence/fingerprints/evidence-fingerprints-ib-913-Data.db sections=2696 progress=0/758409465 - 0%, /data/cassandra/evidence/fingerprints/evidence-fingerprints-ia-472-Data.db sections=3150 progress=0/1792868996 - 0%, /data/cassandra/evidence/fingerprints/evidence-fingerprints-ib-920-Data.db sections=3123 progress=0/240094510 - 0%, /var/lib/cassandra/data2/evidence/fingerprints/evidence-fingerprints-ib-929-Data.db sections=18 progress=0/29468 - 0%, /var/lib/cassandra/data2/evidence/fingerprints/evidence-fingerprints-ib-922-Data.db sections=217 progress=0/13490 - 0%, /var/lib/cassandra/data2/evidence/fingerprints/evidence-fingerprints-ib-921-Data.db sections=3124 progress=0/130320291 - 0%, /data/cassandra/evidence/fingerprints/evidence-fingerprints-ib-497-Data.db sections=3055 progress=0/1749539598 - 0%, /var/lib/cassandra/data2/evidence/fingerprints/evidence-fingerprints-ib-925-Data.db sections=1608 progress=0/13357410 - 0%, /var/lib/cassandra/data2/evidence/fingerprints/evidence-fingerprints-ib-915-Data.db sections=3096 progress=0/1241397203 - 0%], 13 sstables.\n\n INFO [Streaming to /10.8.25.132:2] 2013-02-07 11:24:18,780 StreamReplyVerbHandler.java (line 44) Successfully sent /var/lib/cassandra/data2/evidence/fingerprints/evidence-fingerprints-ib-919-Data.db to /10.8.25.132\n\nNode that is being streamed to has nothing in the logs about this particular sstable\n\nStreaming from: /10.8.30.13\n\nevidence: /var/lib/cassandra/data2/evidence/fingerprints/evidence-fingerprints-ib-919-Data.db sections=3153 progress=218225400/994857654 - 21%\n\n--------------------------\n\nStreaming from: /10.138.12.10\n\nevidence: /data2/cassandra/evidence/fingerprints/evidence-fingerprints-ib-26-Data.db sections=3153 progress=218225400/994857654 - 21%\n\nThe IOException mentioned at the beginning is like this:\n\nERROR [Streaming to /10.8.25.114:4] 2013-02-09 11:02:09,992 CassandraDaemon.java (line 135) Exception in thread Thread[Streaming to /10.8.25.114:4,5,main]\n\njava.lang.RuntimeException: java.io.IOException: Broken pipe\n\nat com.google.common.base.Throwables.propagate(Throwables.java:160)\n\nat org.apache.cassandra.utils.WrappedRunnable.run(WrappedRunnable.java:32)\n\nat java.util.concurrent.ThreadPoolExecutor.runWorker(ThreadPoolExecutor.java:1145)\n\nat java.util.concurrent.ThreadPoolExecutor$Worker.run(ThreadPoolExecutor.java:615)\n\nat java.lang.Thread.run(Thread.java:722)\n\nCaused by: java.io.IOException: Broken pipe\n\nat sun.nio.ch.FileChannelImpl.transferTo0(Native Method)\n\nat sun.nio.ch.FileChannelImpl.transferToDirectly(FileChannelImpl.java:420)\n\nat sun.nio.ch.FileChannelImpl.transferTo(FileChannelImpl.java:552)\n\nat org.apache.cassandra.streaming.compress.CompressedFileStreamTask.stream(CompressedFileStreamTask.java:90)\n\nat org.apache.cassandra.streaming.FileStreamTask.runMayThrow(FileStreamTask.java:91)\n\nat org.apache.cassandra.utils.WrappedRunnable.run(WrappedRunnable.java:28)", "parsed_logs_traces": {"logs": {"0": "INFO [AntiEntropyStage:1] 2013-02-07 11:23:44,717 StreamOut.java (line 151) Stream context metadata [/data/cassandra/evidence/fingerprints/evidence-fingerprints-ib-5-Data.db sections=3068 progress=0/2785204713 - 0%, /data2/cassandra/evidence/fingerprints/evidence-fingerprints-ib-25-Data.db sections=2696 progress=0/758409465 - 0%, /data/cassandra/evidence/fingerprints/evidence-fingerprints-ib-60-Data.db sections=3099 progress=0/238876436 - 0%, /data2/cassandra/evidence/fingerprints/evidence-fingerprints-ib-63-Data.db sections=1166 progress=0/2125323 - 0%, /data2/cassandra/evidence/fingerprints/evidence-fingerprints-ib-38-Data.db sections=2507 progress=0/515992757 - 0%, /data2/cassandra/evidence/fingerprints/evidence-fingerprints-ib-26-Data.db sections=3153 progress=0/994857654 - 0%, /data2/cassandra/evidence/fingerprints/evidence-fingerprints-ib-57-Data.db sections=3116 progress=0/129398170 - 0%, /data2/cassandra/evidence/fingerprints/evidence-fingerprints-ib-58-Data.db sections=217 progress=0/72286 - 0%, /data/cassandra/evidence/fingerprints/evidence-fingerprints-ib-59-Data.db sections=3146 progress=0/3357709019 - 0%], 27 sstables.", "1": " INFO [AntiEntropyStage:1] 2013-02-07 11:23:52,964 StreamOut.java (line 151) Stream context metadata [/data/cassandra/evidence/fingerprints/evidence-fingerprints-ib-5-Data.db sections=2930 progress=0/2799914560 - 0%, /data2/cassandra/evidence/fingerprints/evidence-fingerprints-ib-25-Data.db sections=2590 progress=0/761266059 - 0%, /data/cassandra/evidence/fingerprints/evidence-fingerprints-ib-60-Data.db sections=2956 progress=0/241362497 - 0%, /data2/cassandra/evidence/fingerprints/evidence-fingerprints-ib-63-Data.db sections=1153 progress=0/2125323 - 0%, /data2/cassandra/evidence/fingerprints/evidence-fingerprints-ib-38-Data.db sections=2422 progress=0/522126371 - 0%, /data2/cassandra/evidence/fingerprints/evidence-fingerprints-ib-26-Data.db sections=3004 progress=0/998401202 - 0%, /data2/cassandra/evidence/fingerprints/evidence-fingerprints-ib-57-Data.db sections=2974 progress=0/129722346 - 0%, /data2/cassandra/evidence/fingerprints/evidence-fingerprints-ib-58-Data.db sections=220 progress=0/72286 - 0%, /data/cassandra/evidence/fingerprints/evidence-fingerprints-ib-59-Data.db sections=2998 progress=0/3375554099 - 0%], 27 sstables.", "3": "INFO [MiscStage:1] 2013-02-07 11:23:38,022 StreamOut.java (line 151) Stream context metadata [/data/cassandra/evidence/fingerprints/evidence-fingerprints-ia-472-Data.db sections=1727 progress=0/210208515 - 0%, /var/lib/cassandra/data2/evidence/fingerprints/evidence-fingerprints-ib-919-Data.db sections=1746 progress=0/119438030 - 0%, /data/cassandra/evidence/fingerprints/evidence-fingerprints-ib-920-Data.db sections=1681 progress=0/54498226 - 0%, /var/lib/cassandra/data2/evidence/fingerprints/evidence-fingerprints-ib-922-Data.db sections=16 progress=0/13490 - 0%, /var/lib/cassandra/data2/evidence/fingerprints/evidence-fingerprints-ib-918-Data.db sections=632 progress=0/70019542 - 0%, /var/lib/cassandra/data2/evidence/fingerprints/evidence-fingerprints-ib-921-Data.db sections=1644 progress=0/39870238 - 0%, /data/cassandra/evidence/fingerprints/evidence-fingerprints-ib-497-Data.db sections=1569 progress=0/208331077 - 0%, /var/lib/cassandra/data2/evidence/fingerprints/evidence-fingerprints-ib-923-Data.db sections=1572 progress=0/30870478 - 0%, /var/lib/cassandra/data2/evidence/fingerprints/evidence-fingerprints-ib-925-Data.db sections=167 progress=0/1845123 - 0%, /var/lib/cassandra/data2/evidence/fingerprints/evidence-fingerprints-ib-703-Data.db sections=1574 progress=0/287386471 - 0%, /var/lib/cassandra/data2/evidence/fingerprints/evidence-fingerprints-ib-913-Data.db sections=811 progress=0/103776521 - 0%, /var/lib/cassandra/data2/evidence/fingerprints/evidence-fingerprints-ib-915-Data.db sections=1539 progress=0/141864261 - 0%], 12 sstables.", "4": " INFO [MiscStage:1] 2013-02-07 11:23:49,938 StreamOut.java (line 151) Stream context metadata [/var/lib/cassandra/data2/evidence/fingerprints/evidence-fingerprints-ib-919-Data.db sections=3153 progress=0/994857654 - 0%, /var/lib/cassandra/data2/evidence/fingerprints/evidence-fingerprints-ib-918-Data.db sections=2507 progress=0/515992757 - 0%, /var/lib/cassandra/data2/evidence/fingerprints/evidence-fingerprints-ib-923-Data.db sections=3153 progress=0/131969347 - 0%, /var/lib/cassandra/data2/evidence/fingerprints/evidence-fingerprints-ib-703-Data.db sections=3068 progress=0/2784807967 - 0%, /var/lib/cassandra/data2/evidence/fingerprints/evidence-fingerprints-ib-913-Data.db sections=2696 progress=0/758409465 - 0%, /data/cassandra/evidence/fingerprints/evidence-fingerprints-ia-472-Data.db sections=3150 progress=0/1792868996 - 0%, /data/cassandra/evidence/fingerprints/evidence-fingerprints-ib-920-Data.db sections=3123 progress=0/240094510 - 0%, /var/lib/cassandra/data2/evidence/fingerprints/evidence-fingerprints-ib-929-Data.db sections=18 progress=0/29468 - 0%, /var/lib/cassandra/data2/evidence/fingerprints/evidence-fingerprints-ib-922-Data.db sections=217 progress=0/13490 - 0%, /var/lib/cassandra/data2/evidence/fingerprints/evidence-fingerprints-ib-921-Data.db sections=3124 progress=0/130320291 - 0%, /data/cassandra/evidence/fingerprints/evidence-fingerprints-ib-497-Data.db sections=3055 progress=0/1749539598 - 0%, /var/lib/cassandra/data2/evidence/fingerprints/evidence-fingerprints-ib-925-Data.db sections=1608 progress=0/13357410 - 0%, /var/lib/cassandra/data2/evidence/fingerprints/evidence-fingerprints-ib-915-Data.db sections=3096 progress=0/1241397203 - 0%], 13 sstables.", "5": " INFO [Streaming to /10.8.25.132:2] 2013-02-07 11:24:18,780 StreamReplyVerbHandler.java (line 44) Successfully sent /var/lib/cassandra/data2/evidence/fingerprints/evidence-fingerprints-ib-919-Data.db to /10.8.25.132", "13": "ERROR [Streaming to /10.8.25.114:4] 2013-02-09 11:02:09,992 CassandraDaemon.java (line 135) Exception in thread Thread[Streaming to /10.8.25.114:4,5,main]"}, "traces": {"16": "at org.apache.cassandra.utils.WrappedRunnable.run(WrappedRunnable.java:32)", "24": "at org.apache.cassandra.streaming.compress.CompressedFileStreamTask.stream(CompressedFileStreamTask.java:90)", "25": "at org.apache.cassandra.streaming.FileStreamTask.runMayThrow(FileStreamTask.java:91)", "26": "at org.apache.cassandra.utils.WrappedRunnable.run(WrappedRunnable.java:28)"}, "parsed_logs": {"0": {"class": "StreamOut.java", "method": "", "line_number": "151", "message": "Stream context metadata [/data/cassandra/evidence/fingerprints/evidence-fingerprints-ib-5-Data.db sections=3068 progress=0/2785204713 - 0%, /data2/cassandra/evidence/fingerprints/evidence-fingerprints-ib-25-Data.db sections=2696 progress=0/758409465 - 0%, /data/cassandra/evidence/fingerprints/evidence-fingerprints-ib-60-Data.db sections=3099 progress=0/238876436 - 0%, /data2/cassandra/evidence/fingerprints/evidence-fingerprints-ib-63-Data.db sections=1166 progress=0/2125323 - 0%, /data2/cassandra/evidence/fingerprints/evidence-fingerprints-ib-38-Data.db sections=2507 progress=0/515992757 - 0%, /data2/cassandra/evidence/fingerprints/evidence-fingerprints-ib-26-Data.db sections=3153 progress=0/994857654 - 0%, /data2/cassandra/evidence/fingerprints/evidence-fingerprints-ib-57-Data.db sections=3116 progress=0/129398170 - 0%, /data2/cassandra/evidence/fingerprints/evidence-fingerprints-ib-58-Data.db sections=217 progress=0/72286 - 0%, /data/cassandra/evidence/fingerprints/evidence-fingerprints-ib-59-Data.db sections=3146 progress=0/3357709019 - 0%], 27 sstables."}, "1": {"class": "StreamOut", "method": "", "line_number": "151", "message": "Stream context metadata [/data/cassandra/evidence/fingerprints/evidence-fingerprints-ib-5-Data.db sections=2930 progress=0/2799914560 - 0%, /data2/cassandra/evidence/fingerprints/evidence-fingerprints-ib-25-Data.db sections=2590 progress=0/761266059 - 0%, /data/cassandra/evidence/fingerprints/evidence-fingerprints-ib-60-Data.db sections=2956 progress=0/241362497 - 0%, /data2/cassandra/evidence/fingerprints/evidence-fingerprints-ib-63-Data.db sections=1153 progress=0/2125323 - 0%, /data2/cassandra/evidence/fingerprints/evidence-fingerprints-ib-38-Data.db sections=2422 progress=0/522126371 - 0%, /data2/cassandra/evidence/fingerprints/evidence-fingerprints-ib-26-Data.db sections=3004 progress=0/998401202 - 0%, /data2/cassandra/evidence/fingerprints/evidence-fingerprints-ib-57-Data.db sections=2974 progress=0/129722346 - 0%, /data2/cassandra/evidence/fingerprints/evidence-fingerprints-ib-58-Data.db sections=220 progress=0/72286 - 0%, /data/cassandra/evidence/fingerprints/evidence-fingerprints-ib-59-Data.db sections=2998 progress=0/3375554099 - 0%], 27 sstables."}, "3": {"class": "StreamOut", "method": "", "line_number": "151", "message": "Stream context metadata [/data/cassandra/evidence/fingerprints/evidence-fingerprints-ia-472-Data.db sections=1727 progress=0/210208515 - 0%, /var/lib/cassandra/data2/evidence/fingerprints/evidence-fingerprints-ib-919-Data.db sections=1746 progress=0/119438030 - 0%, /data/cassandra/evidence/fingerprints/evidence-fingerprints-ib-920-Data.db sections=1681 progress=0/54498226 - 0%, /var/lib/cassandra/data2/evidence/fingerprints/evidence-fingerprints-ib-922-Data.db sections=16 progress=0/13490 - 0%, /var/lib/cassandra/data2/evidence/fingerprints/evidence-fingerprints-ib-918-Data.db sections=632 progress=0/70019542 - 0%, /var/lib/cassandra/data2/evidence/fingerprints/evidence-fingerprints-ib-921-Data.db sections=1644 progress=0/39870238 - 0%, /data/cassandra/evidence/fingerprints/evidence-fingerprints-ib-497-Data.db sections=1569 progress=0/208331077 - 0%, /var/lib/cassandra/data2/evidence/fingerprints/evidence-fingerprints-ib-923-Data.db sections=1572 progress=0/30870478 - 0%, /var/lib/cassandra/data2/evidence/fingerprints/evidence-fingerprints-ib-925-Data.db sections=167 progress=0/1845123 - 0%, /var/lib/cassandra/data2/evidence/fingerprints/evidence-fingerprints-ib-703-Data.db sections=1574 progress=0/287386471 - 0%, /var/lib/cassandra/data2/evidence/fingerprints/evidence-fingerprints-ib-913-Data.db sections=811 progress=0/103776521 - 0%, /var/lib/cassandra/data2/evidence/fingerprints/evidence-fingerprints-ib-915-Data.db sections=1539 progress=0/141864261 - 0%], 12 sstables."}, "4": {"class": "StreamOut", "method": "", "line_number": "151", "message": "Stream context metadata [/var/lib/cassandra/data2/evidence/fingerprints/evidence-fingerprints-ib-919-Data.db sections=3153 progress=0/994857654 - 0%, /var/lib/cassandra/data2/evidence/fingerprints/evidence-fingerprints-ib-918-Data.db sections=2507 progress=0/515992757 - 0%, /var/lib/cassandra/data2/evidence/fingerprints/evidence-fingerprints-ib-923-Data.db sections=3153 progress=0/131969347 - 0%, /var/lib/cassandra/data2/evidence/fingerprints/evidence-fingerprints-ib-703-Data.db sections=3068 progress=0/2784807967 - 0%, /var/lib/cassandra/data2/evidence/fingerprints/evidence-fingerprints-ib-913-Data.db sections=2696 progress=0/758409465 - 0%, /data/cassandra/evidence/fingerprints/evidence-fingerprints-ia-472-Data.db sections=3150 progress=0/1792868996 - 0%, /data/cassandra/evidence/fingerprints/evidence-fingerprints-ib-920-Data.db sections=3123 progress=0/240094510 - 0%, /var/lib/cassandra/data2/evidence/fingerprints/evidence-fingerprints-ib-929-Data.db sections=18 progress=0/29468 - 0%, /var/lib/cassandra/data2/evidence/fingerprints/evidence-fingerprints-ib-922-Data.db sections=217 progress=0/13490 - 0%, /var/lib/cassandra/data2/evidence/fingerprints/evidence-fingerprints-ib-921-Data.db sections=3124 progress=0/130320291 - 0%, /data/cassandra/evidence/fingerprints/evidence-fingerprints-ib-497-Data.db sections=3055 progress=0/1749539598 - 0%, /var/lib/cassandra/data2/evidence/fingerprints/evidence-fingerprints-ib-925-Data.db sections=1608 progress=0/13357410 - 0%, /var/lib/cassandra/data2/evidence/fingerprints/evidence-fingerprints-ib-915-Data.db sections=3096 progress=0/1241397203 - 0%], 13 sstables."}, "5": {"class": "StreamReplyVerbHandler.java", "method": "", "line_number": "44", "message": "Successfully sent /var/lib/cassandra/data2/evidence/fingerprints/evidence-fingerprints-ib-919-Data.db to /10.8.25.132"}, "13": {"class": "CassandraDaemon.java", "method": "", "line_number": "135", "message": "Exception in thread Thread[Streaming to /10.8.25.114:4,5,main]"}}, "parsed_traces": {"16": {"package_class": "org.apache.cassandra.utils.WrappedRunnable", "method": "run", "file_name": "WrappedRunnable.java", "line_number": 32}, "24": {"package_class": "org.apache.cassandra.streaming.compress.CompressedFileStreamTask", "method": "stream", "file_name": "CompressedFileStreamTask.java", "line_number": 90}, "25": {"package_class": "org.apache.cassandra.streaming.FileStreamTask", "method": "runMayThrow", "file_name": "FileStreamTask.java", "line_number": 91}, "26": {"package_class": "org.apache.cassandra.utils.WrappedRunnable", "method": "run", "file_name": "WrappedRunnable.java", "line_number": 28}}}}