{"bug_id": "ca-5393", "link": "https://issues.apache.org/jira/browse/CASSANDRA-5393", "title": "Add retry mechanism to OTC for non-droppable_verbs\n\n", "description": "Setup: three ec2 regions (us-west-2, us-east-1, eu-west-1 - three nodes in each)\n\nWhen the connection gets dropped, trigger repair on one of the nodes (starting with us-west-2)\n\nThen we can see the eu-west-1 node which got the request to build the merkle tree, but then failed on sending the tree response with the exception below.", "logs_traces": "INFO [AntiEntropyStage:1] 2013-03-27 22:48:55,390 AntiEntropyService.java (line 239) repair #80fe25a0-9730-11e2-0000-ebe7011631ff Sending completed merkle tree to /54.246.XXX.YYY for (Geo,GeoCountryMetadata)\n\nDEBUG [WRITE-/54.246.XXX.YYY] 2013-03-27 22:48:55,392 OutboundTcpConnection.java (line 165) error writing to ec2-54-246-XXX.YYY.eu-west-1.compute.amazonaws.com/54.246.XXX.YYY\n\njava.net.SocketException: Connection timed out\n\nat java.net.SocketOutputStream.socketWrite0(Native Method)\n\nat java.net.SocketOutputStream.socketWrite(SocketOutputStream.java:92)\n\nat java.net.SocketOutputStream.write(SocketOutputStream.java:136)\n\nat com.sun.net.ssl.internal.ssl.OutputRecord.writeBuffer(OutputRecord.java:358)\n\nat com.sun.net.ssl.internal.ssl.OutputRecord.write(OutputRecord.java:346)\n\nat com.sun.net.ssl.internal.ssl.SSLSocketImpl.writeRecordInternal(SSLSocketImpl.java:781)\n\nat com.sun.net.ssl.internal.ssl.SSLSocketImpl.writeRecord(SSLSocketImpl.java:753)\n\nat com.sun.net.ssl.internal.ssl.AppOutputStream.write(AppOutputStream.java:100)\n\nat java.io.BufferedOutputStream.flushBuffer(BufferedOutputStream.java:65)\n\nat java.io.BufferedOutputStream.write(BufferedOutputStream.java:104)\n\nat java.io.DataOutputStream.write(DataOutputStream.java:90)\n\nat java.io.FilterOutputStream.write(FilterOutputStream.java:80)\n\nat org.apache.cassandra.net.OutboundTcpConnection.write(OutboundTcpConnection.java:200)\n\nat org.apache.cassandra.net.OutboundTcpConnection.writeConnected(OutboundTcpConnection.java:152)\n\nat org.apache.cassandra.net.OutboundTcpConnection.run(OutboundTcpConnection.java:126)", "parsed_logs_traces": {"logs": {"0": "INFO [AntiEntropyStage:1] 2013-03-27 22:48:55,390 AntiEntropyService.java (line 239) repair #80fe25a0-9730-11e2-0000-ebe7011631ff Sending completed merkle tree to /54.246.XXX.YYY for (Geo,GeoCountryMetadata)", "1": "DEBUG [WRITE-/54.246.XXX.YYY] 2013-03-27 22:48:55,392 OutboundTcpConnection.java (line 165) error writing to ec2-54-246-XXX.YYY.eu-west-1.compute.amazonaws.com/54.246.XXX.YYY"}, "traces": {"15": "at org.apache.cassandra.net.OutboundTcpConnection.write(OutboundTcpConnection.java:200)", "16": "at org.apache.cassandra.net.OutboundTcpConnection.writeConnected(OutboundTcpConnection.java:152)", "17": "at org.apache.cassandra.net.OutboundTcpConnection.run(OutboundTcpConnection.java:126)"}, "parsed_logs": {"0": {"class": "AntiEntropyService", "method": "", "line_number": "239", "message": "repair #80fe25a0-9730-11e2-0000-ebe7011631ff Sending completed merkle tree to /54.246.XXX.YYY for (Geo,GeoCountryMetadata)"}, "1": {"class": "OutboundTcpConnection.java", "method": "", "line_number": "165", "message": "error writing to ec2-54-246-XXX.YYY.eu-west-1.compute.amazonaws.com/54.246.XXX.YYY"}}, "parsed_traces": {"15": {"package_class": "org.apache.cassandra.net.OutboundTcpConnection", "method": "write", "file_name": "OutboundTcpConnection.java", "line_number": 200}, "16": {"package_class": "org.apache.cassandra.net.OutboundTcpConnection", "method": "writeConnected", "file_name": "OutboundTcpConnection.java", "line_number": 152}, "17": {"package_class": "org.apache.cassandra.net.OutboundTcpConnection", "method": "run", "file_name": "OutboundTcpConnection.java", "line_number": 126}}}}