{"bug_id": "ca-5701", "link": "https://issues.apache.org/jira/browse/CASSANDRA-5701", "title": "Apache.Cassandra.Cassandra.get_count will disconnect but not throw InvalidRequestException when column family is not existed.\n\n", "description": "When using get_count interface defined in Cassandra.thrift, the Cassandra Server (1.2.4) closes the connection from Client when column family does not exist in keyspace but not throw InvalidRequestException. system.log showed this:", "logs_traces": "ERROR [RPC-Thread:3373] 2013-06-26 14:23:09,264 TNonblockingServer.java (line 638) Unexpected exception while invoking!\n\njava.lang.IllegalArgumentException: Unknown table/cf pair (Keyspace1.Standard)\n\nat org.apache.cassandra.db.Table.getColumnFamilyStore(Table.java:165)\n\nat org.apache.cassandra.thrift.CassandraServer.get_count(CassandraServer.java:471)\n\nat org.apache.cassandra.thrift.Cassandra$Processor$get_count.getResult(Cassandra.java:3381)\n\nat org.apache.cassandra.thrift.Cassandra$Processor$get_count.getResult(Cassandra.java:3369)\n\nat org.apache.thrift.ProcessFunction.process(ProcessFunction.java:32)\n\nat org.apache.thrift.TBaseProcessor.process(TBaseProcessor.java:34)\n\nat org.apache.thrift.server.TNonblockingServer$FrameBuffer.invoke(TNonblockingServer.java:632)\n\nat org.apache.cassandra.thrift.CustomTHsHaServer$Invocation.run(CustomTHsHaServer.java:109)\n\nat java.util.concurrent.ThreadPoolExecutor$Worker.runTask(Unknown Source)\n\nat java.util.concurrent.ThreadPoolExecutor$Worker.run(Unknown Source)\n\nat java.lang.Thread.run(Unknown Source)", "parsed_logs_traces": {"logs": {"0": "ERROR [RPC-Thread:3373] 2013-06-26 14:23:09,264 TNonblockingServer.java (line 638) Unexpected exception while invoking!"}, "traces": {"2": "at org.apache.cassandra.db.Table.getColumnFamilyStore(Table.java:165)", "3": "at org.apache.cassandra.thrift.CassandraServer.get_count(CassandraServer.java:471)", "4": "at org.apache.cassandra.thrift.Cassandra$Processor$get_count.getResult(Cassandra.java:3381)", "5": "at org.apache.cassandra.thrift.Cassandra$Processor$get_count.getResult(Cassandra.java:3369)", "6": "at org.apache.thrift.ProcessFunction.process(ProcessFunction.java:32)", "7": "at org.apache.thrift.TBaseProcessor.process(TBaseProcessor.java:34)", "8": "at org.apache.thrift.server.TNonblockingServer$FrameBuffer.invoke(TNonblockingServer.java:632)", "9": "at org.apache.cassandra.thrift.CustomTHsHaServer$Invocation.run(CustomTHsHaServer.java:109)"}, "parsed_logs": {"0": {"class": "TNonblockingServer.java", "method": "", "line_number": "638", "message": "Unexpected exception while invoking!"}}, "parsed_traces": {"2": {"package_class": "org.apache.cassandra.db.Table", "method": "getColumnFamilyStore", "file_name": "Table.java", "line_number": 165}, "3": {"package_class": "org.apache.cassandra.thrift.CassandraServer", "method": "get_count", "file_name": "CassandraServer.java", "line_number": 471}, "4": {"package_class": "org.apache.cassandra.thrift.Cassandra$Processor$get_count", "method": "getResult", "file_name": "Cassandra.java", "line_number": 3381}, "5": {"package_class": "org.apache.cassandra.thrift.Cassandra$Processor$get_count", "method": "getResult", "file_name": "Cassandra.java", "line_number": 3369}, "6": {"package_class": "org.apache.thrift.ProcessFunction", "method": "process", "file_name": "ProcessFunction.java", "line_number": 32}, "7": {"package_class": "org.apache.thrift.TBaseProcessor", "method": "process", "file_name": "TBaseProcessor.java", "line_number": 34}, "8": {"package_class": "org.apache.thrift.server.TNonblockingServer$FrameBuffer", "method": "invoke", "file_name": "TNonblockingServer.java", "line_number": 632}, "9": {"package_class": "org.apache.cassandra.thrift.CustomTHsHaServer$Invocation", "method": "run", "file_name": "CustomTHsHaServer.java", "line_number": 109}}}}