{"bug_id": "ca-5432", "link": "https://issues.apache.org/jira/browse/CASSANDRA-5432", "title": "Repair Freeze/Gossip Invisibility Issues 1.2.4\n\n", "description": "After upgrading to Cassandra version 1.2.4 from 1.2.3, nodetool repair command is unable to run on any node in an EC2 sandboxed (TCP connection from external network is blocked). \u201cI am reaching our gc_grace seconds this weekend\".  (The grace period for a tombstone is set by the property gc_grace_seconds. Its default value is 864000 seconds (ten days)).\n\n", "logs_traces": "INFO [Thread-42214] 2013-04-05 23:30:27,785 StorageService.java (line 2379) Starting repair command #4, repairing 1 ranges for keyspace cardspring_production\n\nINFO [AntiEntropySessions:7] 2013-04-05 23:30:27,789 AntiEntropyService.java (line 652) repair #cc5a9aa0-9e48-11e2-98ba-11bde7670242 new session: will sync /X.X.X.190, /X.X.X.43, /X.X.X.56 on range (1808575600,42535295865117307932921825930779602032] for keyspace_production.[comma separated list of CFs]\n\nINFO [AntiEntropySessions:7] 2013-04-05 23:30:27,790 AntiEntropyService.java (line 858) repair #cc5a9aa0-9e48-11e2-98ba-11bde7670242 requesting merkle trees for BusinessConnectionIndicesEntries (to [/X.X.X.43, /X.X.X.56, /X.X.X.190])\n\nINFO [AntiEntropyStage:1] 2013-04-05 23:30:28,086 AntiEntropyService.java (line 214) repair #cc5a9aa0-9e48-11e2-98ba-11bde7670242 Received merkle tree for ColumnFamilyName from /X.X.X.43\n\nINFO [AntiEntropyStage:1] 2013-04-05 23:30:28,147 AntiEntropyService.java (line 214) repair #cc5a9aa0-9e48-11e2-98ba-11bde7670242 Received merkle tree for ColumnFamilyName from /X.X.X.56", "parsed_logs_traces": {"logs": {"0": "INFO [Thread-42214] 2013-04-05 23:30:27,785 StorageService.java (line 2379) Starting repair command #4, repairing 1 ranges for keyspace cardspring_production", "1": "INFO [AntiEntropySessions:7] 2013-04-05 23:30:27,789 AntiEntropyService.java (line 652) repair #cc5a9aa0-9e48-11e2-98ba-11bde7670242 new session: will sync /X.X.X.190, /X.X.X.43, /X.X.X.56 on range (1808575600,42535295865117307932921825930779602032] for keyspace_production.[comma separated list of CFs]", "2": "INFO [AntiEntropySessions:7] 2013-04-05 23:30:27,790 AntiEntropyService.java (line 858) repair #cc5a9aa0-9e48-11e2-98ba-11bde7670242 requesting merkle trees for BusinessConnectionIndicesEntries (to [/X.X.X.43, /X.X.X.56, /X.X.X.190])", "3": "INFO [AntiEntropyStage:1] 2013-04-05 23:30:28,086 AntiEntropyService.java (line 214) repair #cc5a9aa0-9e48-11e2-98ba-11bde7670242 Received merkle tree for ColumnFamilyName from /X.X.X.43", "4": "INFO [AntiEntropyStage:1] 2013-04-05 23:30:28,147 AntiEntropyService.java (line 214) repair #cc5a9aa0-9e48-11e2-98ba-11bde7670242 Received merkle tree for ColumnFamilyName from /X.X.X.56"}, "traces": {}, "parsed_logs": {"0": {"class": "StorageService.java", "method": "", "line_number": "2379", "message": "Starting repair command #4, repairing 1 ranges for keyspace cardspring_production"}, "1": {"class": "AntiEntropyService.java", "method": "", "line_number": "652", "message": "repair #cc5a9aa0-9e48-11e2-98ba-11bde7670242 new session: will sync /X.X.X.190, /X.X.X.43, /X.X.X.56 on range (1808575600,42535295865117307932921825930779602032] for keyspace_production.[comma separated list of CFs]"}, "2": {"class": "AntiEntropyService", "method": "", "line_number": "858", "message": "repair #cc5a9aa0-9e48-11e2-98ba-11bde7670242 requesting merkle trees for BusinessConnectionIndicesEntries (to [/X.X.X.43, /X.X.X.56, /X.X.X.190])"}, "3": {"class": "AntiEntropyService.java", "method": "", "line_number": "214", "message": "repair #cc5a9aa0-9e48-11e2-98ba-11bde7670242 Received merkle tree for ColumnFamilyName from /X.X.X.43"}, "4": {"class": "AntiEntropyService.java", "method": "", "line_number": "214", "message": "repair #cc5a9aa0-9e48-11e2-98ba-11bde7670242 Received merkle tree for ColumnFamilyName from /X.X.X.56"}}, "parsed_traces": {}}}