{"bug_id": "ca-5133", "link": "https://issues.apache.org/jira/browse/CASSANDRA-5133", "title": "Nodes can't rejoin after stopping, when using GossipingPropertyFileSnitch\n", "description": "The environment setting is: 3 nodes A, B, C.\n\nNode A -> seeds=\"node A ip address\"; Node B -> seeds=\"node A ip address\"; Node C -> seeds=\"node A ip address\"\n\n1) start node A and let it fully start up. ( first node needs to be a seed of itself to start )\n\n2) start node B and let it fully join the ring.\n\n3) start node C and let it fully join the ring.\n\n4) nodetool ring shows all nodes up\n\n5) stop node C and update the cassandra-rackdc.protperites file to rack=2\n\n6) start node C ( fails to start error about can\u2019t find DC for node A, the error log is as follows)\n\n7) stop node A and update seeds=\"node B ip address\", to try and solve question above\n\n8) start node A ( fails to start cant find DC of node C )\n\n9) stuck not being able to start node A and C", "logs_traces": "ERROR 05:45:39,305 Exception encountered during startup\n\njava.lang.RuntimeException: Could not retrieve DC for /10.114.18.51 from gossip and PFS compatibility is disabled\n\nat org.apache.cassandra.locator.GossipingPropertyFileSnitch.getDatacenter(GossipingPropertyFileSnitch.java:109)\n\nat org.apache.cassandra.locator.DynamicEndpointSnitch.getDatacenter(DynamicEndpointSnitch.java:127)\n\nat org.apache.cassandra.locator.TokenMetadata$Topology.addEndpoint(TokenMetadata.java:1040)\n\nat org.apache.cassandra.locator.TokenMetadata.updateNormalTokens(TokenMetadata.java:185)\n\nat org.apache.cassandra.locator.TokenMetadata.updateNormalTokens(TokenMetadata.java:157)\n\nat org.apache.cassandra.service.StorageService.initServer(StorageService.java:441)\n\nat org.apache.cassandra.service.StorageService.initServer(StorageService.java:397)\n\nat org.apache.cassandra.service.CassandraDaemon.setup(CassandraDaemon.java:309)\n\nat org.apache.cassandra.service.CassandraDaemon.activate(CassandraDaemon.java:397)\n\nat org.apache.cassandra.service.CassandraDaemon.main(CassandraDaemon.java:440)\n\njava.lang.RuntimeException: Could not retrieve DC for /10.114.18.51 from gossip and PFS compatibility is disabled\n\nat org.apache.cassandra.locator.GossipingPropertyFileSnitch.getDatacenter(GossipingPropertyFileSnitch.java:109)\n\nat org.apache.cassandra.locator.DynamicEndpointSnitch.getDatacenter(DynamicEndpointSnitch.java:127)\n\nat org.apache.cassandra.locator.TokenMetadata$Topology.addEndpoint(TokenMetadata.java:1040)\n\nat org.apache.cassandra.locator.TokenMetadata.updateNormalTokens(TokenMetadata.java:185)\n\nat org.apache.cassandra.locator.TokenMetadata.updateNormalTokens(TokenMetadata.java:157)\n\nat org.apache.cassandra.service.StorageService.initServer(StorageService.java:441)\n\nat org.apache.cassandra.service.StorageService.initServer(StorageService.java:397)\n\nat org.apache.cassandra.service.CassandraDaemon.setup(CassandraDaemon.java:309)\n\nat org.apache.cassandra.service.CassandraDaemon.activate(CassandraDaemon.java:397)\n\nat org.apache.cassandra.service.CassandraDaemon.main(CassandraDaemon.java:440)", "parsed_logs_traces": {"logs": {"0": "ERROR 05:45:39,305 Exception encountered during startup"}, "traces": {"2": "at org.apache.cassandra.locator.GossipingPropertyFileSnitch.getDatacenter(GossipingPropertyFileSnitch.java:109)", "3": "at org.apache.cassandra.locator.DynamicEndpointSnitch.getDatacenter(DynamicEndpointSnitch.java:127)", "4": "at org.apache.cassandra.locator.TokenMetadata$Topology.addEndpoint(TokenMetadata.java:1040)", "5": "at org.apache.cassandra.locator.TokenMetadata.updateNormalTokens(TokenMetadata.java:185)", "6": "at org.apache.cassandra.locator.TokenMetadata.updateNormalTokens(TokenMetadata.java:157)", "7": "at org.apache.cassandra.service.StorageService.initServer(StorageService.java:441)", "8": "at org.apache.cassandra.service.StorageService.initServer(StorageService.java:397)", "9": "at org.apache.cassandra.service.CassandraDaemon.setup(CassandraDaemon.java:309)", "10": "at org.apache.cassandra.service.CassandraDaemon.activate(CassandraDaemon.java:397)", "11": "at org.apache.cassandra.service.CassandraDaemon.main(CassandraDaemon.java:440)", "13": "at org.apache.cassandra.locator.GossipingPropertyFileSnitch.getDatacenter(GossipingPropertyFileSnitch.java:109)", "14": "at org.apache.cassandra.locator.DynamicEndpointSnitch.getDatacenter(DynamicEndpointSnitch.java:127)", "15": "at org.apache.cassandra.locator.TokenMetadata$Topology.addEndpoint(TokenMetadata.java:1040)", "16": "at org.apache.cassandra.locator.TokenMetadata.updateNormalTokens(TokenMetadata.java:185)", "17": "at org.apache.cassandra.locator.TokenMetadata.updateNormalTokens(TokenMetadata.java:157)", "18": "at org.apache.cassandra.service.StorageService.initServer(StorageService.java:441)", "19": "at org.apache.cassandra.service.StorageService.initServer(StorageService.java:397)", "20": "at org.apache.cassandra.service.CassandraDaemon.setup(CassandraDaemon.java:309)", "21": "at org.apache.cassandra.service.CassandraDaemon.activate(CassandraDaemon.java:397)", "22": "at org.apache.cassandra.service.CassandraDaemon.main(CassandraDaemon.java:440)"}, "parsed_logs": {"0": {"class": "", "method": "", "line_number": "", "message": "Exception encountered during startup"}}, "parsed_traces": {"2": {"package_class": "org.apache.cassandra.locator.GossipingPropertyFileSnitch", "method": "getDatacenter", "file_name": "GossipingPropertyFileSnitch.java", "line_number": 109}, "3": {"package_class": "org.apache.cassandra.locator.DynamicEndpointSnitch", "method": "getDatacenter", "file_name": "DynamicEndpointSnitch.java", "line_number": 127}, "4": {"package_class": "org.apache.cassandra.locator.TokenMetadata$Topology", "method": "addEndpoint", "file_name": "TokenMetadata.java", "line_number": 1040}, "5": {"package_class": "org.apache.cassandra.locator.TokenMetadata", "method": "updateNormalTokens", "file_name": "TokenMetadata.java", "line_number": 185}, "6": {"package_class": "org.apache.cassandra.locator.TokenMetadata", "method": "updateNormalTokens", "file_name": "TokenMetadata.java", "line_number": 157}, "7": {"package_class": "org.apache.cassandra.service.StorageService", "method": "initServer", "file_name": "StorageService.java", "line_number": 441}, "8": {"package_class": "org.apache.cassandra.service.StorageService", "method": "initServer", "file_name": "StorageService.java", "line_number": 397}, "9": {"package_class": "org.apache.cassandra.service.CassandraDaemon", "method": "setup", "file_name": "CassandraDaemon.java", "line_number": 309}, "10": {"package_class": "org.apache.cassandra.service.CassandraDaemon", "method": "activate", "file_name": "CassandraDaemon.java", "line_number": 397}, "11": {"package_class": "org.apache.cassandra.service.CassandraDaemon", "method": "main", "file_name": "CassandraDaemon.java", "line_number": 440}, "13": {"package_class": "org.apache.cassandra.locator.GossipingPropertyFileSnitch", "method": "getDatacenter", "file_name": "GossipingPropertyFileSnitch.java", "line_number": 109}, "14": {"package_class": "org.apache.cassandra.locator.DynamicEndpointSnitch", "method": "getDatacenter", "file_name": "DynamicEndpointSnitch.java", "line_number": 127}, "15": {"package_class": "org.apache.cassandra.locator.TokenMetadata$Topology", "method": "addEndpoint", "file_name": "TokenMetadata.java", "line_number": 1040}, "16": {"package_class": "org.apache.cassandra.locator.TokenMetadata", "method": "updateNormalTokens", "file_name": "TokenMetadata.java", "line_number": 185}, "17": {"package_class": "org.apache.cassandra.locator.TokenMetadata", "method": "updateNormalTokens", "file_name": "TokenMetadata.java", "line_number": 157}, "18": {"package_class": "org.apache.cassandra.service.StorageService", "method": "initServer", "file_name": "StorageService.java", "line_number": 441}, "19": {"package_class": "org.apache.cassandra.service.StorageService", "method": "initServer", "file_name": "StorageService.java", "line_number": 397}, "20": {"package_class": "org.apache.cassandra.service.CassandraDaemon", "method": "setup", "file_name": "CassandraDaemon.java", "line_number": 309}, "21": {"package_class": "org.apache.cassandra.service.CassandraDaemon", "method": "activate", "file_name": "CassandraDaemon.java", "line_number": 397}, "22": {"package_class": "org.apache.cassandra.service.CassandraDaemon", "method": "main", "file_name": "CassandraDaemon.java", "line_number": 440}}}}