{"bug_id": "ca-6098", "link": "https://issues.apache.org/jira/browse/CASSANDRA-6098", "title": "NullPointerException causing query timeout\n\n", "description": "A common SELECT query could not be completed failing with.\n\nRequest did not complete within rpc_timeout.\n\noutput.log showed this:", "logs_traces": "ERROR 15:38:04,036 Exception in thread Thread[ReadStage:170,5,main]\n\njava.lang.RuntimeException: java.lang.NullPointerException\n\n            at org.apache.cassandra.service.StorageProxy$DroppableRunnable.run(StorageProxy.java:1867)\n\n            at java.util.concurrent.ThreadPoolExecutor.runWorker(ThreadPoolExecutor.java:1145)\n\n            at java.util.concurrent.ThreadPoolExecutor$Worker.run(ThreadPoolExecutor.java:615)\n\n            at java.lang.Thread.run(Thread.java:724)\n\nCaused by: java.lang.NullPointerException\n\n            at org.apache.cassandra.db.index.composites.CompositesIndexOnRegular.isStale(CompositesIndexOnRegular.java:97)\n\n            at org.apache.cassandra.db.index.composites.CompositesSearcher$1.computeNext(CompositesSearcher.java:247)\n\n            at org.apache.cassandra.db.index.composites.CompositesSearcher$1.computeNext(CompositesSearcher.java:102)\n\n            at com.google.common.collect.AbstractIterator.tryToComputeNext(AbstractIterator.java:143)\n\n            at com.google.common.collect.AbstractIterator.hasNext(AbstractIterator.java:138)\n\n            at org.apache.cassandra.db.ColumnFamilyStore.filter(ColumnFamilyStore.java:1651)\n\n            at org.apache.cassandra.db.index.composites.CompositesSearcher.search(CompositesSearcher.java:50)\n\n            at org.apache.cassandra.db.index.SecondaryIndexManager.search(SecondaryIndexManager.java:525)\n\n            at org.apache.cassandra.db.ColumnFamilyStore.search(ColumnFamilyStore.java:1639)\n\n            at org.apache.cassandra.db.RangeSliceCommand.executeLocally(RangeSliceCommand.java:135)\n\n            at org.apache.cassandra.service.StorageProxy$LocalRangeSliceRunnable.runMayThrow(StorageProxy.java:1358)\n\n            at org.apache.cassandra.service.StorageProxy$DroppableRunnable.run(StorageProxy.java:1863)", "parsed_logs_traces": {"logs": {"0": "ERROR 15:38:04,036 Exception in thread Thread[ReadStage:170,5,main]"}, "traces": {"2": "            at org.apache.cassandra.service.StorageProxy$DroppableRunnable.run(StorageProxy.java:1867)", "7": "            at org.apache.cassandra.db.index.composites.CompositesIndexOnRegular.isStale(CompositesIndexOnRegular.java:97)", "8": "            at org.apache.cassandra.db.index.composites.CompositesSearcher$1.computeNext(CompositesSearcher.java:247)", "9": "            at org.apache.cassandra.db.index.composites.CompositesSearcher$1.computeNext(CompositesSearcher.java:102)", "12": "            at org.apache.cassandra.db.ColumnFamilyStore.filter(ColumnFamilyStore.java:1651)", "13": "            at org.apache.cassandra.db.index.composites.CompositesSearcher.search(CompositesSearcher.java:50)", "14": "            at org.apache.cassandra.db.index.SecondaryIndexManager.search(SecondaryIndexManager.java:525)", "15": "            at org.apache.cassandra.db.ColumnFamilyStore.search(ColumnFamilyStore.java:1639)", "16": "            at org.apache.cassandra.db.RangeSliceCommand.executeLocally(RangeSliceCommand.java:135)", "17": "            at org.apache.cassandra.service.StorageProxy$LocalRangeSliceRunnable.runMayThrow(StorageProxy.java:1358)", "18": "            at org.apache.cassandra.service.StorageProxy$DroppableRunnable.run(StorageProxy.java:1863)"}, "parsed_logs": {"0": {"class": "", "method": "", "line_number": "", "message": "ERROR 15:38:04,036 Exception in thread Thread[ReadStage:170,5,main]"}}, "parsed_traces": {"2": {"package_class": "org.apache.cassandra.service.StorageProxy$DroppableRunnable", "method": "run", "file_name": "StorageProxy.java", "line_number": 1867}, "7": {"package_class": "org.apache.cassandra.db.index.composites.CompositesIndexOnRegular", "method": "isStale", "file_name": "CompositesIndexOnRegular.java", "line_number": 97}, "8": {"package_class": "org.apache.cassandra.db.index.composites.CompositesSearcher$1", "method": "computeNext", "file_name": "CompositesSearcher.java", "line_number": 247}, "9": {"package_class": "org.apache.cassandra.db.index.composites.CompositesSearcher$1", "method": "computeNext", "file_name": "CompositesSearcher.java", "line_number": 102}, "12": {"package_class": "org.apache.cassandra.db.ColumnFamilyStore", "method": "filter", "file_name": "ColumnFamilyStore.java", "line_number": 1651}, "13": {"package_class": "org.apache.cassandra.db.index.composites.CompositesSearcher", "method": "search", "file_name": "CompositesSearcher.java", "line_number": 50}, "14": {"package_class": "org.apache.cassandra.db.index.SecondaryIndexManager", "method": "search", "file_name": "SecondaryIndexManager.java", "line_number": 525}, "15": {"package_class": "org.apache.cassandra.db.ColumnFamilyStore", "method": "search", "file_name": "ColumnFamilyStore.java", "line_number": 1639}, "16": {"package_class": "org.apache.cassandra.db.RangeSliceCommand", "method": "executeLocally", "file_name": "RangeSliceCommand.java", "line_number": 135}, "17": {"package_class": "org.apache.cassandra.service.StorageProxy$LocalRangeSliceRunnable", "method": "runMayThrow", "file_name": "StorageProxy.java", "line_number": 1358}, "18": {"package_class": "org.apache.cassandra.service.StorageProxy$DroppableRunnable", "method": "run", "file_name": "StorageProxy.java", "line_number": 1863}}}}