{"bug_id": "ca-6169", "link": "https://issues.apache.org/jira/browse/CASSANDRA-6169", "title": "Too many splits cause \"OutOfMemoryError: unable to create new native thread\" in AbstractColumnFamilyInputFormat\n\n", "description": "Get the following exception on client side: (server side: vnodes)", "logs_traces": "Exception in thread \"main\" java.lang.OutOfMemoryError: unable to create new native thread\n\n                      at java.lang.Thread.start0(Native Method)\n\n                      at java.lang.Thread.start(Thread.java:691)\n\n                      at java.util.concurrent.ThreadPoolExecutor.addWorker(ThreadPoolExecutor.java:943)\n\n                      at java.util.concurrent.ThreadPoolExecutor.execute(ThreadPoolExecutor.java:1336)\n\n                      at java.util.concurrent.AbstractExecutorService.submit(AbstractExecutorService.java:132)\n\n                      at org.apache.cassandra.hadoop.AbstractColumnFamilyInputFormat.getSplits(AbstractColumnFamilyInputFormat.java:187)\n\n                      at org.apache.hadoop.mapred.JobClient.writeNewSplits(JobClient.java:1054)\n\n                      at org.apache.hadoop.mapred.JobClient.writeSplits(JobClient.java:1071)\n\n                      at org.apache.hadoop.mapred.JobClient.access$700(JobClient.java:179)\n\n                      at org.apache.hadoop.mapred.JobClient$2.run(JobClient.java:983)\n\n                      at org.apache.hadoop.mapred.JobClient$2.run(JobClient.java:936)\n\n                      at java.security.AccessController.doPrivileged(Native Method)\n\n                      at javax.security.auth.Subject.doAs(Subject.java:415)\n\n                      at org.apache.hadoop.security.UserGroupInformation.doAs(UserGroupInformation.java:1190)\n\n                      at org.apache.hadoop.mapred.JobClient.submitJobInternal(JobClient.java:936)\n\n                      at org.apache.hadoop.mapreduce.Job.submit(Job.java:550)\n\n                      at org.apache.hadoop.mapreduce.Job.waitForCompletion(Job.java:580)\n\n                      at com.relateiq.hadoop.cassandra.etl.CassandraETLJob.run(CassandraETLJob.java:58)\n\n                      at org.apache.hadoop.util.ToolRunner.run(ToolRunner.java:65)\n\n                      at com.relateiq.hadoop.cassandra.etl.CassandraETLJob.main(CassandraETLJob.java:149)", "parsed_logs_traces": {"logs": {}, "traces": {"6": "                      at org.apache.cassandra.hadoop.AbstractColumnFamilyInputFormat.getSplits(AbstractColumnFamilyInputFormat.java:187)", "7": "                      at org.apache.hadoop.mapred.JobClient.writeNewSplits(JobClient.java:1054)", "8": "                      at org.apache.hadoop.mapred.JobClient.writeSplits(JobClient.java:1071)", "9": "                      at org.apache.hadoop.mapred.JobClient.access$700(JobClient.java:179)", "10": "                      at org.apache.hadoop.mapred.JobClient$2.run(JobClient.java:983)", "11": "                      at org.apache.hadoop.mapred.JobClient$2.run(JobClient.java:936)", "14": "                      at org.apache.hadoop.security.UserGroupInformation.doAs(UserGroupInformation.java:1190)", "15": "                      at org.apache.hadoop.mapred.JobClient.submitJobInternal(JobClient.java:936)", "16": "                      at org.apache.hadoop.mapreduce.Job.submit(Job.java:550)", "17": "                      at org.apache.hadoop.mapreduce.Job.waitForCompletion(Job.java:580)", "19": "                      at org.apache.hadoop.util.ToolRunner.run(ToolRunner.java:65)"}, "parsed_logs": {}, "parsed_traces": {"6": {"package_class": "org.apache.cassandra.hadoop.AbstractColumnFamilyInputFormat", "method": "getSplits", "file_name": "AbstractColumnFamilyInputFormat.java", "line_number": 187}, "7": {"package_class": "org.apache.hadoop.mapred.JobClient", "method": "writeNewSplits", "file_name": "JobClient.java", "line_number": 1054}, "8": {"package_class": "org.apache.hadoop.mapred.JobClient", "method": "writeSplits", "file_name": "JobClient.java", "line_number": 1071}, "9": {"package_class": "org.apache.hadoop.mapred.JobClient", "method": "access$700", "file_name": "JobClient.java", "line_number": 179}, "10": {"package_class": "org.apache.hadoop.mapred.JobClient$2", "method": "run", "file_name": "JobClient.java", "line_number": 983}, "11": {"package_class": "org.apache.hadoop.mapred.JobClient$2", "method": "run", "file_name": "JobClient.java", "line_number": 936}, "14": {"package_class": "org.apache.hadoop.security.UserGroupInformation", "method": "doAs", "file_name": "UserGroupInformation.java", "line_number": 1190}, "15": {"package_class": "org.apache.hadoop.mapred.JobClient", "method": "submitJobInternal", "file_name": "JobClient.java", "line_number": 936}, "16": {"package_class": "org.apache.hadoop.mapreduce.Job", "method": "submit", "file_name": "Job.java", "line_number": 550}, "17": {"package_class": "org.apache.hadoop.mapreduce.Job", "method": "waitForCompletion", "file_name": "Job.java", "line_number": 580}, "19": {"package_class": "org.apache.hadoop.util.ToolRunner", "method": "run", "file_name": "ToolRunner.java", "line_number": 65}}}}