{"bug_id": "hb-3989", "link": "https://issues.apache.org/jira/browse/HBASE-3989", "title": "Error occured while RegionServer report to Master \"we are up\" should get master address again\n", "description": "\u201cConsider the following scenario which is similar with my problem:\n\n1. Due to some unclear reason, the report to master got error. And retrying several times, but also failed.\n\n2. During this time, the standby master becomes the active one. So the endless loop is still running, and it won't success, for the master address has updated, but it didn't know. And won't know again.\u201d\n\nHere is the log:", "logs_traces": "2011-06-13 11:25:12,236 WARN org.apache.hadoop.hbase.regionserver.HRegionServer: error telling master we are up\n\njava.net.ConnectException: Connection refused\n\nat sun.nio.ch.SocketChannelImpl.checkConnect(Native Method)\n\nat sun.nio.ch.SocketChannelImpl.finishConnect(SocketChannelImpl.java:574)\n\nat org.apache.hadoop.net.SocketIOWithTimeout.connect(SocketIOWithTimeout.java:207)\n\nat org.apache.hadoop.net.NetUtils.connect(NetUtils.java:419)\n\nat org.apache.hadoop.hbase.ipc.HBaseClient$Connection.setupIOstreams(HBaseClient.java:328)\n\nat org.apache.hadoop.hbase.ipc.HBaseClient.getConnection(HBaseClient.java:883)\n\nat org.apache.hadoop.hbase.ipc.HBaseClient.call(HBaseClient.java:750)\n\nat org.apache.hadoop.hbase.ipc.HBaseRPC$Invoker.invoke(HBaseRPC.java:257)\n\nat $Proxy5.regionServerStartup(Unknown Source)\n\nat org.apache.hadoop.hbase.regionserver.HRegionServer.reportForDuty(HRegionServer.java:1511)\n\nat org.apache.hadoop.hbase.regionserver.HRegionServer.tryReportForDuty(HRegionServer.java:1479)\n\nat org.apache.hadoop.hbase.regionserver.HRegionServer.run(HRegionServer.java:571)\n\nat java.lang.Thread.run(Thread.java:662)\n\n2011-06-13 11:25:15,231 INFO org.apache.hadoop.hbase.regionserver.HRegionServer: Telling master at 157-5-111-22:20000 that we are up\n\n2011-06-13 11:25:15,232 WARN org.apache.hadoop.hbase.regionserver.HRegionServer: error telling master we are up\n\njava.net.ConnectException: Connection refused\n\nat sun.nio.ch.SocketChannelImpl.checkConnect(Native Method)\n\nat sun.nio.ch.SocketChannelImpl.finishConnect(SocketChannelImpl.java:574)\n\nat org.apache.hadoop.net.SocketIOWithTimeout.connect(SocketIOWithTimeout.java:207)\n\nat org.apache.hadoop.net.NetUtils.connect(NetUtils.java:419)\n\nat org.apache.hadoop.hbase.ipc.HBaseClient$Connection.setupIOstreams(HBaseClient.java:328)\n\nat org.apache.hadoop.hbase.ipc.HBaseClient.getConnection(HBaseClient.java:883)\n\nat org.apache.hadoop.hbase.ipc.HBaseClient.call(HBaseClient.java:750)\n\nat org.apache.hadoop.hbase.ipc.HBaseRPC$Invoker.invoke(HBaseRPC.java:257)\n\nat $Proxy5.regionServerStartup(Unknown Source)\n\nat org.apache.hadoop.hbase.regionserver.HRegionServer.reportForDuty(HRegionServer.java:1511)\n\nat org.apache.hadoop.hbase.regionserver.HRegionServer.tryReportForDuty(HRegionServer.java:1479)\n\nat org.apache.hadoop.hbase.regionserver.HRegionServer.run(HRegionServer.java:571)\n\nat java.lang.Thread.run(Thread.java:662)\n\n2011-06-13 11:25:18,225 INFO org.apache.hadoop.hbase.regionserver.HRegionServer: Telling master at 157-5-111-22:20000 that we are up", "parsed_logs_traces": {"logs": {"0": "2011-06-13 11:25:12,236 WARN org.apache.hadoop.hbase.regionserver.HRegionServer: error telling master we are up", "15": "2011-06-13 11:25:15,231 INFO org.apache.hadoop.hbase.regionserver.HRegionServer: Telling master at 157-5-111-22:20000 that we are up", "16": "2011-06-13 11:25:15,232 WARN org.apache.hadoop.hbase.regionserver.HRegionServer: error telling master we are up", "31": "2011-06-13 11:25:18,225 INFO org.apache.hadoop.hbase.regionserver.HRegionServer: Telling master at 157-5-111-22:20000 that we are up"}, "traces": {"4": "at org.apache.hadoop.net.SocketIOWithTimeout.connect(SocketIOWithTimeout.java:207)", "5": "at org.apache.hadoop.net.NetUtils.connect(NetUtils.java:419)", "6": "at org.apache.hadoop.hbase.ipc.HBaseClient$Connection.setupIOstreams(HBaseClient.java:328)", "7": "at org.apache.hadoop.hbase.ipc.HBaseClient.getConnection(HBaseClient.java:883)", "8": "at org.apache.hadoop.hbase.ipc.HBaseClient.call(HBaseClient.java:750)", "9": "at org.apache.hadoop.hbase.ipc.HBaseRPC$Invoker.invoke(HBaseRPC.java:257)", "11": "at org.apache.hadoop.hbase.regionserver.HRegionServer.reportForDuty(HRegionServer.java:1511)", "12": "at org.apache.hadoop.hbase.regionserver.HRegionServer.tryReportForDuty(HRegionServer.java:1479)", "13": "at org.apache.hadoop.hbase.regionserver.HRegionServer.run(HRegionServer.java:571)", "20": "at org.apache.hadoop.net.SocketIOWithTimeout.connect(SocketIOWithTimeout.java:207)", "21": "at org.apache.hadoop.net.NetUtils.connect(NetUtils.java:419)", "22": "at org.apache.hadoop.hbase.ipc.HBaseClient$Connection.setupIOstreams(HBaseClient.java:328)", "23": "at org.apache.hadoop.hbase.ipc.HBaseClient.getConnection(HBaseClient.java:883)", "24": "at org.apache.hadoop.hbase.ipc.HBaseClient.call(HBaseClient.java:750)", "25": "at org.apache.hadoop.hbase.ipc.HBaseRPC$Invoker.invoke(HBaseRPC.java:257)", "27": "at org.apache.hadoop.hbase.regionserver.HRegionServer.reportForDuty(HRegionServer.java:1511)", "28": "at org.apache.hadoop.hbase.regionserver.HRegionServer.tryReportForDuty(HRegionServer.java:1479)", "29": "at org.apache.hadoop.hbase.regionserver.HRegionServer.run(HRegionServer.java:571)"}, "parsed_logs": {"0": {"class": "org.apache.hadoop.hbase.regionserver.HRegionServer", "method": "", "line_number": "", "message": "error telling master we are up"}, "15": {"class": "org.apache.hadoop.hbase.regionserver.HRegionServer", "method": "", "line_number": "", "message": "Telling master at 157-5-111-22:20000 that we are up"}, "16": {"class": "org.apache.hadoop.hbase.regionserver.HRegionServer", "method": "", "line_number": "", "message": "error telling master we are up"}, "31": {"class": "org.apache.hadoop.hbase.regionserver.HRegionServer", "method": "", "line_number": "", "message": "Telling master at 157-5-111-22:20000 that we are up"}}, "parsed_traces": {"4": {"package_class": "org.apache.hadoop.net.SocketIOWithTimeout", "method": "connect", "file_name": "SocketIOWithTimeout.java", "line_number": 207}, "5": {"package_class": "org.apache.hadoop.net.NetUtils", "method": "connect", "file_name": "NetUtils.java", "line_number": 419}, "6": {"package_class": "org.apache.hadoop.hbase.ipc.HBaseClient$Connection", "method": "setupIOstreams", "file_name": "HBaseClient.java", "line_number": 328}, "7": {"package_class": "org.apache.hadoop.hbase.ipc.HBaseClient", "method": "getConnection", "file_name": "HBaseClient.java", "line_number": 883}, "8": {"package_class": "org.apache.hadoop.hbase.ipc.HBaseClient", "method": "call", "file_name": "HBaseClient.java", "line_number": 750}, "9": {"package_class": "org.apache.hadoop.hbase.ipc.HBaseRPC$Invoker", "method": "invoke", "file_name": "HBaseRPC.java", "line_number": 257}, "11": {"package_class": "org.apache.hadoop.hbase.regionserver.HRegionServer", "method": "reportForDuty", "file_name": "HRegionServer.java", "line_number": 1511}, "12": {"package_class": "org.apache.hadoop.hbase.regionserver.HRegionServer", "method": "tryReportForDuty", "file_name": "HRegionServer.java", "line_number": 1479}, "13": {"package_class": "org.apache.hadoop.hbase.regionserver.HRegionServer", "method": "run", "file_name": "HRegionServer.java", "line_number": 571}, "20": {"package_class": "org.apache.hadoop.net.SocketIOWithTimeout", "method": "connect", "file_name": "SocketIOWithTimeout.java", "line_number": 207}, "21": {"package_class": "org.apache.hadoop.net.NetUtils", "method": "connect", "file_name": "NetUtils.java", "line_number": 419}, "22": {"package_class": "org.apache.hadoop.hbase.ipc.HBaseClient$Connection", "method": "setupIOstreams", "file_name": "HBaseClient.java", "line_number": 328}, "23": {"package_class": "org.apache.hadoop.hbase.ipc.HBaseClient", "method": "getConnection", "file_name": "HBaseClient.java", "line_number": 883}, "24": {"package_class": "org.apache.hadoop.hbase.ipc.HBaseClient", "method": "call", "file_name": "HBaseClient.java", "line_number": 750}, "25": {"package_class": "org.apache.hadoop.hbase.ipc.HBaseRPC$Invoker", "method": "invoke", "file_name": "HBaseRPC.java", "line_number": 257}, "27": {"package_class": "org.apache.hadoop.hbase.regionserver.HRegionServer", "method": "reportForDuty", "file_name": "HRegionServer.java", "line_number": 1511}, "28": {"package_class": "org.apache.hadoop.hbase.regionserver.HRegionServer", "method": "tryReportForDuty", "file_name": "HRegionServer.java", "line_number": 1479}, "29": {"package_class": "org.apache.hadoop.hbase.regionserver.HRegionServer", "method": "run", "file_name": "HRegionServer.java", "line_number": 571}}}}