{"bug_id": "hb-3722", "link": "https://issues.apache.org/jira/browse/HBASE-3722", "title": "A lot of data is lost when name node crashed\n", "description": "Cluster setup:\n\n1. HDFS cluster is HA namenode (ANN (ActiveNameNode) and BackupNN (BackupNameNode))\n\n2. HBASE Version 0.90.1:  Active Hmaster, Backup Hmaster, several Region servers\n\nOperation:\n\n1. ANN crashed and BNN becomed Active (that needs some time)\n\n2. A region server crashed (which is holding the meta table) when Hbase client is putting into data.\n\n3. Hmaster split hlog failed and skip it.\n\n4. BNN had been active and Hmaster had finished processed shutdown event.\n\n5. A lots of data is lost because the region server had crashed.\n\nHMaster log: \u201cThere are some split failed logs\u201d\n\n2011-03-22 13:21:55,056 WARN", "logs_traces": "2011-03-22 13:21:55,056 WARN\n\norg.apache.hadoop.hbase.master.LogCleaner: Error while cleaning the logs\n\njava.net.ConnectException: Call to C4C1/157.5.100.1:9000 failed on connection exception: java.net.ConnectException: Connection refused\n\nat org.apache.hadoop.ipc.Client.wrapException(Client.java:844)\n\nat org.apache.hadoop.ipc.Client.call(Client.java:820)\n\nat org.apache.hadoop.ipc.RPC$Invoker.invoke(RPC.java:221)\n\nat $Proxy5.getListing(Unknown Source)\n\nat sun.reflect.GeneratedMethodAccessor9.invoke(Unknown Source)\n\nat sun.reflect.DelegatingMethodAccessorImpl.invoke(DelegatingMethodAccessorImpl.java:25)\n\nat java.lang.reflect.Method.invoke(Method.java:597)\n\nat org.apache.hadoop.io.retry.RetryInvocationHandler.invokeMethod(RetryInvocationHandler.java:82)\n\nat org.apache.hadoop.io.retry.RetryInvocationHandler.invoke(RetryInvocationHandler.java:59)\n\nat $Proxy5.getListing(Unknown Source)\n\nat org.apache.hadoop.hdfs.DFSClient.listPaths(DFSClient.java:614)\n\nat org.apache.hadoop.hdfs.DistributedFileSystem.listStatus(DistributedFileSystem.java:252)\n\nat org.apache.hadoop.hbase.master.LogCleaner.chore(LogCleaner.java:121)\n\nat org.apache.hadoop.hbase.Chore.run(Chore.java:66)\n\nat\n\norg.apache.hadoop.hbase.master.LogCleaner.run(LogCleaner.java:154)\n\nCaused by: java.net.ConnectException: Connection refused\n\nat sun.nio.ch.SocketChannelImpl.checkConnect(Native Method)\n\nat sun.nio.ch.SocketChannelImpl.finishConnect(SocketChannelImpl.java:574)\n\nat org.apache.hadoop.net.SocketIOWithTimeout.connect(SocketIOWithTimeout.java:206)\n\nat org.apache.hadoop.net.NetUtils.connect(NetUtils.java:408)\n\nat org.apache.hadoop.ipc.Client$Connection.setupIOstreams(Client.java:332)\n\nat org.apache.hadoop.ipc.Client$Connection.access$2000(Client.java:202)\n\nat org.apache.hadoop.ipc.Client.getConnection(Client.java:943)\n\nat org.apache.hadoop.ipc.Client.call(Client.java:788)\n\n... 13 more\n\n2011-03-22 13:21:56,056 INFO org.apache.hadoop.ipc.Client: Retrying connect to server: C4C1/157.5.100.1:9000. Already tried 0 time(s).\n\n2011-03-22 13:21:57,057 INFO org.apache.hadoop.ipc.Client: Retrying connect to server: C4C1/157.5.100.1:9000. Already tried 1 time(s).\n\n\u2026\n\n2011-03-22 13:22:05,060 INFO org.apache.hadoop.ipc.Client: Retrying connect to server: C4C1/157.5.100.1:9000. Already tried 9 time(s).\n\n2011-03-22 13:22:05,060 ERROR\n\norg.apache.hadoop.hbase.master.MasterFileSystem: Failed splitting\n\nhdfs://C4C1:9000/hbase/.logs/C4C9.site,60020,1300767633398\n\njava.net.ConnectException: Call to C4C1/157.5.100.1:9000 failed on connection exception: java.net.ConnectException: Connection refused\n\nat org.apache.hadoop.ipc.Client.wrapException(Client.java:844)\n\nat org.apache.hadoop.ipc.Client.call(Client.java:820)\n\nat org.apache.hadoop.ipc.RPC$Invoker.invoke(RPC.java:221)\n\nat $Proxy5.getFileInfo(Unknown Source)\n\nat sun.reflect.GeneratedMethodAccessor4.invoke(Unknown Source)\n\nat sun.reflect.DelegatingMethodAccessorImpl.invoke(DelegatingMethodAccessorImpl.java:25)\n\nat java.lang.reflect.Method.invoke(Method.java:597)\n\nat org.apache.hadoop.io.retry.RetryInvocationHandler.invokeMethod(RetryInvocationHandler.java:82)\n\nat org.apache.hadoop.io.retry.RetryInvocationHandler.invoke(RetryInvocationHandler.java:59)\n\nat $Proxy5.getFileInfo(Unknown Source)\n\nat org.apache.hadoop.hdfs.DFSClient.getFileInfo(DFSClient.java:623)\n\nat org.apache.hadoop.hdfs.DistributedFileSystem.getFileStatus(DistributedFileSystem.java:461)\n\nat org.apache.hadoop.fs.FileSystem.exists(FileSystem.java:690)\n\nat org.apache.hadoop.hbase.regionserver.wal.HLogSplitter.splitLog(HLogSplitter.java:177)\n\nat org.apache.hadoop.hbase.master.MasterFileSystem.splitLog(MasterFileSystem.java:196)\n\nat org.apache.hadoop.hbase.master.handler.ServerShutdownHandler.process(ServerShutdownHandler.java:95)\n\nat org.apache.hadoop.hbase.executor.EventHandler.run(EventHandler.java:151)\n\nat java.util.concurrent.ThreadPoolExecutor$Worker.runTask(ThreadPoolExecutor.java:886)\n\nat java.util.concurrent.ThreadPoolExecutor$Worker.run(ThreadPoolExecutor.java:908)\n\nat java.lang.Thread.run(Thread.java:662)\n\nCaused by: java.net.ConnectException: Connection refused\n\nat sun.nio.ch.SocketChannelImpl.checkConnect(Native Method)\n\nat sun.nio.ch.SocketChannelImpl.finishConnect(SocketChannelImpl.java:574)\n\nat org.apache.hadoop.net.SocketIOWithTimeout.connect(SocketIOWithTimeout.java:206)\n\nat org.apache.hadoop.net.NetUtils.connect(NetUtils.java:408)\n\nat org.apache.hadoop.ipc.Client$Connection.setupIOstreams(Client.java:332)\n\nat org.apache.hadoop.ipc.Client$Connection.access$2000(Client.java:202)\n\nat org.apache.hadoop.ipc.Client.getConnection(Client.java:943)\n\nat org.apache.hadoop.ipc.Client.call(Client.java:788)\n\n... 18 more\n\n2011-03-22 13:22:45,600 INFO org.apache.hadoop.ipc.Client: Retrying connect to server: C4C1/157.5.100.1:9000. Already tried 0 time(s).\n\n2011-03-22 13:22:46,600 INFO org.apache.hadoop.ipc.Client: Retrying connect to server: C4C1/157.5.100.1:9000. Already tried 1 time(s).\n\n\u2026\n\n2011-03-22 13:22:54,603 INFO org.apache.hadoop.ipc.Client: Retrying connect to server: C4C1/157.5.100.1:9000. Already tried 9 time(s).\n\n2011-03-22 13:22:54,603 WARN\n\norg.apache.hadoop.hbase.master.LogCleaner: Error while cleaning the logs\n\njava.net.ConnectException: Call to C4C1/157.5.100.1:9000 failed on connection exception: java.net.ConnectException: Connection refused\n\nat org.apache.hadoop.ipc.Client.wrapException(Client.java:844)\n\nat org.apache.hadoop.ipc.Client.call(Client.java:820)\n\nat org.apache.hadoop.ipc. RPC$Invoker.invoke(RPC.java:221)", "parsed_logs_traces": {"logs": {"0": "2011-03-22 13:21:55,056 WARN", "29": "2011-03-22 13:21:56,056 INFO org.apache.hadoop.ipc.Client: Retrying connect to server: C4C1/157.5.100.1:9000. Already tried 0 time(s).", "30": "2011-03-22 13:21:57,057 INFO org.apache.hadoop.ipc.Client: Retrying connect to server: C4C1/157.5.100.1:9000. Already tried 1 time(s).", "32": "2011-03-22 13:22:05,060 INFO org.apache.hadoop.ipc.Client: Retrying connect to server: C4C1/157.5.100.1:9000. Already tried 9 time(s).", "33": "2011-03-22 13:22:05,060 ERROR", "67": "2011-03-22 13:22:45,600 INFO org.apache.hadoop.ipc.Client: Retrying connect to server: C4C1/157.5.100.1:9000. Already tried 0 time(s).", "68": "2011-03-22 13:22:46,600 INFO org.apache.hadoop.ipc.Client: Retrying connect to server: C4C1/157.5.100.1:9000. Already tried 1 time(s).", "70": "2011-03-22 13:22:54,603 INFO org.apache.hadoop.ipc.Client: Retrying connect to server: C4C1/157.5.100.1:9000. Already tried 9 time(s).", "71": "2011-03-22 13:22:54,603 WARN"}, "traces": {"3": "at org.apache.hadoop.ipc.Client.wrapException(Client.java:844)", "4": "at org.apache.hadoop.ipc.Client.call(Client.java:820)", "5": "at org.apache.hadoop.ipc.RPC$Invoker.invoke(RPC.java:221)", "10": "at org.apache.hadoop.io.retry.RetryInvocationHandler.invokeMethod(RetryInvocationHandler.java:82)", "11": "at org.apache.hadoop.io.retry.RetryInvocationHandler.invoke(RetryInvocationHandler.java:59)", "13": "at org.apache.hadoop.hdfs.DFSClient.listPaths(DFSClient.java:614)", "14": "at org.apache.hadoop.hdfs.DistributedFileSystem.listStatus(DistributedFileSystem.java:252)", "15": "at org.apache.hadoop.hbase.master.LogCleaner.chore(LogCleaner.java:121)", "16": "at org.apache.hadoop.hbase.Chore.run(Chore.java:66)", "22": "at org.apache.hadoop.net.SocketIOWithTimeout.connect(SocketIOWithTimeout.java:206)", "23": "at org.apache.hadoop.net.NetUtils.connect(NetUtils.java:408)", "24": "at org.apache.hadoop.ipc.Client$Connection.setupIOstreams(Client.java:332)", "25": "at org.apache.hadoop.ipc.Client$Connection.access$2000(Client.java:202)", "26": "at org.apache.hadoop.ipc.Client.getConnection(Client.java:943)", "27": "at org.apache.hadoop.ipc.Client.call(Client.java:788)", "37": "at org.apache.hadoop.ipc.Client.wrapException(Client.java:844)", "38": "at org.apache.hadoop.ipc.Client.call(Client.java:820)", "39": "at org.apache.hadoop.ipc.RPC$Invoker.invoke(RPC.java:221)", "44": "at org.apache.hadoop.io.retry.RetryInvocationHandler.invokeMethod(RetryInvocationHandler.java:82)", "45": "at org.apache.hadoop.io.retry.RetryInvocationHandler.invoke(RetryInvocationHandler.java:59)", "47": "at org.apache.hadoop.hdfs.DFSClient.getFileInfo(DFSClient.java:623)", "48": "at org.apache.hadoop.hdfs.DistributedFileSystem.getFileStatus(DistributedFileSystem.java:461)", "49": "at org.apache.hadoop.fs.FileSystem.exists(FileSystem.java:690)", "50": "at org.apache.hadoop.hbase.regionserver.wal.HLogSplitter.splitLog(HLogSplitter.java:177)", "51": "at org.apache.hadoop.hbase.master.MasterFileSystem.splitLog(MasterFileSystem.java:196)", "52": "at org.apache.hadoop.hbase.master.handler.ServerShutdownHandler.process(ServerShutdownHandler.java:95)", "53": "at org.apache.hadoop.hbase.executor.EventHandler.run(EventHandler.java:151)", "60": "at org.apache.hadoop.net.SocketIOWithTimeout.connect(SocketIOWithTimeout.java:206)", "61": "at org.apache.hadoop.net.NetUtils.connect(NetUtils.java:408)", "62": "at org.apache.hadoop.ipc.Client$Connection.setupIOstreams(Client.java:332)", "63": "at org.apache.hadoop.ipc.Client$Connection.access$2000(Client.java:202)", "64": "at org.apache.hadoop.ipc.Client.getConnection(Client.java:943)", "65": "at org.apache.hadoop.ipc.Client.call(Client.java:788)", "74": "at org.apache.hadoop.ipc.Client.wrapException(Client.java:844)", "75": "at org.apache.hadoop.ipc.Client.call(Client.java:820)", "76": "at org.apache.hadoop.ipc. RPC$Invoker.invoke(RPC.java:221)"}, "parsed_logs": {"0": {"class": "", "method": "", "line_number": "", "message": ""}, "29": {"class": "org.apache.hadoop.ipc.Client", "method": "", "line_number": "", "message": "Retrying connect to server: C4C1/157.5.100.1:9000. Already tried 0 time(s)."}, "30": {"class": "org.apache.hadoop.ipc.Client", "method": "", "line_number": "", "message": "Retrying connect to server: C4C1/157.5.100.1:9000. Already tried 1 time(s)."}, "32": {"class": "org.apache.hadoop.ipc.Client", "method": "", "line_number": "", "message": "Retrying connect to server: C4C1/157.5.100.1:9000. Already tried 9 time(s)."}, "33": {"class": "", "method": "", "line_number": "", "message": ""}, "67": {"class": "org.apache.hadoop.ipc.Client", "method": "", "line_number": "", "message": "Retrying connect to server: C4C1/157.5.100.1:9000. Already tried 0 time(s)."}, "68": {"class": "org.apache.hadoop.ipc.Client", "method": "", "line_number": "", "message": "Retrying connect to server: C4C1/157.5.100.1:9000. Already tried 1 time(s)."}, "70": {"class": "org.apache.hadoop.ipc.Client", "method": "", "line_number": "", "message": "Retrying connect to server: C4C1/157.5.100.1:9000. Already tried 9 time(s)."}, "71": {"class": "", "method": "", "line_number": "", "message": "2011-03-22 13:22:54,603 WARN"}}, "parsed_traces": {"3": {"package_class": "org.apache.hadoop.ipc.Client", "method": "wrapException", "file_name": "Client.java", "line_number": 844}, "4": {"package_class": "org.apache.hadoop.ipc.Client", "method": "call", "file_name": "Client.java", "line_number": 820}, "5": {"package_class": "org.apache.hadoop.ipc.RPC$Invoker", "method": "invoke", "file_name": "RPC.java", "line_number": 221}, "10": {"package_class": "org.apache.hadoop.io.retry.RetryInvocationHandler", "method": "invokeMethod", "file_name": "RetryInvocationHandler.java", "line_number": 82}, "11": {"package_class": "org.apache.hadoop.io.retry.RetryInvocationHandler", "method": "invoke", "file_name": "RetryInvocationHandler.java", "line_number": 59}, "13": {"package_class": "org.apache.hadoop.hdfs.DFSClient", "method": "listPaths", "file_name": "DFSClient.java", "line_number": 614}, "14": {"package_class": "org.apache.hadoop.hdfs.DistributedFileSystem", "method": "listStatus", "file_name": "DistributedFileSystem.java", "line_number": 252}, "15": {"package_class": "org.apache.hadoop.hbase.master.LogCleaner", "method": "chore", "file_name": "LogCleaner.java", "line_number": 121}, "16": {"package_class": "org.apache.hadoop.hbase.Chore", "method": "run", "file_name": "Chore.java", "line_number": 66}, "22": {"package_class": "org.apache.hadoop.net.SocketIOWithTimeout", "method": "connect", "file_name": "SocketIOWithTimeout.java", "line_number": 206}, "23": {"package_class": "org.apache.hadoop.net.NetUtils", "method": "connect", "file_name": "NetUtils.java", "line_number": 408}, "24": {"package_class": "org.apache.hadoop.ipc.Client$Connection", "method": "setupIOstreams", "file_name": "Client.java", "line_number": 332}, "25": {"package_class": "org.apache.hadoop.ipc.Client$Connection", "method": "access$2000", "file_name": "Client.java", "line_number": 202}, "26": {"package_class": "org.apache.hadoop.ipc.Client", "method": "getConnection", "file_name": "Client.java", "line_number": 943}, "27": {"package_class": "org.apache.hadoop.ipc.Client", "method": "call", "file_name": "Client.java", "line_number": 788}, "37": {"package_class": "org.apache.hadoop.ipc.Client", "method": "wrapException", "file_name": "Client.java", "line_number": 844}, "38": {"package_class": "org.apache.hadoop.ipc.Client", "method": "call", "file_name": "Client.java", "line_number": 820}, "39": {"package_class": "org.apache.hadoop.ipc.RPC$Invoker", "method": "invoke", "file_name": "RPC.java", "line_number": 221}, "44": {"package_class": "org.apache.hadoop.io.retry.RetryInvocationHandler", "method": "invokeMethod", "file_name": "RetryInvocationHandler.java", "line_number": 82}, "45": {"package_class": "org.apache.hadoop.io.retry.RetryInvocationHandler", "method": "invoke", "file_name": "RetryInvocationHandler.java", "line_number": 59}, "47": {"package_class": "org.apache.hadoop.hdfs.DFSClient", "method": "getFileInfo", "file_name": "DFSClient.java", "line_number": 623}, "48": {"package_class": "org.apache.hadoop.hdfs.DistributedFileSystem", "method": "getFileStatus", "file_name": "DistributedFileSystem.java", "line_number": 461}, "49": {"package_class": "org.apache.hadoop.fs.FileSystem", "method": "exists", "file_name": "FileSystem.java", "line_number": 690}, "50": {"package_class": "org.apache.hadoop.hbase.regionserver.wal.HLogSplitter", "method": "splitLog", "file_name": "HLogSplitter.java", "line_number": 177}, "51": {"package_class": "org.apache.hadoop.hbase.master.MasterFileSystem", "method": "splitLog", "file_name": "MasterFileSystem.java", "line_number": 196}, "52": {"package_class": "org.apache.hadoop.hbase.master.handler.ServerShutdownHandler", "method": "process", "file_name": "ServerShutdownHandler.java", "line_number": 95}, "53": {"package_class": "org.apache.hadoop.hbase.executor.EventHandler", "method": "run", "file_name": "EventHandler.java", "line_number": 151}, "60": {"package_class": "org.apache.hadoop.net.SocketIOWithTimeout", "method": "connect", "file_name": "SocketIOWithTimeout.java", "line_number": 206}, "61": {"package_class": "org.apache.hadoop.net.NetUtils", "method": "connect", "file_name": "NetUtils.java", "line_number": 408}, "62": {"package_class": "org.apache.hadoop.ipc.Client$Connection", "method": "setupIOstreams", "file_name": "Client.java", "line_number": 332}, "63": {"package_class": "org.apache.hadoop.ipc.Client$Connection", "method": "access$2000", "file_name": "Client.java", "line_number": 202}, "64": {"package_class": "org.apache.hadoop.ipc.Client", "method": "getConnection", "file_name": "Client.java", "line_number": 943}, "65": {"package_class": "org.apache.hadoop.ipc.Client", "method": "call", "file_name": "Client.java", "line_number": 788}, "74": {"package_class": "org.apache.hadoop.ipc.Client", "method": "wrapException", "file_name": "Client.java", "line_number": 844}, "75": {"package_class": "org.apache.hadoop.ipc.Client", "method": "call", "file_name": "Client.java", "line_number": 820}, "76": {"package_class": "org.apache.hadoop.ipc. RPC$Invoker", "method": "invoke", "file_name": "RPC.java", "line_number": 221}}}}