{"bug_id": "hb-3617", "link": "https://issues.apache.org/jira/browse/HBASE-3617", "title": "NoRouteToHostException during balancing will cause Master abort\n", "description": "HMaster   sends CLOSE RPC to        RegionServer\n\n", "logs_traces": "2011-03-10 07:48:39,192 FATAL org.apache.hadoop.hbase.master.HMaster: Remote unexpected exception\n\njava.net.NoRouteToHostException: No route to host\n\n          at sun.nio.ch.SocketChannelImpl.checkConnect(Native Method)\n\n          at sun.nio.ch.SocketChannelImpl.finishConnect(SocketChannelImpl.java:567)\n\n          at org.apache.hadoop.net.SocketIOWithTimeout.connect(SocketIOWithTimeout.java:206)\n\n          at org.apache.hadoop.net.NetUtils.connect(NetUtils.java:408)\n\n          at org.apache.hadoop.hbase.ipc.HBaseClient$Connection.setupIOstreams(HBaseClient.java:328)\n\n          at org.apache.hadoop.hbase.ipc.HBaseClient.getConnection(HBaseClient.java:883)\n\n          at org.apache.hadoop.hbase.ipc.HBaseClient.call(HBaseClient.java:750)\n\n          at org.apache.hadoop.hbase.ipc.HBaseRPC$Invoker.invoke(HBaseRPC.java:257)\n\n          at $Proxy6.closeRegion(Unknown Source)\n\n          at org.apache.hadoop.hbase.master.ServerManager.sendRegionClose(ServerManager.java:589)\n\n          at org.apache.hadoop.hbase.master.AssignmentManager.unassign(AssignmentManager.java:1093)\n\n          at org.apache.hadoop.hbase.master.AssignmentManager.unassign(AssignmentManager.java:1040)\n\n          at org.apache.hadoop.hbase.master.AssignmentManager.balance(AssignmentManager.java:1831)\n\n          at org.apache.hadoop.hbase.master.HMaster.balance(HMaster.java:692)\n\n          at org.apache.hadoop.hbase.master.HMaster$1.chore(HMaster.java:583)\n\n          at org.apache.hadoop.hbase.Chore.run(Chore.java:66)\n\n2011-03-10 07:48:39,192 INFO org.apache.hadoop.hbase.master.HMaster: Aborting\n\n2011-03-10 07:48:39,192 INFO org.apache.hadoop.hbase.master.HMaster: balance hri=SpecialObject_Speed_Test,,1299710751983.f0e5544339870a510c338b3029979d3e.,src=ap13.secur2,60020,1299710609447,dest=ap12.secur2,60020,1299710609148\n\n2011-03-10 07:48:39,192 DEBUG org.apache.hadoop.hbase.master.AssignmentManager: Starting unassignment of region SpecialObject_Speed_Test,, 1299710751983.f0e5544339870a510c338b3029979d3e. (offlining)\n\n2011-03-10 07:48:39,852 DEBUG org.apache.hadoop.hbase.master.HMaster: Stopping service threads\n\n2011-03-10 07:48:39,852 INFO org.apache.hadoop.ipc.HBaseServer: Stopping server on 60000\n\n2011-03-10 07:48:39,852 FATAL org.apache.hadoop.hbase.master.HMaster: Remote unexpected exception\n\njava.io.InterruptedIOException: Interruped while waiting for IO on channel java.nio.channels.SocketChannel[connection-pending remote=/\n\n10.X.X.18:60020]. 19340 millis timeout left.\n\n          at org.apache.hadoop.net.SocketIOWithTimeout$SelectorPool.select(SocketIOWithTimeout.java:349)\n\n          at org.apache.hadoop.net.SocketIOWithTimeout.connect(SocketIOWithTimeout.java:203)\n\n          at org.apache.hadoop.net.NetUtils.connect(NetUtils.java:408)\n\n          at org.apache.hadoop.hbase.ipc.HBaseClient$Connection.setupIOstreams(HBaseClient.java:328)\n\n          at org.apache.hadoop.hbase.ipc.HBaseClient.getConnection(HBaseClient.java:883)\n\n          at org.apache.hadoop.hbase.ipc.HBaseClient.call(HBaseClient.java:750)\n\n          at org.apache.hadoop.hbase.ipc.HBaseRPC$Invoker.invoke(HBaseRPC.java:257)\n\n          at $Proxy6.closeRegion(Unknown Source)\n\n          at org.apache.hadoop.hbase.master.ServerManager.sendRegionClose(ServerManager.java:589)\n\n          at org.apache.hadoop.hbase.master.AssignmentManager.unassign(AssignmentManager.java:1093)\n\n          at org.apache.hadoop.hbase.master.AssignmentManager.unassign(AssignmentManager.java:1040)\n\n          at org.apache.hadoop.hbase.master.AssignmentManager.balance(AssignmentManager.java:1831)\n\n          at org.apache.hadoop.hbase.master.HMaster.balance(HMaster.java:692)\n\n          at org.apache.hadoop.hbase.master.HMaster$1.chore(HMaster.java:583)\n\n          at org.apache.hadoop.hbase.Chore.run(Chore.java:66)\n\n2011-03-10 07:48:39,852 INFO org.apache.hadoop.hbase.master.HMaster: Aborting", "parsed_logs_traces": {"logs": {"0": "2011-03-10 07:48:39,192 FATAL org.apache.hadoop.hbase.master.HMaster: Remote unexpected exception", "18": "2011-03-10 07:48:39,192 INFO org.apache.hadoop.hbase.master.HMaster: Aborting", "19": "2011-03-10 07:48:39,192 INFO org.apache.hadoop.hbase.master.HMaster: balance hri=SpecialObject_Speed_Test,,1299710751983.f0e5544339870a510c338b3029979d3e.,src=ap13.secur2,60020,1299710609447,dest=ap12.secur2,60020,1299710609148", "20": "2011-03-10 07:48:39,192 DEBUG org.apache.hadoop.hbase.master.AssignmentManager: Starting unassignment of region SpecialObject_Speed_Test,, 1299710751983.f0e5544339870a510c338b3029979d3e. (offlining)", "21": "2011-03-10 07:48:39,852 DEBUG org.apache.hadoop.hbase.master.HMaster: Stopping service threads", "22": "2011-03-10 07:48:39,852 INFO org.apache.hadoop.ipc.HBaseServer: Stopping server on 60000", "23": "2011-03-10 07:48:39,852 FATAL org.apache.hadoop.hbase.master.HMaster: Remote unexpected exception", "41": "2011-03-10 07:48:39,852 INFO org.apache.hadoop.hbase.master.HMaster: Aborting"}, "traces": {"4": "          at org.apache.hadoop.net.SocketIOWithTimeout.connect(SocketIOWithTimeout.java:206)", "5": "          at org.apache.hadoop.net.NetUtils.connect(NetUtils.java:408)", "6": "          at org.apache.hadoop.hbase.ipc.HBaseClient$Connection.setupIOstreams(HBaseClient.java:328)", "7": "          at org.apache.hadoop.hbase.ipc.HBaseClient.getConnection(HBaseClient.java:883)", "8": "          at org.apache.hadoop.hbase.ipc.HBaseClient.call(HBaseClient.java:750)", "9": "          at org.apache.hadoop.hbase.ipc.HBaseRPC$Invoker.invoke(HBaseRPC.java:257)", "11": "          at org.apache.hadoop.hbase.master.ServerManager.sendRegionClose(ServerManager.java:589)", "12": "          at org.apache.hadoop.hbase.master.AssignmentManager.unassign(AssignmentManager.java:1093)", "13": "          at org.apache.hadoop.hbase.master.AssignmentManager.unassign(AssignmentManager.java:1040)", "14": "          at org.apache.hadoop.hbase.master.AssignmentManager.balance(AssignmentManager.java:1831)", "15": "          at org.apache.hadoop.hbase.master.HMaster.balance(HMaster.java:692)", "16": "          at org.apache.hadoop.hbase.master.HMaster$1.chore(HMaster.java:583)", "17": "          at org.apache.hadoop.hbase.Chore.run(Chore.java:66)", "26": "          at org.apache.hadoop.net.SocketIOWithTimeout$SelectorPool.select(SocketIOWithTimeout.java:349)", "27": "          at org.apache.hadoop.net.SocketIOWithTimeout.connect(SocketIOWithTimeout.java:203)", "28": "          at org.apache.hadoop.net.NetUtils.connect(NetUtils.java:408)", "29": "          at org.apache.hadoop.hbase.ipc.HBaseClient$Connection.setupIOstreams(HBaseClient.java:328)", "30": "          at org.apache.hadoop.hbase.ipc.HBaseClient.getConnection(HBaseClient.java:883)", "31": "          at org.apache.hadoop.hbase.ipc.HBaseClient.call(HBaseClient.java:750)", "32": "          at org.apache.hadoop.hbase.ipc.HBaseRPC$Invoker.invoke(HBaseRPC.java:257)", "34": "          at org.apache.hadoop.hbase.master.ServerManager.sendRegionClose(ServerManager.java:589)", "35": "          at org.apache.hadoop.hbase.master.AssignmentManager.unassign(AssignmentManager.java:1093)", "36": "          at org.apache.hadoop.hbase.master.AssignmentManager.unassign(AssignmentManager.java:1040)", "37": "          at org.apache.hadoop.hbase.master.AssignmentManager.balance(AssignmentManager.java:1831)", "38": "          at org.apache.hadoop.hbase.master.HMaster.balance(HMaster.java:692)", "39": "          at org.apache.hadoop.hbase.master.HMaster$1.chore(HMaster.java:583)", "40": "          at org.apache.hadoop.hbase.Chore.run(Chore.java:66)"}, "parsed_logs": {"0": {"class": "org.apache.hadoop.hbase.master.HMaster", "method": "", "line_number": "", "message": "Remote unexpected exception"}, "18": {"class": "org.apache.hadoop.hbase.master.HMaster", "method": "", "line_number": "", "message": "Aborting"}, "19": {"class": "org.apache.hadoop.hbase.master.HMaster", "method": "balance", "line_number": "", "message": "hri=SpecialObject_Speed_Test,,1299710751983.f0e5544339870a510c338b3029979d3e.,src=ap13.secur2,60020,1299710609447,dest=ap12.secur2,60020,1299710609148"}, "20": {"class": "org.apache.hadoop.hbase.master.AssignmentManager", "method": "", "line_number": "", "message": "Starting unassignment of region SpecialObject_Speed_Test,, 1299710751983.f0e5544339870a510c338b3029979d3e. (offlining)"}, "21": {"class": "org.apache.hadoop.hbase.master.HMaster", "method": "", "line_number": "", "message": "Stopping service threads"}, "22": {"class": "org.apache.hadoop.ipc.HBaseServer", "method": "", "line_number": "", "message": "Stopping server on 60000"}, "23": {"class": "org.apache.hadoop.hbase.master.HMaster", "method": "", "line_number": "", "message": "Remote unexpected exception"}, "41": {"class": "org.apache.hadoop.hbase.master.HMaster", "method": "", "line_number": "", "message": "Aborting"}}, "parsed_traces": {"4": {"package_class": "org.apache.hadoop.net.SocketIOWithTimeout", "method": "connect", "file_name": "SocketIOWithTimeout.java", "line_number": 206}, "5": {"package_class": "org.apache.hadoop.net.NetUtils", "method": "connect", "file_name": "NetUtils.java", "line_number": 408}, "6": {"package_class": "org.apache.hadoop.hbase.ipc.HBaseClient$Connection", "method": "setupIOstreams", "file_name": "HBaseClient.java", "line_number": 328}, "7": {"package_class": "org.apache.hadoop.hbase.ipc.HBaseClient", "method": "getConnection", "file_name": "HBaseClient.java", "line_number": 883}, "8": {"package_class": "org.apache.hadoop.hbase.ipc.HBaseClient", "method": "call", "file_name": "HBaseClient.java", "line_number": 750}, "9": {"package_class": "org.apache.hadoop.hbase.ipc.HBaseRPC$Invoker", "method": "invoke", "file_name": "HBaseRPC.java", "line_number": 257}, "11": {"package_class": "org.apache.hadoop.hbase.master.ServerManager", "method": "sendRegionClose", "file_name": "ServerManager.java", "line_number": 589}, "12": {"package_class": "org.apache.hadoop.hbase.master.AssignmentManager", "method": "unassign", "file_name": "AssignmentManager.java", "line_number": 1093}, "13": {"package_class": "org.apache.hadoop.hbase.master.AssignmentManager", "method": "unassign", "file_name": "AssignmentManager.java", "line_number": 1040}, "14": {"package_class": "org.apache.hadoop.hbase.master.AssignmentManager", "method": "balance", "file_name": "AssignmentManager.java", "line_number": 1831}, "15": {"package_class": "org.apache.hadoop.hbase.master.HMaster", "method": "balance", "file_name": "HMaster.java", "line_number": 692}, "16": {"package_class": "org.apache.hadoop.hbase.master.HMaster$1", "method": "chore", "file_name": "HMaster.java", "line_number": 583}, "17": {"package_class": "org.apache.hadoop.hbase.Chore", "method": "run", "file_name": "Chore.java", "line_number": 66}, "26": {"package_class": "org.apache.hadoop.net.SocketIOWithTimeout$SelectorPool", "method": "select", "file_name": "SocketIOWithTimeout.java", "line_number": 349}, "27": {"package_class": "org.apache.hadoop.net.SocketIOWithTimeout", "method": "connect", "file_name": "SocketIOWithTimeout.java", "line_number": 203}, "28": {"package_class": "org.apache.hadoop.net.NetUtils", "method": "connect", "file_name": "NetUtils.java", "line_number": 408}, "29": {"package_class": "org.apache.hadoop.hbase.ipc.HBaseClient$Connection", "method": "setupIOstreams", "file_name": "HBaseClient.java", "line_number": 328}, "30": {"package_class": "org.apache.hadoop.hbase.ipc.HBaseClient", "method": "getConnection", "file_name": "HBaseClient.java", "line_number": 883}, "31": {"package_class": "org.apache.hadoop.hbase.ipc.HBaseClient", "method": "call", "file_name": "HBaseClient.java", "line_number": 750}, "32": {"package_class": "org.apache.hadoop.hbase.ipc.HBaseRPC$Invoker", "method": "invoke", "file_name": "HBaseRPC.java", "line_number": 257}, "34": {"package_class": "org.apache.hadoop.hbase.master.ServerManager", "method": "sendRegionClose", "file_name": "ServerManager.java", "line_number": 589}, "35": {"package_class": "org.apache.hadoop.hbase.master.AssignmentManager", "method": "unassign", "file_name": "AssignmentManager.java", "line_number": 1093}, "36": {"package_class": "org.apache.hadoop.hbase.master.AssignmentManager", "method": "unassign", "file_name": "AssignmentManager.java", "line_number": 1040}, "37": {"package_class": "org.apache.hadoop.hbase.master.AssignmentManager", "method": "balance", "file_name": "AssignmentManager.java", "line_number": 1831}, "38": {"package_class": "org.apache.hadoop.hbase.master.HMaster", "method": "balance", "file_name": "HMaster.java", "line_number": 692}, "39": {"package_class": "org.apache.hadoop.hbase.master.HMaster$1", "method": "chore", "file_name": "HMaster.java", "line_number": 583}, "40": {"package_class": "org.apache.hadoop.hbase.Chore", "method": "run", "file_name": "Chore.java", "line_number": 66}}}}