{"bug_id": "hb-4124", "link": "https://issues.apache.org/jira/browse/HBASE-4124", "title": "ZK restarted while a region is being assigned, new active HM re-assigns it but the RS warns 'already online on this server'", "description": "While HMaster101 is assigning region to RegionServer105(RS105), ZK restars because of exception:\n\nHMaster log: (HMaster101, the old active HMaster)\n\nHMaster101 is assigning region ffe0f4ab26eaa1796d2f99565ff24012(call it 4012 for short) to RegionServer 158-1-91-105,20020,1311231874887 (RS105)", "logs_traces": "2011-07-21 07:05:44,712 DEBUG org.apache.hadoop.hbase.zookeeper.ZKAssign: master:20000-0x1314ac5addb003e Async create of unassigned node for ffe0f4ab26eaa1796d2f99565ff24012 with OFFLINE state\n\n2011-07-21 07:05:46,661 DEBUG org.apache.hadoop.hbase.master.AssignmentManager$CreateUnassignedAsyncCallback: rs=test1,282139,1311216321932.ffe0f4ab26eaa1796d2f99565ff24012. state=OFFLINE, ts=1311231944712, server=158-1-91-105,20020,1311231874887\n\n2011-07-21 07:05:46,837 DEBUG org.apache.hadoop.hbase.master.AssignmentManager$ExistsUnassignedAsyncCallback: rs=test1,282139,1311216321932.ffe0f4ab26eaa1796d2f99565ff24012. state=OFFLINE, ts=1311231944712\n\n...\n\n2011-07-21 07:05:55,734 INFO org.apache.zookeeper.ClientCnxn: Unable to read additional data from server sessionid 0x1314ac5addb003f, likely server has closed socket, closing socket connection and attempting reconnect\n\n2011-07-21 07:05:55,835 FATAL org.apache.hadoop.hbase.master.HMaster: Error deleting OPENED node in ZK for transition ZK node (2c5d23581fc848c89e5be0555086cf30)\n\norg.apache.zookeeper.KeeperException$ConnectionLossException: KeeperErrorCode = ConnectionLoss for /hbase/unassigned/2c5d23581fc848c89e5be0555086cf30\n\n         at org.apache.zookeeper.KeeperException.create(KeeperException.java:90)\n\n         at org.apache.zookeeper.KeeperException.create(KeeperException.java:42)\n\n         at org.apache.zookeeper.ZooKeeper.delete(ZooKeeper.java:738)\n\n         at org.apache.hadoop.hbase.zookeeper.ZKUtil.deleteNode(ZKUtil.java:962)\n\n...\n\n2011-07-21 07:07:00,902 INFO org.apache.hadoop.hbase.master.ServerManager: Registering server=158-1-91-105,20020,1311231874887, regionCount=971, userLoad=true\n\n2011-07-21 07:07:01,569 INFO org.apache.hadoop.hbase.master.ServerManager: Registering server=158-1-91-101,20020,1311231878544, regionCount=951, userLoad=true\n\n2011-07-21 07:07:36,903 INFO org.apache.hadoop.hbase.master.ServerManager: Registering server=158-1-91-103,20020,1311232056655, regionCount=0, userLoad=false\n\n...\n\n2011-07-21 07:08:03,239 INFO org.apache.hadoop.hbase.master.metrics.MasterMetrics: Initialized\n\n2011-07-21 07:08:03,288 INFO org.apache.hadoop.hbase.master.ActiveMasterManager: Another master is the active master, 158-1-91-103:20000; waiting to become the next active master\n\nThe FATAL error makes the current HMaster101 abort. When ZK restarts, HMaster103 is elected as the new active HMaster.\n\nHMaster log: (HMaster103, the new active HMaster)\n\nThu Jul 21 07:04:45 UTC 2011 Starting master on 158-1-91-103\n\nulimit -n 640000\n\n2011-07-21 07:04:45,482 INFO org.apache.hadoop.hbase.ipc.HBaseRpcMetrics: Initializing RPC Metrics with hostName=HMaster, port=20000\n\n...  \n\nWhen the new HMaster initializes, it will process failover. It will restore state from ZK, i.e., process all regions that are in transition up in zookeeper.\n\n2011-07-21 07:15:13,719 DEBUG org.apache.hadoop.hbase.zookeeper.ZKAssign: master:20000-0x1314ac5addb0042-0x1314ac5addb0042 Creating (or updating) unassigned node for ffe0f4ab26eaa1796d2f99565ff24012 with OFFLINE state\n\nHMaster103 is processing region4012\u2019s state in ZK(M_ZK_REGION_OFFLINE)\n\n2011-07-21 07:30:26,526 INFO org.apache.hadoop.hbase.master.AssignmentManager: Processing region test1,282139,1311216321932.ffe0f4ab26eaa1796d2f99565ff24012. in state M_ZK_REGION_OFFLINE\n\nSince the state is M_ZK_REGION_OFFLINE, the region is offline, it will be inserted into RIT(RegionInTransition) and handled like closed. Hence, the thread ClosedRegionHandler is created to handle it.\n\n2011-07-21 07:30:26,562 DEBUG org.apache.hadoop.hbase.master.handler.ClosedRegionHandler: Handling CLOSED event for ffe0f4ab26eaa1796d2f99565ff24012\n\nClosedRegionHandler will offline this region, and reassign it.\n\n2011-07-21 07:30:26,562 DEBUG org.apache.hadoop.hbase.master.AssignmentManager: Forcing OFFLINE; was=test1,282139,1311216321932.ffe0f4ab26eaa1796d2f99565ff24012. state=OFFLINE, ts=1311232513720\n\n2011-07-21 07:30:26,562 DEBUG org.apache.hadoop.hbase.zookeeper.ZKAssign: master:20000-0x1314ac5addb0042-0x1314ac5addb0042 Creating (or updating) unassigned node for ffe0f4ab26eaa1796d2f99565ff24012 with OFFLINE state\n\n2011-07-21 07:30:26,577 DEBUG org.apache.hadoop.hbase.master.AssignmentManager: No previous transition plan was found (or we are ignoring an existing plan) for test1,282139,1311216321932.ffe0f4ab26eaa1796d2f99565ff24012. so generated a random one; hri=test1,282139,1311216321932.ffe0f4ab26eaa1796d2f99565ff24012., src=, dest=158-1-91-105,20020,1311231874887; 3 (online=3, exclude=null) available servers\n\nA random region server RS105 is chosen to assign region4012, but the assignment fails due to timeout.\n\n2011-07-21 07:30:26,577 DEBUG org.apache.hadoop.hbase.master.AssignmentManager: Assigning region test1,282139,1311216321932.ffe0f4ab26eaa1796d2f99565ff24012. to 158-1-91-105,20020,1311231874887\n\n2011-07-21 07:30:26,603 DEBUG org.apache.hadoop.hbase.master.AssignmentManager: Handling transition=M_ZK_REGION_OFFLINE, server=158-1-91-103:20000, region=ffe0f4ab26eaa1796d2f99565ff24012\n\nThis timeout is detected by the TimeoutMonitor thread, since the region state has been PENDING_OPEN for too long. This suggests that RS105 fails to open the region, so there is no state update. TimeoutMonitor will reassign region4012.\n\n2011-07-21 07:42:08,737 INFO org.apache.hadoop.hbase.master.AssignmentManager: Regions in transition timed out:  test1,282139,1311216321932.ffe0f4ab26eaa1796d2f99565ff24012. state=PENDING_OPEN, ts=1311233942949\n\n2011-07-21 07:42:08,737 INFO org.apache.hadoop.hbase.master.AssignmentManager: Region has been PENDING_OPEN for too long, reassigning region=test1,282139,1311216321932.ffe0f4ab26eaa1796d2f99565ff24012.\n\n2011-07-21 07:42:49,043 DEBUG org.apache.hadoop.hbase.master.AssignmentManager: Forcing OFFLINE; was=test1,282139,1311216321932.ffe0f4ab26eaa1796d2f99565ff24012. state=PENDING_OPEN, ts=1311234169040\n\nAttempt to assign for the second time: random strategy, RS105 is chosen (there are 3 RSs in total, so it is very likely to choose the same RS), still fail, the same reason as the first time.\n\n2011-07-21 07:42:49,043 DEBUG org.apache.hadoop.hbase.master.AssignmentManager: No previous transition plan was found (or we are ignoring an existing plan) for test1,282139,1311216321932.ffe0f4ab26eaa1796d2f99565ff24012. so generated a random one; hri=test1,282139,1311216321932.ffe0f4ab26eaa1796d2f99565ff24012., src=, dest=158-1-91-105,20020,1311231874887; 3 (online=3, exclude=null) available servers\n\n2011-07-21 07:42:49,043 DEBUG org.apache.hadoop.hbase.master.AssignmentManager: Assigning region test1,282139,1311216321932.ffe0f4ab26eaa1796d2f99565ff24012. to 158-1-91-105,20020,1311231874887\n\n2011-07-21 07:46:25,809 INFO org.apache.hadoop.hbase.master.AssignmentManager: Regions in transition timed out:  test1,282139,1311216321932.ffe0f4ab26eaa1796d2f99565ff24012. state=PENDING_OPEN, ts=1311234201519\n\n2011-07-21 07:46:25,809 INFO org.apache.hadoop.hbase.master.AssignmentManager: Region has been PENDING_OPEN for too long, reassigning region=test1,282139,1311216321932.ffe0f4ab26eaa1796d2f99565ff24012.\n\n2011-07-21 07:46:31,872 DEBUG org.apache.hadoop.hbase.master.AssignmentManager: Forcing OFFLINE; was=test1,282139,1311216321932.ffe0f4ab26eaa1796d2f99565ff24012. state=PENDING_OPEN, ts=1311234391597\n\nAttempt to assign for the third time: random strategy, RS103 is chosen, succeed.\n\n2011-07-21 07:46:31,874 DEBUG org.apache.hadoop.hbase.master.AssignmentManager: No previous transition plan was found (or we are ignoring an existing plan) for test1,282139,1311216321932.ffe0f4ab26eaa1796d2f99565ff24012. so generated a random one; hri=test1,282139,1311216321932.ffe0f4ab26eaa1796d2f99565ff24012., src=, dest=158-1-91-103,20020,1311232056655; 3 (online=3, exclude=null) available servers\n\n2011-07-21 07:46:31,874 DEBUG org.apache.hadoop.hbase.master.AssignmentManager: Assigning region test1,282139,1311216321932.ffe0f4ab26eaa1796d2f99565ff24012. to 158-1-91-103,20020,1311232056655\n\n2011-07-21 07:46:32,061 DEBUG org.apache.hadoop.hbase.master.AssignmentManager: Handling transition=RS_ZK_REGION_OPENED, server=158-1-91-103,20020,1311232056655, region=ffe0f4ab26eaa1796d2f99565ff24012\n\n2011-07-21 07:46:32,493 DEBUG org.apache.hadoop.hbase.master.handler.OpenedRegionHandler: Handling OPENED event for ffe0f4ab26eaa1796d2f99565ff24012; deleting unassigned node\n\n2011-07-21 07:46:32,493 DEBUG org.apache.hadoop.hbase.zookeeper.ZKAssign: master:20000-0x1314ac5addb0042-0x1314ac5addb0042 Deleting existing unassigned node for ffe0f4ab26eaa1796d2f99565ff24012 that is in expected state RS_ZK_REGION_OPENED\n\n2011-07-21 07:46:32,693 DEBUG org.apache.hadoop.hbase.zookeeper.ZKAssign: master:20000-0x1314ac5addb0042-0x1314ac5addb0042 Successfully deleted unassigned node for region ffe0f4ab26eaa1796d2f99565ff24012 in expected state RS_ZK_REGION_OPENED\n\n2011-07-21 07:46:32,717 DEBUG org.apache.hadoop.hbase.master.handler.OpenedRegionHandler: Opened region test1,282139,1311216321932.ffe0f4ab26eaa1796d2f99565ff24012. on 158-1-91-103,20020,1311232056655\n\nRegion Server log: (RS105: before ZK restarts, the old master HMaster101 assigns region4012 to RS105; the new master HMaster103 assigns region4012 twice)\n\nThis assignment request is from the old master HMaster101.\n\n2011-07-21 07:05:48,091 INFO org.apache.hadoop.hbase.regionserver.HRegionServer: Received request to open region: test1,282139,1311216321932.ffe0f4ab26eaa1796d2f99565ff24012.\n\n2011-07-21 07:08:44,043 DEBUG org.apache.hadoop.hbase.regionserver.handler.OpenRegionHandler: Processing open of test1,282139,1311216321932.ffe0f4ab26eaa1796d2f99565ff24012.\n\n2011-07-21 07:08:44,043 DEBUG org.apache.hadoop.hbase.zookeeper.ZKAssign: regionserver:20020-0x2314ac6763f0027 Attempting to transition node ffe0f4ab26eaa1796d2f99565ff24012 from M_ZK_REGION_OFFLINE to RS_ZK_REGION_OPENING\n\n2011-07-21 07:08:44,106 DEBUG org.apache.hadoop.hbase.zookeeper.ZKAssign: regionserver:20020-0x2314ac6763f0027 Successfully transitioned node ffe0f4ab26eaa1796d2f99565ff24012 from M_ZK_REGION_OFFLINE to RS_ZK_REGION_OPENING\n\n2011-07-21 07:08:44,106 DEBUG org.apache.hadoop.hbase.regionserver.HRegion: Opening region: REGION => {NAME => 'test1,282139,1311216321932.ffe0f4ab26eaa1796d2f99565ff24012.', STARTKEY => '282139', ENDKEY => '282142', ENCODED => ffe0f4ab26eaa1796d2f99565ff24012, TABLE => {{NAME => 'test1', FAMILIES => [{NAME => 'value', BLOOMFILTER => 'NONE', REPLICATION_SCOPE => '0', VERSIONS => '3', COMPRESSION => 'GZ', TTL => '2592000', BLOCKSIZE => '65536', IN_MEMORY => 'false', BLOCKCACHE => 'true'}]}}\n\n2011-07-21 07:08:44,106 DEBUG org.apache.hadoop.hbase.regionserver.HRegion: Instantiated test1,282139,1311216321932.ffe0f4ab26eaa1796d2f99565ff24012.\n\n2011-07-21 07:08:44,144 INFO org.apache.hadoop.hbase.regionserver.HRegion: Onlined test1,282139,1311216321932.ffe0f4ab26eaa1796d2f99565ff24012.; next sequenceid=1\n\n2011-07-21 07:08:44,144 DEBUG org.apache.hadoop.hbase.zookeeper.ZKAssign: regionserver:20020-0x2314ac6763f0027 Attempting to transition node ffe0f4ab26eaa1796d2f99565ff24012 from RS_ZK_REGION_OPENING to RS_ZK_REGION_OPENING\n\n2011-07-21 07:08:44,202 DEBUG org.apache.hadoop.hbase.zookeeper.ZKAssign: regionserver:20020-0x2314ac6763f0027 Successfully transitioned node ffe0f4ab26eaa1796d2f99565ff24012 from RS_ZK_REGION_OPENING to RS_ZK_REGION_OPENING\n\n2011-07-21 07:08:44,232 INFO org.apache.hadoop.hbase.catalog.MetaEditor: Updated row test1,282139,1311216321932.ffe0f4ab26eaa1796d2f99565ff24012. in region .META.,,1 with server=158-1-91-105:20020, startcode=1311231874887\n\n2011-07-21 07:08:44,232 DEBUG org.apache.hadoop.hbase.zookeeper.ZKAssign: regionserver:20020-0x2314ac6763f0027 Attempting to transition node ffe0f4ab26eaa1796d2f99565ff24012 from RS_ZK_REGION_OPENING to RS_ZK_REGION_OPENED\n\n2011-07-21 07:08:44,291 DEBUG org.apache.hadoop.hbase.zookeeper.ZKAssign: regionserver:20020-0x2314ac6763f0027 Successfully transitioned node ffe0f4ab26eaa1796d2f99565ff24012 from RS_ZK_REGION_OPENING to RS_ZK_REGION_OPENED\n\n2011-07-21 07:08:44,291 DEBUG org.apache.hadoop.hbase.regionserver.handler.OpenRegionHandler: Opened test1,282139,1311216321932.ffe0f4ab26eaa1796d2f99565ff24012.  It shows that RS105 open the region4012 successfully.\n\nThis assignment request is from the new master HMaster103(first attempt). RS105 finds that region4012 is already online on this server.\n\n2011-07-21 07:30:26,579 INFO org.apache.hadoop.hbase.regionserver.HRegionServer: Received request to open region: test1,282139,1311216321932.ffe0f4ab26eaa1796d2f99565ff24012.\n\n2011-07-21 07:30:26,579 DEBUG org.apache.hadoop.hbase.regionserver.handler.OpenRegionHandler: Processing open of test1,282139,1311216321932.ffe0f4ab26eaa1796d2f99565ff24012.\n\n2011-07-21 07:30:26,579 WARN org.apache.hadoop.hbase.regionserver.handler.OpenRegionHandler: Attempted open of test1,282139,1311216321932.ffe0f4ab26eaa1796d2f99565ff24012. but already online on this server         This suggests that the assignment from HM101 is successful in RS105 (since region4012 is in RS105\u2019s onlineRegion list), although the state in zk for this assignment is offline.\n\nThis assignment request is from the new master HMaster103(second attempt). still fail\n\n2011-07-21 07:42:49,046 INFO org.apache.hadoop.hbase.regionserver.HRegionServer: Received request to open region: test1,282139,1311216321932.ffe0f4ab26eaa1796d2f99565ff24012.\n\n2011-07-21 07:42:49,046 DEBUG org.apache.hadoop.hbase.regionserver.handler.OpenRegionHandler: Processing open of test1,282139,1311216321932.ffe0f4ab26eaa1796d2f99565ff24012.\n\n2011-07-21 07:42:49,046 WARN org.apache.hadoop.hbase.regionserver.handler.OpenRegionHandler: Attempted open of test1,282139,1311216321932.ffe0f4ab26eaa1796d2f99565ff24012. but already online on this server", "parsed_logs_traces": {"logs": {"0": "2011-07-21 07:05:44,712 DEBUG org.apache.hadoop.hbase.zookeeper.ZKAssign: master:20000-0x1314ac5addb003e Async create of unassigned node for ffe0f4ab26eaa1796d2f99565ff24012 with OFFLINE state", "1": "2011-07-21 07:05:46,661 DEBUG org.apache.hadoop.hbase.master.AssignmentManager$CreateUnassignedAsyncCallback: rs=test1,282139,1311216321932.ffe0f4ab26eaa1796d2f99565ff24012. state=OFFLINE, ts=1311231944712, server=158-1-91-105,20020,1311231874887", "2": "2011-07-21 07:05:46,837 DEBUG org.apache.hadoop.hbase.master.AssignmentManager$ExistsUnassignedAsyncCallback: rs=test1,282139,1311216321932.ffe0f4ab26eaa1796d2f99565ff24012. state=OFFLINE, ts=1311231944712", "4": "2011-07-21 07:05:55,734 INFO org.apache.zookeeper.ClientCnxn: Unable to read additional data from server sessionid 0x1314ac5addb003f, likely server has closed socket, closing socket connection and attempting reconnect", "5": "2011-07-21 07:05:55,835 FATAL org.apache.hadoop.hbase.master.HMaster: Error deleting OPENED node in ZK for transition ZK node (2c5d23581fc848c89e5be0555086cf30)", "12": "2011-07-21 07:07:00,902 INFO org.apache.hadoop.hbase.master.ServerManager: Registering server=158-1-91-105,20020,1311231874887, regionCount=971, userLoad=true", "13": "2011-07-21 07:07:01,569 INFO org.apache.hadoop.hbase.master.ServerManager: Registering server=158-1-91-101,20020,1311231878544, regionCount=951, userLoad=true", "14": "2011-07-21 07:07:36,903 INFO org.apache.hadoop.hbase.master.ServerManager: Registering server=158-1-91-103,20020,1311232056655, regionCount=0, userLoad=false", "16": "2011-07-21 07:08:03,239 INFO org.apache.hadoop.hbase.master.metrics.MasterMetrics: Initialized", "17": "2011-07-21 07:08:03,288 INFO org.apache.hadoop.hbase.master.ActiveMasterManager: Another master is the active master, 158-1-91-103:20000; waiting to become the next active master", "18": "The FATAL error makes the current HMaster101 abort. When ZK restarts, HMaster103 is elected as the new active HMaster.", "22": "2011-07-21 07:04:45,482 INFO org.apache.hadoop.hbase.ipc.HBaseRpcMetrics: Initializing RPC Metrics with hostName=HMaster, port=20000", "25": "2011-07-21 07:15:13,719 DEBUG org.apache.hadoop.hbase.zookeeper.ZKAssign: master:20000-0x1314ac5addb0042-0x1314ac5addb0042 Creating (or updating) unassigned node for ffe0f4ab26eaa1796d2f99565ff24012 with OFFLINE state", "27": "2011-07-21 07:30:26,526 INFO org.apache.hadoop.hbase.master.AssignmentManager: Processing region test1,282139,1311216321932.ffe0f4ab26eaa1796d2f99565ff24012. in state M_ZK_REGION_OFFLINE", "29": "2011-07-21 07:30:26,562 DEBUG org.apache.hadoop.hbase.master.handler.ClosedRegionHandler: Handling CLOSED event for ffe0f4ab26eaa1796d2f99565ff24012", "31": "2011-07-21 07:30:26,562 DEBUG org.apache.hadoop.hbase.master.AssignmentManager: Forcing OFFLINE; was=test1,282139,1311216321932.ffe0f4ab26eaa1796d2f99565ff24012. state=OFFLINE, ts=1311232513720", "32": "2011-07-21 07:30:26,562 DEBUG org.apache.hadoop.hbase.zookeeper.ZKAssign: master:20000-0x1314ac5addb0042-0x1314ac5addb0042 Creating (or updating) unassigned node for ffe0f4ab26eaa1796d2f99565ff24012 with OFFLINE state", "33": "2011-07-21 07:30:26,577 DEBUG org.apache.hadoop.hbase.master.AssignmentManager: No previous transition plan was found (or we are ignoring an existing plan) for test1,282139,1311216321932.ffe0f4ab26eaa1796d2f99565ff24012. so generated a random one; hri=test1,282139,1311216321932.ffe0f4ab26eaa1796d2f99565ff24012., src=, dest=158-1-91-105,20020,1311231874887; 3 (online=3, exclude=null) available servers", "35": "2011-07-21 07:30:26,577 DEBUG org.apache.hadoop.hbase.master.AssignmentManager: Assigning region test1,282139,1311216321932.ffe0f4ab26eaa1796d2f99565ff24012. to 158-1-91-105,20020,1311231874887", "36": "2011-07-21 07:30:26,603 DEBUG org.apache.hadoop.hbase.master.AssignmentManager: Handling transition=M_ZK_REGION_OFFLINE, server=158-1-91-103:20000, region=ffe0f4ab26eaa1796d2f99565ff24012", "38": "2011-07-21 07:42:08,737 INFO org.apache.hadoop.hbase.master.AssignmentManager: Regions in transition timed out:  test1,282139,1311216321932.ffe0f4ab26eaa1796d2f99565ff24012. state=PENDING_OPEN, ts=1311233942949", "39": "2011-07-21 07:42:08,737 INFO org.apache.hadoop.hbase.master.AssignmentManager: Region has been PENDING_OPEN for too long, reassigning region=test1,282139,1311216321932.ffe0f4ab26eaa1796d2f99565ff24012.", "40": "2011-07-21 07:42:49,043 DEBUG org.apache.hadoop.hbase.master.AssignmentManager: Forcing OFFLINE; was=test1,282139,1311216321932.ffe0f4ab26eaa1796d2f99565ff24012. state=PENDING_OPEN, ts=1311234169040", "42": "2011-07-21 07:42:49,043 DEBUG org.apache.hadoop.hbase.master.AssignmentManager: No previous transition plan was found (or we are ignoring an existing plan) for test1,282139,1311216321932.ffe0f4ab26eaa1796d2f99565ff24012. so generated a random one; hri=test1,282139,1311216321932.ffe0f4ab26eaa1796d2f99565ff24012., src=, dest=158-1-91-105,20020,1311231874887; 3 (online=3, exclude=null) available servers", "43": "2011-07-21 07:42:49,043 DEBUG org.apache.hadoop.hbase.master.AssignmentManager: Assigning region test1,282139,1311216321932.ffe0f4ab26eaa1796d2f99565ff24012. to 158-1-91-105,20020,1311231874887", "44": "2011-07-21 07:46:25,809 INFO org.apache.hadoop.hbase.master.AssignmentManager: Regions in transition timed out:  test1,282139,1311216321932.ffe0f4ab26eaa1796d2f99565ff24012. state=PENDING_OPEN, ts=1311234201519", "45": "2011-07-21 07:46:25,809 INFO org.apache.hadoop.hbase.master.AssignmentManager: Region has been PENDING_OPEN for too long, reassigning region=test1,282139,1311216321932.ffe0f4ab26eaa1796d2f99565ff24012.", "46": "2011-07-21 07:46:31,872 DEBUG org.apache.hadoop.hbase.master.AssignmentManager: Forcing OFFLINE; was=test1,282139,1311216321932.ffe0f4ab26eaa1796d2f99565ff24012. state=PENDING_OPEN, ts=1311234391597", "48": "2011-07-21 07:46:31,874 DEBUG org.apache.hadoop.hbase.master.AssignmentManager: No previous transition plan was found (or we are ignoring an existing plan) for test1,282139,1311216321932.ffe0f4ab26eaa1796d2f99565ff24012. so generated a random one; hri=test1,282139,1311216321932.ffe0f4ab26eaa1796d2f99565ff24012., src=, dest=158-1-91-103,20020,1311232056655; 3 (online=3, exclude=null) available servers", "49": "2011-07-21 07:46:31,874 DEBUG org.apache.hadoop.hbase.master.AssignmentManager: Assigning region test1,282139,1311216321932.ffe0f4ab26eaa1796d2f99565ff24012. to 158-1-91-103,20020,1311232056655", "50": "2011-07-21 07:46:32,061 DEBUG org.apache.hadoop.hbase.master.AssignmentManager: Handling transition=RS_ZK_REGION_OPENED, server=158-1-91-103,20020,1311232056655, region=ffe0f4ab26eaa1796d2f99565ff24012", "51": "2011-07-21 07:46:32,493 DEBUG org.apache.hadoop.hbase.master.handler.OpenedRegionHandler: Handling OPENED event for ffe0f4ab26eaa1796d2f99565ff24012; deleting unassigned node", "52": "2011-07-21 07:46:32,493 DEBUG org.apache.hadoop.hbase.zookeeper.ZKAssign: master:20000-0x1314ac5addb0042-0x1314ac5addb0042 Deleting existing unassigned node for ffe0f4ab26eaa1796d2f99565ff24012 that is in expected state RS_ZK_REGION_OPENED", "53": "2011-07-21 07:46:32,693 DEBUG org.apache.hadoop.hbase.zookeeper.ZKAssign: master:20000-0x1314ac5addb0042-0x1314ac5addb0042 Successfully deleted unassigned node for region ffe0f4ab26eaa1796d2f99565ff24012 in expected state RS_ZK_REGION_OPENED", "54": "2011-07-21 07:46:32,717 DEBUG org.apache.hadoop.hbase.master.handler.OpenedRegionHandler: Opened region test1,282139,1311216321932.ffe0f4ab26eaa1796d2f99565ff24012. on 158-1-91-103,20020,1311232056655", "57": "2011-07-21 07:05:48,091 INFO org.apache.hadoop.hbase.regionserver.HRegionServer: Received request to open region: test1,282139,1311216321932.ffe0f4ab26eaa1796d2f99565ff24012.", "58": "2011-07-21 07:08:44,043 DEBUG org.apache.hadoop.hbase.regionserver.handler.OpenRegionHandler: Processing open of test1,282139,1311216321932.ffe0f4ab26eaa1796d2f99565ff24012.", "59": "2011-07-21 07:08:44,043 DEBUG org.apache.hadoop.hbase.zookeeper.ZKAssign: regionserver:20020-0x2314ac6763f0027 Attempting to transition node ffe0f4ab26eaa1796d2f99565ff24012 from M_ZK_REGION_OFFLINE to RS_ZK_REGION_OPENING", "60": "2011-07-21 07:08:44,106 DEBUG org.apache.hadoop.hbase.zookeeper.ZKAssign: regionserver:20020-0x2314ac6763f0027 Successfully transitioned node ffe0f4ab26eaa1796d2f99565ff24012 from M_ZK_REGION_OFFLINE to RS_ZK_REGION_OPENING", "61": "2011-07-21 07:08:44,106 DEBUG org.apache.hadoop.hbase.regionserver.HRegion: Opening region: REGION => {NAME => 'test1,282139,1311216321932.ffe0f4ab26eaa1796d2f99565ff24012.', STARTKEY => '282139', ENDKEY => '282142', ENCODED => ffe0f4ab26eaa1796d2f99565ff24012, TABLE => {{NAME => 'test1', FAMILIES => [{NAME => 'value', BLOOMFILTER => 'NONE', REPLICATION_SCOPE => '0', VERSIONS => '3', COMPRESSION => 'GZ', TTL => '2592000', BLOCKSIZE => '65536', IN_MEMORY => 'false', BLOCKCACHE => 'true'}]}}", "62": "2011-07-21 07:08:44,106 DEBUG org.apache.hadoop.hbase.regionserver.HRegion: Instantiated test1,282139,1311216321932.ffe0f4ab26eaa1796d2f99565ff24012.", "63": "2011-07-21 07:08:44,144 INFO org.apache.hadoop.hbase.regionserver.HRegion: Onlined test1,282139,1311216321932.ffe0f4ab26eaa1796d2f99565ff24012.; next sequenceid=1", "64": "2011-07-21 07:08:44,144 DEBUG org.apache.hadoop.hbase.zookeeper.ZKAssign: regionserver:20020-0x2314ac6763f0027 Attempting to transition node ffe0f4ab26eaa1796d2f99565ff24012 from RS_ZK_REGION_OPENING to RS_ZK_REGION_OPENING", "65": "2011-07-21 07:08:44,202 DEBUG org.apache.hadoop.hbase.zookeeper.ZKAssign: regionserver:20020-0x2314ac6763f0027 Successfully transitioned node ffe0f4ab26eaa1796d2f99565ff24012 from RS_ZK_REGION_OPENING to RS_ZK_REGION_OPENING", "66": "2011-07-21 07:08:44,232 INFO org.apache.hadoop.hbase.catalog.MetaEditor: Updated row test1,282139,1311216321932.ffe0f4ab26eaa1796d2f99565ff24012. in region .META.,,1 with server=158-1-91-105:20020, startcode=1311231874887", "67": "2011-07-21 07:08:44,232 DEBUG org.apache.hadoop.hbase.zookeeper.ZKAssign: regionserver:20020-0x2314ac6763f0027 Attempting to transition node ffe0f4ab26eaa1796d2f99565ff24012 from RS_ZK_REGION_OPENING to RS_ZK_REGION_OPENED", "68": "2011-07-21 07:08:44,291 DEBUG org.apache.hadoop.hbase.zookeeper.ZKAssign: regionserver:20020-0x2314ac6763f0027 Successfully transitioned node ffe0f4ab26eaa1796d2f99565ff24012 from RS_ZK_REGION_OPENING to RS_ZK_REGION_OPENED", "69": "2011-07-21 07:08:44,291 DEBUG org.apache.hadoop.hbase.regionserver.handler.OpenRegionHandler: Opened test1,282139,1311216321932.ffe0f4ab26eaa1796d2f99565ff24012.  It shows that RS105 open the region4012 successfully.", "71": "2011-07-21 07:30:26,579 INFO org.apache.hadoop.hbase.regionserver.HRegionServer: Received request to open region: test1,282139,1311216321932.ffe0f4ab26eaa1796d2f99565ff24012.", "72": "2011-07-21 07:30:26,579 DEBUG org.apache.hadoop.hbase.regionserver.handler.OpenRegionHandler: Processing open of test1,282139,1311216321932.ffe0f4ab26eaa1796d2f99565ff24012.", "73": "2011-07-21 07:30:26,579 WARN org.apache.hadoop.hbase.regionserver.handler.OpenRegionHandler: Attempted open of test1,282139,1311216321932.ffe0f4ab26eaa1796d2f99565ff24012. but already online on this server         This suggests that the assignment from HM101 is successful in RS105 (since region4012 is in RS105\u2019s onlineRegion list), although the state in zk for this assignment is offline.", "75": "2011-07-21 07:42:49,046 INFO org.apache.hadoop.hbase.regionserver.HRegionServer: Received request to open region: test1,282139,1311216321932.ffe0f4ab26eaa1796d2f99565ff24012.", "76": "2011-07-21 07:42:49,046 DEBUG org.apache.hadoop.hbase.regionserver.handler.OpenRegionHandler: Processing open of test1,282139,1311216321932.ffe0f4ab26eaa1796d2f99565ff24012.", "77": "2011-07-21 07:42:49,046 WARN org.apache.hadoop.hbase.regionserver.handler.OpenRegionHandler: Attempted open of test1,282139,1311216321932.ffe0f4ab26eaa1796d2f99565ff24012. but already online on this server"}, "traces": {"7": "         at org.apache.zookeeper.KeeperException.create(KeeperException.java:90)", "8": "         at org.apache.zookeeper.KeeperException.create(KeeperException.java:42)", "9": "         at org.apache.zookeeper.ZooKeeper.delete(ZooKeeper.java:738)", "10": "         at org.apache.hadoop.hbase.zookeeper.ZKUtil.deleteNode(ZKUtil.java:962)"}, "parsed_logs": {"0": {"class": "org.apache.hadoop.hbase.zookeeper.ZKAssign", "method": "Async create of unassigned node", "line_number": "", "message": "for ffe0f4ab26eaa1796d2f99565ff24012 with OFFLINE state"}, "1": {"class": "org.apache.hadoop.hbase.master.AssignmentManager$CreateUnassignedAsyncCallback", "method": "", "line_number": "", "message": "rs=test1,282139,1311216321932.ffe0f4ab26eaa1796d2f99565ff24012. state=OFFLINE, ts=1311231944712, server=158-1-91-105,20020,1311231874887"}, "2": {"class": "org.apache.hadoop.hbase.master.AssignmentManager$ExistsUnassignedAsyncCallback", "method": "", "line_number": "", "message": "rs=test1,282139,1311216321932.ffe0f4ab26eaa1796d2f99565ff24012. state=OFFLINE, ts=1311231944712"}, "4": {"class": "org.apache.zookeeper.ClientCnxn", "method": "", "line_number": "", "message": "Unable to read additional data from server sessionid 0x1314ac5addb003f, likely server has closed socket, closing socket connection and attempting reconnect"}, "5": {"class": "org.apache.hadoop.hbase.master.HMaster", "method": "", "line_number": "", "message": "Error deleting OPENED node in ZK for transition ZK node (2c5d23581fc848c89e5be0555086cf30)"}, "12": {"class": "org.apache.hadoop.hbase.master.ServerManager", "method": "", "line_number": "", "message": "Registering server=158-1-91-105,20020,1311231874887, regionCount=971, userLoad=true"}, "13": {"class": "org.apache.hadoop.hbase.master.ServerManager", "method": "", "line_number": "", "message": "Registering server=158-1-91-101,20020,1311231878544, regionCount=951, userLoad=true"}, "14": {"class": "org.apache.hadoop.hbase.master.ServerManager", "method": "", "line_number": "", "message": "Registering server=158-1-91-103,20020,1311232056655, regionCount=0, userLoad=false"}, "16": {"class": "org.apache.hadoop.hbase.master.metrics.MasterMetrics", "method": "", "line_number": "", "message": "Initialized"}, "17": {"class": "org.apache.hadoop.hbase.master.ActiveMasterManager", "method": "", "line_number": "", "message": "Another master is the active master, 158-1-91-103:20000; waiting to become the next active master"}, "18": {"class": "HMaster", "method": "", "line_number": "", "message": "The FATAL error makes the current HMaster101 abort. When ZK restarts, HMaster103 is elected as the new active HMaster."}, "22": {"class": "org.apache.hadoop.hbase.ipc.HBaseRpcMetrics", "method": "", "line_number": "", "message": "Initializing RPC Metrics with hostName=HMaster, port=20000"}, "25": {"class": "org.apache.hadoop.hbase.zookeeper.ZKAssign", "method": "", "line_number": "", "message": "master:20000-0x1314ac5addb0042-0x1314ac5addb0042 Creating (or updating) unassigned node for ffe0f4ab26eaa1796d2f99565ff24012 with OFFLINE state"}, "27": {"class": "org.apache.hadoop.hbase.master.AssignmentManager", "method": "", "line_number": "", "message": "Processing region test1,282139,1311216321932.ffe0f4ab26eaa1796d2f99565ff24012. in state M_ZK_REGION_OFFLINE"}, "29": {"class": "org.apache.hadoop.hbase.master.handler.ClosedRegionHandler", "method": "", "line_number": "", "message": "Handling CLOSED event for ffe0f4ab26eaa1796d2f99565ff24012"}, "31": {"class": "org.apache.hadoop.hbase.master.AssignmentManager", "method": "", "line_number": "", "message": "Forcing OFFLINE; was=test1,282139,1311216321932.ffe0f4ab26eaa1796d2f99565ff24012. state=OFFLINE, ts=1311232513720"}, "32": {"class": "org.apache.hadoop.hbase.zookeeper.ZKAssign", "method": "", "line_number": "", "message": "master:20000-0x1314ac5addb0042-0x1314ac5addb0042 Creating (or updating) unassigned node for ffe0f4ab26eaa1796d2f99565ff24012 with OFFLINE state"}, "33": {"class": "org.apache.hadoop.hbase.master.AssignmentManager", "method": "", "line_number": "", "message": "No previous transition plan was found (or we are ignoring an existing plan) for test1,282139,1311216321932.ffe0f4ab26eaa1796d2f99565ff24012. so generated a random one; hri=test1,282139,1311216321932.ffe0f4ab26eaa1796d2f99565ff24012., src=, dest=158-1-91-105,20020,1311231874887; 3 (online=3, exclude=null) available servers"}, "35": {"class": "org.apache.hadoop.hbase.master.AssignmentManager", "method": "", "line_number": "", "message": "Assigning region test1,282139,1311216321932.ffe0f4ab26eaa1796d2f99565ff24012. to 158-1-91-105,20020,1311231874887"}, "36": {"class": "org.apache.hadoop.hbase.master.AssignmentManager", "method": "", "line_number": "", "message": "Handling transition=M_ZK_REGION_OFFLINE, server=158-1-91-103:20000, region=ffe0f4ab26eaa1796d2f99565ff24012"}, "38": {"class": "org.apache.hadoop.hbase.master.AssignmentManager", "method": "", "line_number": "", "message": "Regions in transition timed out:  test1,282139,1311216321932.ffe0f4ab26eaa1796d2f99565ff24012. state=PENDING_OPEN, ts=1311233942949"}, "39": {"class": "org.apache.hadoop.hbase.master.AssignmentManager", "method": "", "line_number": "", "message": "Region has been PENDING_OPEN for too long, reassigning region=test1,282139,1311216321932.ffe0f4ab26eaa1796d2f99565ff24012."}, "40": {"class": "org.apache.hadoop.hbase.master.AssignmentManager", "method": "", "line_number": "", "message": "Forcing OFFLINE; was=test1,282139,1311216321932.ffe0f4ab26eaa1796d2f99565ff24012. state=PENDING_OPEN, ts=1311234169040"}, "42": {"class": "org.apache.hadoop.hbase.master.AssignmentManager", "method": "", "line_number": "", "message": "No previous transition plan was found (or we are ignoring an existing plan) for test1,282139,1311216321932.ffe0f4ab26eaa1796d2f99565ff24012. so generated a random one; hri=test1,282139,1311216321932.ffe0f4ab26eaa1796d2f99565ff24012., src=, dest=158-1-91-105,20020,1311231874887; 3 (online=3, exclude=null) available servers"}, "43": {"class": "org.apache.hadoop.hbase.master.AssignmentManager", "method": "", "line_number": "", "message": "Assigning region test1,282139,1311216321932.ffe0f4ab26eaa1796d2f99565ff24012. to 158-1-91-105,20020,1311231874887"}, "44": {"class": "org.apache.hadoop.hbase.master.AssignmentManager", "method": "", "line_number": "", "message": "Regions in transition timed out: test1,282139,1311216321932.ffe0f4ab26eaa1796d2f99565ff24012. state=PENDING_OPEN, ts=1311234201519"}, "45": {"class": "org.apache.hadoop.hbase.master.AssignmentManager", "method": "", "line_number": "", "message": "Region has been PENDING_OPEN for too long, reassigning region=test1,282139,1311216321932.ffe0f4ab26eaa1796d2f99565ff24012."}, "46": {"class": "org.apache.hadoop.hbase.master.AssignmentManager", "method": "", "line_number": "", "message": "Forcing OFFLINE; was=test1,282139,1311216321932.ffe0f4ab26eaa1796d2f99565ff24012. state=PENDING_OPEN, ts=1311234391597"}, "48": {"class": "org.apache.hadoop.hbase.master.AssignmentManager", "method": "", "line_number": "", "message": "No previous transition plan was found (or we are ignoring an existing plan) for test1,282139,1311216321932.ffe0f4ab26eaa1796d2f99565ff24012. so generated a random one; hri=test1,282139,1311216321932.ffe0f4ab26eaa1796d2f99565ff24012., src=, dest=158-1-91-103,20020,1311232056655; 3 (online=3, exclude=null) available servers"}, "49": {"class": "org.apache.hadoop.hbase.master.AssignmentManager", "method": "", "line_number": "", "message": "Assigning region test1,282139,1311216321932.ffe0f4ab26eaa1796d2f99565ff24012. to 158-1-91-103,20020,1311232056655"}, "50": {"class": "org.apache.hadoop.hbase.master.AssignmentManager", "method": "", "line_number": "", "message": "Handling transition=RS_ZK_REGION_OPENED, server=158-1-91-103,20020,1311232056655, region=ffe0f4ab26eaa1796d2f99565ff24012"}, "51": {"class": "org.apache.hadoop.hbase.master.handler.OpenedRegionHandler", "method": "", "line_number": "", "message": "Handling OPENED event for ffe0f4ab26eaa1796d2f99565ff24012; deleting unassigned node"}, "52": {"class": "org.apache.hadoop.hbase.zookeeper.ZKAssign", "method": "", "line_number": "", "message": "master:20000-0x1314ac5addb0042-0x1314ac5addb0042 Deleting existing unassigned node for ffe0f4ab26eaa1796d2f99565ff24012 that is in expected state RS_ZK_REGION_OPENED"}, "53": {"class": "org.apache.hadoop.hbase.zookeeper.ZKAssign", "method": "", "line_number": "", "message": "Successfully deleted unassigned node for region ffe0f4ab26eaa1796d2f99565ff24012 in expected state RS_ZK_REGION_OPENED"}, "54": {"class": "org.apache.hadoop.hbase.master.handler.OpenedRegionHandler", "method": "", "line_number": "", "message": "Opened region test1,282139,1311216321932.ffe0f4ab26eaa1796d2f99565ff24012. on 158-1-91-103,20020,1311232056655"}, "57": {"class": "org.apache.hadoop.hbase.regionserver.HRegionServer", "method": "", "line_number": "", "message": "Received request to open region: test1,282139,1311216321932.ffe0f4ab26eaa1796d2f99565ff24012."}, "58": {"class": "org.apache.hadoop.hbase.regionserver.handler.OpenRegionHandler", "method": "", "line_number": "", "message": "Processing open of test1,282139,1311216321932.ffe0f4ab26eaa1796d2f99565ff24012."}, "59": {"class": "org.apache.hadoop.hbase.zookeeper.ZKAssign", "method": "", "line_number": "", "message": "regionserver:20020-0x2314ac6763f0027 Attempting to transition node ffe0f4ab26eaa1796d2f99565ff24012 from M_ZK_REGION_OFFLINE to RS_ZK_REGION_OPENING"}, "60": {"class": "org.apache.hadoop.hbase.zookeeper.ZKAssign", "method": "", "line_number": "", "message": "regionserver:20020-0x2314ac6763f0027 Successfully transitioned node ffe0f4ab26eaa1796d2f99565ff24012 from M_ZK_REGION_OFFLINE to RS_ZK_REGION_OPENING"}, "61": {"class": "org.apache.hadoop.hbase.regionserver.HRegion", "method": "", "line_number": "", "message": "Opening region: REGION => {NAME => 'test1,282139,1311216321932.ffe0f4ab26eaa1796d2f99565ff24012.', STARTKEY => '282139', ENDKEY => '282142', ENCODED => ffe0f4ab26eaa1796d2f99565ff24012, TABLE => {{NAME => 'test1', FAMILIES => [{NAME => 'value', BLOOMFILTER => 'NONE', REPLICATION_SCOPE => '0', VERSIONS => '3', COMPRESSION => 'GZ', TTL => '2592000', BLOCKSIZE => '65536', IN_MEMORY => 'false', BLOCKCACHE => 'true'}]}}"}, "62": {"class": "org.apache.hadoop.hbase.regionserver.HRegion", "method": "", "line_number": "", "message": "Instantiated test1,282139,1311216321932.ffe0f4ab26eaa1796d2f99565ff24012."}, "63": {"class": "org.apache.hadoop.hbase.regionserver.HRegion", "method": "", "line_number": "", "message": "Onlined test1,282139,1311216321932.ffe0f4ab26eaa1796d2f99565ff24012.; next sequenceid=1"}, "64": {"class": "org.apache.hadoop.hbase.zookeeper.ZKAssign", "method": "", "line_number": "", "message": "regionserver:20020-0x2314ac6763f0027 Attempting to transition node ffe0f4ab26eaa1796d2f99565ff24012 from RS_ZK_REGION_OPENING to RS_ZK_REGION_OPENING"}, "65": {"class": "org.apache.hadoop.hbase.zookeeper.ZKAssign", "method": "", "line_number": "", "message": "Successfully transitioned node ffe0f4ab26eaa1796d2f99565ff24012 from RS_ZK_REGION_OPENING to RS_ZK_REGION_OPENING"}, "66": {"class": "org.apache.hadoop.hbase.catalog.MetaEditor", "method": "", "line_number": "", "message": "Updated row test1,282139,1311216321932.ffe0f4ab26eaa1796d2f99565ff24012. in region .META.,,1 with server=158-1-91-105:20020, startcode=1311231874887"}, "67": {"class": "org.apache.hadoop.hbase.zookeeper.ZKAssign", "method": "regionserver", "line_number": "", "message": "Attempting to transition node ffe0f4ab26eaa1796d2f99565ff24012 from RS_ZK_REGION_OPENING to RS_ZK_REGION_OPENED"}, "68": {"class": "org.apache.hadoop.hbase.zookeeper.ZKAssign", "method": "", "line_number": "", "message": "regionserver:20020-0x2314ac6763f0027 Successfully transitioned node ffe0f4ab26eaa1796d2f99565ff24012 from RS_ZK_REGION_OPENING to RS_ZK_REGION_OPENED"}, "69": {"class": "org.apache.hadoop.hbase.regionserver.handler.OpenRegionHandler", "method": "", "line_number": "", "message": "Opened test1,282139,1311216321932.ffe0f4ab26eaa1796d2f99565ff24012.  It shows that RS105 open the region4012 successfully."}, "71": {"class": "org.apache.hadoop.hbase.regionserver.HRegionServer", "method": "", "line_number": "", "message": "Received request to open region: test1,282139,1311216321932.ffe0f4ab26eaa1796d2f99565ff24012."}, "72": {"class": "org.apache.hadoop.hbase.regionserver.handler.OpenRegionHandler", "method": "", "line_number": "", "message": "Processing open of test1,282139,1311216321932.ffe0f4ab26eaa1796d2f99565ff24012."}, "73": {"class": "org.apache.hadoop.hbase.regionserver.handler.OpenRegionHandler", "method": "", "line_number": "", "message": "Attempted open of test1,282139,1311216321932.ffe0f4ab26eaa1796d2f99565ff24012. but already online on this server This suggests that the assignment from HM101 is successful in RS105 (since region4012 is in RS105\u2019s onlineRegion list), although the state in zk for this assignment is offline."}, "75": {"class": "org.apache.hadoop.hbase.regionserver.HRegionServer", "method": "", "line_number": "", "message": "Received request to open region: test1,282139,1311216321932.ffe0f4ab26eaa1796d2f99565ff24012."}, "76": {"class": "org.apache.hadoop.hbase.regionserver.handler.OpenRegionHandler", "method": "", "line_number": "", "message": "Processing open of test1,282139,1311216321932.ffe0f4ab26eaa1796d2f99565ff24012."}, "77": {"class": "org.apache.hadoop.hbase.regionserver.handler.OpenRegionHandler", "method": "", "line_number": "", "message": "Attempted open of test1,282139,1311216321932.ffe0f4ab26eaa1796d2f99565ff24012. but already online on this server"}}, "parsed_traces": {"7": {"package_class": "org.apache.zookeeper.KeeperException", "method": "create", "file_name": "KeeperException.java", "line_number": 90}, "8": {"package_class": "org.apache.zookeeper.KeeperException", "method": "create", "file_name": "KeeperException.java", "line_number": 42}, "9": {"package_class": "org.apache.zookeeper.ZooKeeper", "method": "delete", "file_name": "ZooKeeper.java", "line_number": 738}, "10": {"package_class": "org.apache.hadoop.hbase.zookeeper.ZKUtil", "method": "deleteNode", "file_name": "ZKUtil.java", "line_number": 962}}}}