{"bug_id": "hb-4729", "link": "https://issues.apache.org/jira/browse/HBASE-4729", "title": "Clash between region unassign and splitting kills the master\n", "description": "Description: \u201cI was running an online alter while regions were splitting, and suddenly the master died and left my table half-altered.\u201d\n\nWhat killed the master: (HMaster log)", "logs_traces": "2011-11-02 17:06:44,428 FATAL org.apache.hadoop.hbase.master.HMaster: Unexpected ZK exception creating node CLOSING\n\norg.apache.zookeeper.KeeperException$NodeExistsException: KeeperErrorCode = NodeExists for /hbase/unassigned/f7e1783e65ea8d621a4bc96ad310f101\n\nat org.apache.zookeeper.KeeperException.create(KeeperException.java:110)\n\nat org.apache.zookeeper.KeeperException.create(KeeperException.java:42)\n\nat org.apache.zookeeper.ZooKeeper.create(ZooKeeper.java:637)\n\nat org.apache.hadoop.hbase.zookeeper.RecoverableZooKeeper.createNonSequential(RecoverableZooKeeper.java:459)\n\nat org.apache.hadoop.hbase.zookeeper.RecoverableZooKeeper.create(RecoverableZooKeeper.java:441)\n\nat org.apache.hadoop.hbase.zookeeper.ZKUtil.createAndWatch(ZKUtil.java:769)\n\nat org.apache.hadoop.hbase.zookeeper.ZKAssign.createNodeClosing(ZKAssign.java:568)\n\nat org.apache.hadoop.hbase.master.AssignmentManager.unassign(AssignmentManager.java:1722)\n\nat org.apache.hadoop.hbase.master.AssignmentManager.unassign(AssignmentManager.java:1661)\n\nat org.apache.hadoop.hbase.master.BulkReOpen$1.run(BulkReOpen.java:69)\n\nat java.util.concurrent.ThreadPoolExecutor$Worker.runTask(ThreadPoolExecutor.java:886)\n\nat java.util.concurrent.ThreadPoolExecutor$Worker.run(ThreadPoolExecutor.java:908)\n\nat java.lang.Thread.run(Thread.java:662)\n\n\u201cA znode was created because the region server was splitting the region 4 seconds before:\u201d (RS log)\n\n2011-11-02 17:06:40,704 INFO org.apache.hadoop.hbase.regionserver.SplitTransaction: Starting split of region TestTable,0012469153,1320253135043.f7e1783e65ea8d621a4bc96ad310f101.\n\n2011-11-02 17:06:40,704 DEBUG org.apache.hadoop.hbase.regionserver.SplitTransaction: regionserver:62023-0x132f043bbde0710 Creating ephemeral node for f7e1783e65ea8d621a4bc96ad310f101 in SPLITTING state\n\n2011-11-02 17:06:40,751 DEBUG org.apache.hadoop.hbase.zookeeper.ZKAssign: regionserver:62023-0x132f043bbde0710 Attempting to transition node f7e1783e65ea8d621a4bc96ad310f101 from RS_ZK_REGION_SPLITTING to RS_ZK_REGION_SPLITTING\n\n...\n\n2011-11-02 17:06:44,061 DEBUG org.apache.hadoop.hbase.zookeeper.ZKAssign: regionserver:62023-0x132f043bbde0710 Successfully transitioned node f7e1783e65ea8d621a4bc96ad310f101 from RS_ZK_REGION_SPLITTING to RS_ZK_REGION_SPLIT\n\n2011-11-02 17:06:44,061 INFO org.apache.hadoop.hbase.regionserver.SplitTransaction: Still waiting on the master to process the split for f7e1783e65ea8d621a4bc96ad310f101\n\n\u201cNow that the master is dead the region server is spewing those last two lines like mad.\u201d", "parsed_logs_traces": {"logs": {"0": "2011-11-02 17:06:44,428 FATAL org.apache.hadoop.hbase.master.HMaster: Unexpected ZK exception creating node CLOSING", "16": "2011-11-02 17:06:40,704 INFO org.apache.hadoop.hbase.regionserver.SplitTransaction: Starting split of region TestTable,0012469153,1320253135043.f7e1783e65ea8d621a4bc96ad310f101.", "17": "2011-11-02 17:06:40,704 DEBUG org.apache.hadoop.hbase.regionserver.SplitTransaction: regionserver:62023-0x132f043bbde0710 Creating ephemeral node for f7e1783e65ea8d621a4bc96ad310f101 in SPLITTING state", "18": "2011-11-02 17:06:40,751 DEBUG org.apache.hadoop.hbase.zookeeper.ZKAssign: regionserver:62023-0x132f043bbde0710 Attempting to transition node f7e1783e65ea8d621a4bc96ad310f101 from RS_ZK_REGION_SPLITTING to RS_ZK_REGION_SPLITTING", "20": "2011-11-02 17:06:44,061 DEBUG org.apache.hadoop.hbase.zookeeper.ZKAssign: regionserver:62023-0x132f043bbde0710 Successfully transitioned node f7e1783e65ea8d621a4bc96ad310f101 from RS_ZK_REGION_SPLITTING to RS_ZK_REGION_SPLIT", "21": "2011-11-02 17:06:44,061 INFO org.apache.hadoop.hbase.regionserver.SplitTransaction: Still waiting on the master to process the split for f7e1783e65ea8d621a4bc96ad310f101"}, "traces": {"2": "at org.apache.zookeeper.KeeperException.create(KeeperException.java:110)", "3": "at org.apache.zookeeper.KeeperException.create(KeeperException.java:42)", "4": "at org.apache.zookeeper.ZooKeeper.create(ZooKeeper.java:637)", "5": "at org.apache.hadoop.hbase.zookeeper.RecoverableZooKeeper.createNonSequential(RecoverableZooKeeper.java:459)", "6": "at org.apache.hadoop.hbase.zookeeper.RecoverableZooKeeper.create(RecoverableZooKeeper.java:441)", "7": "at org.apache.hadoop.hbase.zookeeper.ZKUtil.createAndWatch(ZKUtil.java:769)", "8": "at org.apache.hadoop.hbase.zookeeper.ZKAssign.createNodeClosing(ZKAssign.java:568)", "9": "at org.apache.hadoop.hbase.master.AssignmentManager.unassign(AssignmentManager.java:1722)", "10": "at org.apache.hadoop.hbase.master.AssignmentManager.unassign(AssignmentManager.java:1661)", "11": "at org.apache.hadoop.hbase.master.BulkReOpen$1.run(BulkReOpen.java:69)"}, "parsed_logs": {"0": {"class": "org.apache.hadoop.hbase.master.HMaster", "method": "", "line_number": "", "message": "Unexpected ZK exception creating node CLOSING"}, "16": {"class": "org.apache.hadoop.hbase.regionserver.SplitTransaction", "method": "", "line_number": "", "message": "Starting split of region TestTable,0012469153,1320253135043.f7e1783e65ea8d621a4bc96ad310f101."}, "17": {"class": "org.apache.hadoop.hbase.regionserver.SplitTransaction", "method": "", "line_number": "", "message": "Creating ephemeral node for f7e1783e65ea8d621a4bc96ad310f101 in SPLITTING state"}, "18": {"class": "org.apache.hadoop.hbase.zookeeper.ZKAssign", "method": "", "line_number": "", "message": "Attempting to transition node f7e1783e65ea8d621a4bc96ad310f101 from RS_ZK_REGION_SPLITTING to RS_ZK_REGION_SPLITTING"}, "20": {"class": "org.apache.hadoop.hbase.zookeeper.ZKAssign", "method": "", "line_number": "", "message": "Successfully transitioned node f7e1783e65ea8d621a4bc96ad310f101 from RS_ZK_REGION_SPLITTING to RS_ZK_REGION_SPLIT"}, "21": {"class": "org.apache.hadoop.hbase.regionserver.SplitTransaction", "method": "", "line_number": "", "message": "Still waiting on the master to process the split for f7e1783e65ea8d621a4bc96ad310f101"}}, "parsed_traces": {"2": {"package_class": "org.apache.zookeeper.KeeperException", "method": "create", "file_name": "KeeperException.java", "line_number": 110}, "3": {"package_class": "org.apache.zookeeper.KeeperException", "method": "create", "file_name": "KeeperException.java", "line_number": 42}, "4": {"package_class": "org.apache.zookeeper.ZooKeeper", "method": "create", "file_name": "ZooKeeper.java", "line_number": 637}, "5": {"package_class": "org.apache.hadoop.hbase.zookeeper.RecoverableZooKeeper", "method": "createNonSequential", "file_name": "RecoverableZooKeeper.java", "line_number": 459}, "6": {"package_class": "org.apache.hadoop.hbase.zookeeper.RecoverableZooKeeper", "method": "create", "file_name": "RecoverableZooKeeper.java", "line_number": 441}, "7": {"package_class": "org.apache.hadoop.hbase.zookeeper.ZKUtil", "method": "createAndWatch", "file_name": "ZKUtil.java", "line_number": 769}, "8": {"package_class": "org.apache.hadoop.hbase.zookeeper.ZKAssign", "method": "createNodeClosing", "file_name": "ZKAssign.java", "line_number": 568}, "9": {"package_class": "org.apache.hadoop.hbase.master.AssignmentManager", "method": "unassign", "file_name": "AssignmentManager.java", "line_number": 1722}, "10": {"package_class": "org.apache.hadoop.hbase.master.AssignmentManager", "method": "unassign", "file_name": "AssignmentManager.java", "line_number": 1661}, "11": {"package_class": "org.apache.hadoop.hbase.master.BulkReOpen$1", "method": "run", "file_name": "BulkReOpen.java", "line_number": 69}}}}