{"bug_id": "hb-4470", "link": "https://issues.apache.org/jira/browse/HBASE-4470", "title": "ServerNotRunningException coming out of assignRootAndMeta kills the Maste\n", "description": "\u201cWhen the master starts it verifies the locations of root and meta before assigning them, if the server is started but not running you'll get this:\u201d  (HMaster log)", "logs_traces": "2011-09-23 04:47:44,859 WARN org.apache.hadoop.hbase.client.HConnectionManager$HConnectionImplementation: RemoteException connecting to RS\n\norg.apache.hadoop.ipc.RemoteException: org.apache.hadoop.hbase.ipc.ServerNotRunningException: Server is not running yet\n\nat org.apache.hadoop.hbase.ipc.HBaseServer$Handler.run(HBaseServer.java:1038)\n\nat org.apache.hadoop.hbase.ipc.HBaseClient.call(HBaseClient.java:771)\n\nat org.apache.hadoop.hbase.ipc.HBaseRPC$Invoker.invoke(HBaseRPC.java:257)\n\nat $Proxy6.getProtocolVersion(Unknown Source)\n\nat org.apache.hadoop.hbase.ipc.HBaseRPC.getProxy(HBaseRPC.java:419)\n\nat org.apache.hadoop.hbase.ipc.HBaseRPC.getProxy(HBaseRPC.java:393)\n\nat org.apache.hadoop.hbase.ipc.HBaseRPC.getProxy(HBaseRPC.java:444)\n\nat org.apache.hadoop.hbase.ipc.HBaseRPC.waitForProxy(HBaseRPC.java:349)\n\nat org.apache.hadoop.hbase.client.HConnectionManager$HConnectionImplementation.getHRegionConnection(HConnectionManager.java:969)\n\nat org.apache.hadoop.hbase.catalog.CatalogTracker.getCachedConnection(CatalogTracker.java:388)\n\nat org.apache.hadoop.hbase.catalog.CatalogTracker.getMetaServerConnection(CatalogTracker.java:287)\n\nat org.apache.hadoop.hbase.catalog.CatalogTracker.verifyMetaRegionLocation(CatalogTracker.java:484)\n\nat org.apache.hadoop.hbase.master.HMaster.assignRootAndMeta(HMaster.java:441)\n\nat org.apache.hadoop.hbase.master.HMaster.finishInitialization(HMaster.java:388)\n\nat org.apache.hadoop.hbase.master.HMaster.run(HMaster.java:282)\n\nThen, the ServerNotRunningException in the warning above will make the HMaster abort.", "parsed_logs_traces": {"logs": {"0": "2011-09-23 04:47:44,859 WARN org.apache.hadoop.hbase.client.HConnectionManager$HConnectionImplementation: RemoteException connecting to RS"}, "traces": {"2": "at org.apache.hadoop.hbase.ipc.HBaseServer$Handler.run(HBaseServer.java:1038)", "3": "at org.apache.hadoop.hbase.ipc.HBaseClient.call(HBaseClient.java:771)", "4": "at org.apache.hadoop.hbase.ipc.HBaseRPC$Invoker.invoke(HBaseRPC.java:257)", "6": "at org.apache.hadoop.hbase.ipc.HBaseRPC.getProxy(HBaseRPC.java:419)", "7": "at org.apache.hadoop.hbase.ipc.HBaseRPC.getProxy(HBaseRPC.java:393)", "8": "at org.apache.hadoop.hbase.ipc.HBaseRPC.getProxy(HBaseRPC.java:444)", "9": "at org.apache.hadoop.hbase.ipc.HBaseRPC.waitForProxy(HBaseRPC.java:349)", "10": "at org.apache.hadoop.hbase.client.HConnectionManager$HConnectionImplementation.getHRegionConnection(HConnectionManager.java:969)", "11": "at org.apache.hadoop.hbase.catalog.CatalogTracker.getCachedConnection(CatalogTracker.java:388)", "12": "at org.apache.hadoop.hbase.catalog.CatalogTracker.getMetaServerConnection(CatalogTracker.java:287)", "13": "at org.apache.hadoop.hbase.catalog.CatalogTracker.verifyMetaRegionLocation(CatalogTracker.java:484)", "14": "at org.apache.hadoop.hbase.master.HMaster.assignRootAndMeta(HMaster.java:441)", "15": "at org.apache.hadoop.hbase.master.HMaster.finishInitialization(HMaster.java:388)", "16": "at org.apache.hadoop.hbase.master.HMaster.run(HMaster.java:282)"}, "parsed_logs": {"0": {"class": "org.apache.hadoop.hbase.client.HConnectionManager$HConnectionImplementation", "method": "", "line_number": "", "message": "RemoteException connecting to RS"}}, "parsed_traces": {"2": {"package_class": "org.apache.hadoop.hbase.ipc.HBaseServer$Handler", "method": "run", "file_name": "HBaseServer.java", "line_number": 1038}, "3": {"package_class": "org.apache.hadoop.hbase.ipc.HBaseClient", "method": "call", "file_name": "HBaseClient.java", "line_number": 771}, "4": {"package_class": "org.apache.hadoop.hbase.ipc.HBaseRPC$Invoker", "method": "invoke", "file_name": "HBaseRPC.java", "line_number": 257}, "6": {"package_class": "org.apache.hadoop.hbase.ipc.HBaseRPC", "method": "getProxy", "file_name": "HBaseRPC.java", "line_number": 419}, "7": {"package_class": "org.apache.hadoop.hbase.ipc.HBaseRPC", "method": "getProxy", "file_name": "HBaseRPC.java", "line_number": 393}, "8": {"package_class": "org.apache.hadoop.hbase.ipc.HBaseRPC", "method": "getProxy", "file_name": "HBaseRPC.java", "line_number": 444}, "9": {"package_class": "org.apache.hadoop.hbase.ipc.HBaseRPC", "method": "waitForProxy", "file_name": "HBaseRPC.java", "line_number": 349}, "10": {"package_class": "org.apache.hadoop.hbase.client.HConnectionManager$HConnectionImplementation", "method": "getHRegionConnection", "file_name": "HConnectionManager.java", "line_number": 969}, "11": {"package_class": "org.apache.hadoop.hbase.catalog.CatalogTracker", "method": "getCachedConnection", "file_name": "CatalogTracker.java", "line_number": 388}, "12": {"package_class": "org.apache.hadoop.hbase.catalog.CatalogTracker", "method": "getMetaServerConnection", "file_name": "CatalogTracker.java", "line_number": 287}, "13": {"package_class": "org.apache.hadoop.hbase.catalog.CatalogTracker", "method": "verifyMetaRegionLocation", "file_name": "CatalogTracker.java", "line_number": 484}, "14": {"package_class": "org.apache.hadoop.hbase.master.HMaster", "method": "assignRootAndMeta", "file_name": "HMaster.java", "line_number": 441}, "15": {"package_class": "org.apache.hadoop.hbase.master.HMaster", "method": "finishInitialization", "file_name": "HMaster.java", "line_number": 388}, "16": {"package_class": "org.apache.hadoop.hbase.master.HMaster", "method": "run", "file_name": "HMaster.java", "line_number": 282}}}}