{"bug_id": "hb-4400", "link": "https://issues.apache.org/jira/browse/HBASE-4400", "title": ".META. getting stuck if RS hosting it is dead and znode state is in RS_ZK_REGION_OPENED", "description": "\u201cStart 2 RegionServers. The META is being hosted by RS2 but while processing it goes down.\n\nNow restart the master and RS1. Master gets the RS name from the znode in RS_ZK_REGION_OPENED. But as RS2 is not online still the master is not able to process the META at all.\u201d\n\nThe following logs are from HMaster, after HMaster restarts:\n\n\n\nlog-1 and log-3 show the assignment for ROOT              log-2 shows the assignment for META\n\nAfter the HMaster prints this ERROR, the HMaster will hang due to the META region getting stuck. As a result, the system will also hang.", "logs_traces": "2011-09-14 16:43:51,949 DEBUG org.apache.hadoop.hbase.master.AssignmentManager: Handling transition=RS_ZK_REGION_OPENING, server=linux76,60020,1315998828523, region=70236052/-ROOT-\n2011-09-14 16:43:51,968 INFO org.apache.hadoop.hbase.master.HMaster: -ROOT- assigned=1, rit=false, location=linux76:60020\n2011-09-14 16:43:51,970 INFO org.apache.hadoop.hbase.master.AssignmentManager: Processing region .META.,,1.1028785192 in state RS_ZK_REGION_OPENED\n2011-09-14 16:43:51,970 INFO org.apache.hadoop.hbase.master.AssignmentManager: Failed to find linux146,60020,1315998414623 in list of online servers; skipping registration of open of .META.,,1.1028785192\n2011-09-14 16:43:51,971 INFO org.apache.hadoop.hbase.master.AssignmentManager: Waiting on 1028785192/.META.\n2011-09-14 16:43:51,983 DEBUG org.apache.hadoop.hbase.master.AssignmentManager: Handling transition=RS_ZK_REGION_OPENED, server=linux76,60020,1315998828523, region=70236052/-ROOT-\n2011-09-14 16:43:51,986 DEBUG org.apache.hadoop.hbase.master.handler.OpenedRegionHandler: Handling OPENED event for 70236052; deleting unassigned node\n2011-09-14 16:43:51,986 DEBUG org.apache.hadoop.hbase.zookeeper.ZKAssign: master:60000-0x13267854032001d Deleting existing unassigned node for 70236052 that is in expected state RS_ZK_REGION_OPENED\n2011-09-14 16:43:51,998 DEBUG org.apache.hadoop.hbase.zookeeper.ZKAssign: master:60000-0x13267854032001d Successfully deleted unassigned node for region 70236052 in expected state RS_ZK_REGION_OPENED\n2011-09-14 16:43:51,999 DEBUG org.apache.hadoop.hbase.master.handler.OpenedRegionHandler: Opened region -ROOT-,,0.70236052 on linux76,60020,1315998828523\n2011-09-14 16:44:00,395 INFO org.apache.hadoop.hbase.master.ServerManager: Registering server=linux146,60020,1315998839724, regionCount=0, userLoad=false\n2011-09-14 16:46:20,003 INFO org.apache.hadoop.hbase.master.AssignmentManager: Regions in transition timed out: .META.,,1.1028785192 state=OPEN, ts=0\n2011-09-14 16:46:20,004 ERROR org.apache.hadoop.hbase.master.AssignmentManager: Region has been OPEN for too long, we don't know where region was opened so can't do anything", "parsed_logs_traces": {"logs": {"0": "2011-09-14 16:43:51,949 DEBUG org.apache.hadoop.hbase.master.AssignmentManager: Handling transition=RS_ZK_REGION_OPENING, server=linux76,60020,1315998828523, region=70236052/-ROOT-", "1": "2011-09-14 16:43:51,968 INFO org.apache.hadoop.hbase.master.HMaster: -ROOT- assigned=1, rit=false, location=linux76:60020", "2": "2011-09-14 16:43:51,970 INFO org.apache.hadoop.hbase.master.AssignmentManager: Processing region .META.,,1.1028785192 in state RS_ZK_REGION_OPENED", "3": "2011-09-14 16:43:51,970 INFO org.apache.hadoop.hbase.master.AssignmentManager: Failed to find linux146,60020,1315998414623 in list of online servers; skipping registration of open of .META.,,1.1028785192", "4": "2011-09-14 16:43:51,971 INFO org.apache.hadoop.hbase.master.AssignmentManager: Waiting on 1028785192/.META.", "5": "2011-09-14 16:43:51,983 DEBUG org.apache.hadoop.hbase.master.AssignmentManager: Handling transition=RS_ZK_REGION_OPENED, server=linux76,60020,1315998828523, region=70236052/-ROOT-", "6": "2011-09-14 16:43:51,986 DEBUG org.apache.hadoop.hbase.master.handler.OpenedRegionHandler: Handling OPENED event for 70236052; deleting unassigned node", "7": "2011-09-14 16:43:51,986 DEBUG org.apache.hadoop.hbase.zookeeper.ZKAssign: master:60000-0x13267854032001d Deleting existing unassigned node for 70236052 that is in expected state RS_ZK_REGION_OPENED", "8": "2011-09-14 16:43:51,998 DEBUG org.apache.hadoop.hbase.zookeeper.ZKAssign: master:60000-0x13267854032001d Successfully deleted unassigned node for region 70236052 in expected state RS_ZK_REGION_OPENED", "9": "2011-09-14 16:43:51,999 DEBUG org.apache.hadoop.hbase.master.handler.OpenedRegionHandler: Opened region -ROOT-,,0.70236052 on linux76,60020,1315998828523", "10": "2011-09-14 16:44:00,395 INFO org.apache.hadoop.hbase.master.ServerManager: Registering server=linux146,60020,1315998839724, regionCount=0, userLoad=false", "11": "2011-09-14 16:46:20,003 INFO org.apache.hadoop.hbase.master.AssignmentManager: Regions in transition timed out: .META.,,1.1028785192 state=OPEN, ts=0", "12": "2011-09-14 16:46:20,004 ERROR org.apache.hadoop.hbase.master.AssignmentManager: Region has been OPEN for too long, we don't know where region was opened so can't do anything"}, "traces": {}, "parsed_logs": {"0": {"class": "org.apache.hadoop.hbase.master.AssignmentManager", "method": "", "line_number": "", "message": "Handling transition=RS_ZK_REGION_OPENING, server=linux76,60020,1315998828523, region=70236052/-ROOT-"}, "1": {"class": "org.apache.hadoop.hbase.master.HMaster", "method": "", "line_number": "", "message": "-ROOT- assigned=1, rit=false, location=linux76:60020"}, "2": {"class": "org.apache.hadoop.hbase.master.AssignmentManager", "method": "", "line_number": "", "message": "Processing region .META.,,1.1028785192 in state RS_ZK_REGION_OPENED"}, "3": {"class": "org.apache.hadoop.hbase.master.AssignmentManager", "method": "", "line_number": "", "message": "Failed to find linux146,60020,1315998414623 in list of online servers; skipping registration of open of .META.,,1.1028785192"}, "4": {"class": "org.apache.hadoop.hbase.master.AssignmentManager", "method": "", "line_number": "", "message": "Waiting on 1028785192/.META."}, "5": {"class": "org.apache.hadoop.hbase.master.AssignmentManager", "method": "", "line_number": "", "message": "Handling transition=RS_ZK_REGION_OPENED, server=linux76,60020,1315998828523, region=70236052/-ROOT-"}, "6": {"class": "org.apache.hadoop.hbase.master.handler.OpenedRegionHandler", "method": "", "line_number": "", "message": "Handling OPENED event for 70236052; deleting unassigned node"}, "7": {"class": "org.apache.hadoop.hbase.zookeeper.ZKAssign", "method": "", "line_number": "", "message": "master:60000-0x13267854032001d Deleting existing unassigned node for 70236052 that is in expected state RS_ZK_REGION_OPENED"}, "8": {"class": "org.apache.hadoop.hbase.zookeeper.ZKAssign", "method": "", "line_number": "", "message": "master:60000-0x13267854032001d Successfully deleted unassigned node for region 70236052 in expected state RS_ZK_REGION_OPENED"}, "9": {"class": "org.apache.hadoop.hbase.master.handler.OpenedRegionHandler", "method": "", "line_number": "", "message": "Opened region -ROOT-,,0.70236052 on linux76,60020,1315998828523"}, "10": {"class": "org.apache.hadoop.hbase.master.ServerManager", "method": "", "line_number": "", "message": "Registering server=linux146,60020,1315998839724, regionCount=0, userLoad=false"}, "11": {"class": "org.apache.hadoop.hbase.master.AssignmentManager", "method": "", "line_number": "", "message": "Regions in transition timed out: .META.,,1.1028785192 state=OPEN, ts=0"}, "12": {"class": "org.apache.hadoop.hbase.master.AssignmentManager", "method": "", "line_number": "", "message": "Region has been OPEN for too long, we don't know where region was opened so can't do anything"}}, "parsed_traces": {}}}