{"bug_id": "hb-4792", "link": "https://issues.apache.org/jira/browse/HBASE-4792", "title": "SplitRegionHandler doesn't care if it deletes the znode or not, leaves the parent region stuck offline\n", "description": "RegionServer is waiting for HMaster to delete the ZNode\n\n", "logs_traces": "HMaster log:\n\n2011-11-15 22:28:57,900 DEBUG org.apache.hadoop.hbase.master.handler.SplitRegionHandler: Handling SPLIT event for e5be6551c8584a6a1065466e520faf4e; deleting node  \n\n2011-11-15 22:28:57,900 DEBUG org.apache.hadoop.hbase.zookeeper.ZKAssign: master:62003-0x132f043bbde08c1 Deleting existing unassigned node for e5be6551c8584a6a1065466e520faf4e that is in expected state RS_ZK_REGION_SPLIT\n\n2011-11-15 22:28:57,975 WARN org.apache.hadoop.hbase.zookeeper.ZKAssign: master:62003-0x132f043bbde08c1 Attempting to delete unassigned node in RS_ZK_REGION_SPLIT state but after verifying state, we got a version mismatch         When this WARN is printed, ZKUtil.deleteNode() fails and returns FALSE.\n\n2011-11-15 22:28:57,975 INFO org.apache.hadoop.hbase.master.handler.SplitRegionHandler: Handled SPLIT report); parent=TestTable,0001355346,1321396080924.e5be6551c8584a6a1065466e520faf4e. daughter a=TestTable,0001355346,1321396132414.df9b549eb594a1f8728608a2a431224a.daughter b=TestTable,0001368082,1321396132414.de861596db4337dc341138f26b9c8bc2.\n\n\n\n\u201cThe master processes the split but when it calls ZKAssign.deleteNode it doesn't check the boolean that's returned. In this case it was false. So for the master the split was completed, but for the region server it's another story:\u201d\n\n (RS log)\n\n2011-11-15 22:28:57,661 DEBUG org.apache.hadoop.hbase.zookeeper.ZKAssign: regionserver:62023-0x132f043bbde08d3 Attempting to transition node e5be6551c8584a6a1065466e520faf4e from RS_ZK_REGION_SPLITTING to RS_ZK_REGION_SPLIT\n\n2011-11-15 22:28:57,775 DEBUG org.apache.hadoop.hbase.zookeeper.ZKAssign: regionserver:62023-0x132f043bbde08d3 Successfully transitioned node e5be6551c8584a6a1065466e520faf4e from RS_ZK_REGION_SPLITTING to RS_ZK_REGION_SPLIT\n\n2011-11-15 22:28:57,775 INFO org.apache.hadoop.hbase.regionserver.SplitTransaction: Still waiting on the master to process the split for e5be6551c8584a6a1065466e520faf4e\n\n2011-11-15 22:28:57,876 DEBUG org.apache.hadoop.hbase.zookeeper.ZKAssign: regionserver:62023-0x132f043bbde08d3 Attempting to transition node e5be6551c8584a6a1065466e520faf4e from RS_ZK_REGION_SPLIT to RS_ZK_REGION_SPLIT\n\n2011-11-15 22:28:57,967 DEBUG org.apache.hadoop.hbase.zookeeper.ZKAssign: regionserver:62023-0x132f043bbde08d3 Successfully transitioned node e5be6551c8584a6a1065466e520faf4e from RS_ZK_REGION_SPLIT to RS_ZK_REGION_SPLIT", "parsed_logs_traces": {"logs": {"1": "2011-11-15 22:28:57,900 DEBUG org.apache.hadoop.hbase.master.handler.SplitRegionHandler: Handling SPLIT event for e5be6551c8584a6a1065466e520faf4e; deleting node  ", "2": "2011-11-15 22:28:57,900 DEBUG org.apache.hadoop.hbase.zookeeper.ZKAssign: master:62003-0x132f043bbde08c1 Deleting existing unassigned node for e5be6551c8584a6a1065466e520faf4e that is in expected state RS_ZK_REGION_SPLIT", "3": "2011-11-15 22:28:57,975 WARN org.apache.hadoop.hbase.zookeeper.ZKAssign: master:62003-0x132f043bbde08c1 Attempting to delete unassigned node in RS_ZK_REGION_SPLIT state but after verifying state, we got a version mismatch         When this WARN is printed, ZKUtil.deleteNode() fails and returns FALSE.", "4": "2011-11-15 22:28:57,975 INFO org.apache.hadoop.hbase.master.handler.SplitRegionHandler: Handled SPLIT report); parent=TestTable,0001355346,1321396080924.e5be6551c8584a6a1065466e520faf4e. daughter a=TestTable,0001355346,1321396132414.df9b549eb594a1f8728608a2a431224a.daughter b=TestTable,0001368082,1321396132414.de861596db4337dc341138f26b9c8bc2.", "7": "2011-11-15 22:28:57,661 DEBUG org.apache.hadoop.hbase.zookeeper.ZKAssign: regionserver:62023-0x132f043bbde08d3 Attempting to transition node e5be6551c8584a6a1065466e520faf4e from RS_ZK_REGION_SPLITTING to RS_ZK_REGION_SPLIT", "8": "2011-11-15 22:28:57,775 DEBUG org.apache.hadoop.hbase.zookeeper.ZKAssign: regionserver:62023-0x132f043bbde08d3 Successfully transitioned node e5be6551c8584a6a1065466e520faf4e from RS_ZK_REGION_SPLITTING to RS_ZK_REGION_SPLIT", "9": "2011-11-15 22:28:57,775 INFO org.apache.hadoop.hbase.regionserver.SplitTransaction: Still waiting on the master to process the split for e5be6551c8584a6a1065466e520faf4e", "10": "2011-11-15 22:28:57,876 DEBUG org.apache.hadoop.hbase.zookeeper.ZKAssign: regionserver:62023-0x132f043bbde08d3 Attempting to transition node e5be6551c8584a6a1065466e520faf4e from RS_ZK_REGION_SPLIT to RS_ZK_REGION_SPLIT", "11": "2011-11-15 22:28:57,967 DEBUG org.apache.hadoop.hbase.zookeeper.ZKAssign: regionserver:62023-0x132f043bbde08d3 Successfully transitioned node e5be6551c8584a6a1065466e520faf4e from RS_ZK_REGION_SPLIT to RS_ZK_REGION_SPLIT"}, "traces": {}, "parsed_logs": {"1": {"class": "org.apache.hadoop.hbase.master.handler.SplitRegionHandler", "method": "", "line_number": "", "message": "Handling SPLIT event for e5be6551c8584a6a1065466e520faf4e; deleting node"}, "2": {"class": "org.apache.hadoop.hbase.zookeeper.ZKAssign", "method": "", "line_number": "", "message": "master:62003-0x132f043bbde08c1 Deleting existing unassigned node for e5be6551c8584a6a1065466e520faf4e that is in expected state RS_ZK_REGION_SPLIT"}, "3": {"class": "org.apache.hadoop.hbase.zookeeper.ZKAssign", "method": "", "line_number": "", "message": "Attempting to delete unassigned node in RS_ZK_REGION_SPLIT state but after verifying state, we got a version mismatch         When this WARN is printed, ZKUtil.deleteNode() fails and returns FALSE."}, "4": {"class": "org.apache.hadoop.hbase.master.handler.SplitRegionHandler", "method": "", "line_number": "", "message": "Handled SPLIT report); parent=TestTable,0001355346,1321396080924.e5be6551c8584a6a1065466e520faf4e. daughter a=TestTable,0001355346,1321396132414.df9b549eb594a1f8728608a2a431224a.daughter b=TestTable,0001368082,1321396132414.de861596db4337dc341138f26b9c8bc2."}, "7": {"class": "org.apache.hadoop.hbase.zookeeper.ZKAssign", "method": "", "line_number": "", "message": "Attempting to transition node e5be6551c8584a6a1065466e520faf4e from RS_ZK_REGION_SPLITTING to RS_ZK_REGION_SPLIT"}, "8": {"class": "org.apache.hadoop.hbase.zookeeper.ZKAssign", "method": "regionserver", "line_number": "62023", "message": "Successfully transitioned node e5be6551c8584a6a1065466e520faf4e from RS_ZK_REGION_SPLITTING to RS_ZK_REGION_SPLIT"}, "9": {"class": "org.apache.hadoop.hbase.regionserver.SplitTransaction", "method": "", "line_number": "", "message": "Still waiting on the master to process the split for e5be6551c8584a6a1065466e520faf4e"}, "10": {"class": "org.apache.hadoop.hbase.zookeeper.ZKAssign", "method": "", "line_number": "", "message": "Attempting to transition node e5be6551c8584a6a1065466e520faf4e from RS_ZK_REGION_SPLIT to RS_ZK_REGION_SPLIT"}, "11": {"class": "org.apache.hadoop.hbase.zookeeper.ZKAssign", "method": "regionserver", "line_number": "62023", "message": "Successfully transitioned node e5be6551c8584a6a1065466e520faf4e from RS_ZK_REGION_SPLIT to RS_ZK_REGION_SPLIT"}}, "parsed_traces": {}}}