{"bug_id": "hb-6088", "link": "https://issues.apache.org/jira/browse/HBASE-6088", "title": "Region splitting not happened for long time due to ZK exception while creating RS_ZK_SPLITTING node\n", "description": "\u201cRegion splitting not happened for long time due to ZK exception while creating RS_ZK_SPLITTING node.\u201d\n\nThe following ZK exception ConnectionLossException occurs when trying to create the ZNode for the region, then it will retry to create this ZNode.\n\n2012-05-24 01:45:41,363 INFO org.apache.zookeeper.ClientCnxn: Client session timed out, have not heard from server in 26668ms for sessionid 0x1377a75f41d0012, closing socket connection and attempting reconnect\n\n2012-05-24 01:45:41,464 WARN org.apache.hadoop.hbase.zookeeper.RecoverableZooKeeper: Possibly transient ZooKeeper exception: org.apache.zookeeper.KeeperException$ConnectionLossException: KeeperErrorCode = ConnectionLoss for /hbase/unassigned/bd1079bf948c672e493432020dc0e144\n\nSince we have the following logs(operations), we know that finally the ZNode for this region split is created successfully.\n\nIt fails to execute SplitRequest due to the IOExcetpion (caused by BadVersionException), then it runs rollback/cleanup of the failed split transaction.", "logs_traces": "2012-05-24 01:45:43,300 DEBUG org.apache.hadoop.hbase.regionserver.wal.HLog: cleanupCurrentWriter  waiting for transactions to get synced  total 189377 synced till here 189365\n\n2012-05-24 01:45:48,474 INFO org.apache.hadoop.hbase.regionserver.SplitRequest: Running rollback/cleanup of failed split of ufdr,011365398471659,1337823505339.bd1079bf948c672e493432020dc0e144.; Failed setting SPLITTING znode on ufdr,011365398471659,1337823505339.bd1079bf948c672e493432020dc0e144.\n\njava.io.IOException: Failed setting SPLITTING znode on ufdr,011365398471659,1337823505339.bd1079bf948c672e493432020dc0e144.\n\n         at org.apache.hadoop.hbase.regionserver.SplitTransaction.createDaughters(SplitTransaction.java:242)\n\n         at org.apache.hadoop.hbase.regionserver.SplitTransaction.execute(SplitTransaction.java:450)\n\n         at org.apache.hadoop.hbase.regionserver.SplitRequest.run(SplitRequest.java:67)\n\n            at java.util.concurrent.ThreadPoolExecutor$Worker.runTask(ThreadPoolExecutor.java:886)\n\n         at java.util.concurrent.ThreadPoolExecutor$Worker.run(ThreadPoolExecutor.java:908)\n\n         at java.lang.Thread.run(Thread.java:662)\n\nCaused by: org.apache.zookeeper.KeeperException$BadVersionException: KeeperErrorCode = BadVersion for /hbase/unassigned/bd1079bf948c672e493432020dc0e144\n\n         at org.apache.zookeeper.KeeperException.create(KeeperException.java:115)\n\n         at org.apache.zookeeper.KeeperException.create(KeeperException.java:51)\n\n         at org.apache.zookeeper.ZooKeeper.setData(ZooKeeper.java:1246)\n\n         at org.apache.hadoop.hbase.zookeeper.RecoverableZooKeeper.setData(RecoverableZooKeeper.java:321)\n\n         at org.apache.hadoop.hbase.zookeeper.ZKUtil.setData(ZKUtil.java:659)\n\n         at org.apache.hadoop.hbase.zookeeper.ZKAssign.transitionNode(ZKAssign.java:811)\n\n         at org.apache.hadoop.hbase.zookeeper.ZKAssign.transitionNode(ZKAssign.java:747)\n\n         at org.apache.hadoop.hbase.regionserver.SplitTransaction.transitionNodeSplitting(SplitTransaction.java:919)\n\n         at org.apache.hadoop.hbase.regionserver.SplitTransaction.createNodeSplitting(SplitTransaction.java:869)\n\n         at org.apache.hadoop.hbase.regionserver.SplitTransaction.createDaughters(SplitTransaction.java:239)\n\n         ... 5 more\n\n2012-05-24 01:45:48,476 INFO org.apache.hadoop.hbase.regionserver.SplitRequest: Successful rollback of failed split of ufdr,011365398471659,1337823505339.bd1079bf948c672e493432020dc0e144.\n\n \n\nThe following part of log prints when executing splitRequest for this region again.\n\n2012-05-24 01:47:28,141 ERROR org.apache.hadoop.hbase.zookeeper.RecoverableZooKeeper: Node /hbase/unassigned/bd1079bf948c672e493432020dc0e144 already exists and this is not a retry\n\n2012-05-24 01:47:28,142 INFO org.apache.hadoop.hbase.regionserver.SplitRequest: Running rollback/cleanup of failed split of ufdr,011365398471659,1337823505339.bd1079bf948c672e493432020dc0e144.; Failed create of ephemeral /hbase/unassigned/bd1079bf948c672e493432020dc0e144\n\njava.io.IOException: Failed create of ephemeral /hbase/unassigned/bd1079bf948c672e493432020dc0e144\n\n         at org.apache.hadoop.hbase.regionserver.SplitTransaction.createNodeSplitting(SplitTransaction.java:865)\n\n         at org.apache.hadoop.hbase.regionserver.SplitTransaction.createDaughters(SplitTransaction.java:239)\n\n         at org.apache.hadoop.hbase.regionserver.SplitTransaction.execute(SplitTransaction.java:450)\n\n         at org.apache.hadoop.hbase.regionserver.SplitRequest.run(SplitRequest.java:67)\n\n\u201cDue to the above exception, region splitting was failing contineously more than 5hrs.\u201d", "parsed_logs_traces": {"logs": {"0": "2012-05-24 01:45:43,300 DEBUG org.apache.hadoop.hbase.regionserver.wal.HLog: cleanupCurrentWriter  waiting for transactions to get synced  total 189377 synced till here 189365", "1": "2012-05-24 01:45:48,474 INFO org.apache.hadoop.hbase.regionserver.SplitRequest: Running rollback/cleanup of failed split of ufdr,011365398471659,1337823505339.bd1079bf948c672e493432020dc0e144.; Failed setting SPLITTING znode on ufdr,011365398471659,1337823505339.bd1079bf948c672e493432020dc0e144.", "21": "2012-05-24 01:45:48,476 INFO org.apache.hadoop.hbase.regionserver.SplitRequest: Successful rollback of failed split of ufdr,011365398471659,1337823505339.bd1079bf948c672e493432020dc0e144.", "23": "2012-05-24 01:47:28,141 ERROR org.apache.hadoop.hbase.zookeeper.RecoverableZooKeeper: Node /hbase/unassigned/bd1079bf948c672e493432020dc0e144 already exists and this is not a retry", "24": "2012-05-24 01:47:28,142 INFO org.apache.hadoop.hbase.regionserver.SplitRequest: Running rollback/cleanup of failed split of ufdr,011365398471659,1337823505339.bd1079bf948c672e493432020dc0e144.; Failed create of ephemeral /hbase/unassigned/bd1079bf948c672e493432020dc0e144"}, "traces": {"3": "         at org.apache.hadoop.hbase.regionserver.SplitTransaction.createDaughters(SplitTransaction.java:242)", "4": "         at org.apache.hadoop.hbase.regionserver.SplitTransaction.execute(SplitTransaction.java:450)", "5": "         at org.apache.hadoop.hbase.regionserver.SplitRequest.run(SplitRequest.java:67)", "10": "         at org.apache.zookeeper.KeeperException.create(KeeperException.java:115)", "11": "         at org.apache.zookeeper.KeeperException.create(KeeperException.java:51)", "12": "         at org.apache.zookeeper.ZooKeeper.setData(ZooKeeper.java:1246)", "13": "         at org.apache.hadoop.hbase.zookeeper.RecoverableZooKeeper.setData(RecoverableZooKeeper.java:321)", "14": "         at org.apache.hadoop.hbase.zookeeper.ZKUtil.setData(ZKUtil.java:659)", "15": "         at org.apache.hadoop.hbase.zookeeper.ZKAssign.transitionNode(ZKAssign.java:811)", "16": "         at org.apache.hadoop.hbase.zookeeper.ZKAssign.transitionNode(ZKAssign.java:747)", "17": "         at org.apache.hadoop.hbase.regionserver.SplitTransaction.transitionNodeSplitting(SplitTransaction.java:919)", "18": "         at org.apache.hadoop.hbase.regionserver.SplitTransaction.createNodeSplitting(SplitTransaction.java:869)", "19": "         at org.apache.hadoop.hbase.regionserver.SplitTransaction.createDaughters(SplitTransaction.java:239)", "26": "         at org.apache.hadoop.hbase.regionserver.SplitTransaction.createNodeSplitting(SplitTransaction.java:865)", "27": "         at org.apache.hadoop.hbase.regionserver.SplitTransaction.createDaughters(SplitTransaction.java:239)", "28": "         at org.apache.hadoop.hbase.regionserver.SplitTransaction.execute(SplitTransaction.java:450)", "29": "         at org.apache.hadoop.hbase.regionserver.SplitRequest.run(SplitRequest.java:67)"}, "parsed_logs": {"0": {"class": "org.apache.hadoop.hbase.regionserver.wal.HLog", "method": "cleanupCurrentWriter", "line_number": "", "message": "waiting for transactions to get synced  total 189377 synced till here 189365"}, "1": {"class": "org.apache.hadoop.hbase.regionserver.SplitRequest", "method": "", "line_number": "", "message": "Running rollback/cleanup of failed split of ufdr,011365398471659,1337823505339.bd1079bf948c672e493432020dc0e144.; Failed setting SPLITTING znode on ufdr,011365398471659,1337823505339.bd1079bf948c672e493432020dc0e144."}, "21": {"class": "org.apache.hadoop.hbase.regionserver.SplitRequest", "method": "", "line_number": "", "message": "Successful rollback of failed split of ufdr,011365398471659,1337823505339.bd1079bf948c672e493432020dc0e144."}, "23": {"class": "org.apache.hadoop.hbase.zookeeper.RecoverableZooKeeper", "method": "", "line_number": "", "message": "Node /hbase/unassigned/bd1079bf948c672e493432020dc0e144 already exists and this is not a retry"}, "24": {"class": "org.apache.hadoop.hbase.regionserver.SplitRequest", "method": "", "line_number": "", "message": "Running rollback/cleanup of failed split of ufdr,011365398471659,1337823505339.bd1079bf948c672e493432020dc0e144.; Failed create of ephemeral /hbase/unassigned/bd1079bf948c672e493432020dc0e144"}}, "parsed_traces": {"3": {"package_class": "org.apache.hadoop.hbase.regionserver.SplitTransaction", "method": "createDaughters", "file_name": "SplitTransaction.java", "line_number": 242}, "4": {"package_class": "org.apache.hadoop.hbase.regionserver.SplitTransaction", "method": "execute", "file_name": "SplitTransaction.java", "line_number": 450}, "5": {"package_class": "org.apache.hadoop.hbase.regionserver.SplitRequest", "method": "run", "file_name": "SplitRequest.java", "line_number": 67}, "10": {"package_class": "org.apache.zookeeper.KeeperException", "method": "create", "file_name": "KeeperException.java", "line_number": 115}, "11": {"package_class": "org.apache.zookeeper.KeeperException", "method": "create", "file_name": "KeeperException.java", "line_number": 51}, "12": {"package_class": "org.apache.zookeeper.ZooKeeper", "method": "setData", "file_name": "ZooKeeper.java", "line_number": 1246}, "13": {"package_class": "org.apache.hadoop.hbase.zookeeper.RecoverableZooKeeper", "method": "setData", "file_name": "RecoverableZooKeeper.java", "line_number": 321}, "14": {"package_class": "org.apache.hadoop.hbase.zookeeper.ZKUtil", "method": "setData", "file_name": "ZKUtil.java", "line_number": 659}, "15": {"package_class": "org.apache.hadoop.hbase.zookeeper.ZKAssign", "method": "transitionNode", "file_name": "ZKAssign.java", "line_number": 811}, "16": {"package_class": "org.apache.hadoop.hbase.zookeeper.ZKAssign", "method": "transitionNode", "file_name": "ZKAssign.java", "line_number": 747}, "17": {"package_class": "org.apache.hadoop.hbase.regionserver.SplitTransaction", "method": "transitionNodeSplitting", "file_name": "SplitTransaction.java", "line_number": 919}, "18": {"package_class": "org.apache.hadoop.hbase.regionserver.SplitTransaction", "method": "createNodeSplitting", "file_name": "SplitTransaction.java", "line_number": 869}, "19": {"package_class": "org.apache.hadoop.hbase.regionserver.SplitTransaction", "method": "createDaughters", "file_name": "SplitTransaction.java", "line_number": 239}, "26": {"package_class": "org.apache.hadoop.hbase.regionserver.SplitTransaction", "method": "createNodeSplitting", "file_name": "SplitTransaction.java", "line_number": 865}, "27": {"package_class": "org.apache.hadoop.hbase.regionserver.SplitTransaction", "method": "createDaughters", "file_name": "SplitTransaction.java", "line_number": 239}, "28": {"package_class": "org.apache.hadoop.hbase.regionserver.SplitTransaction", "method": "execute", "file_name": "SplitTransaction.java", "line_number": 450}, "29": {"package_class": "org.apache.hadoop.hbase.regionserver.SplitRequest", "method": "run", "file_name": "SplitRequest.java", "line_number": 67}}}}