{"bug_id": "hb-6299", "link": "https://issues.apache.org/jira/browse/HBASE-6299", "title": "RS starting region open while failing ack to HMaster.sendRegionOpen() causes inconsistency in HMaster's region state and a series of successive problems\n", "description": "HMaster tries to assign the region CDR_STATS_TRAFFIC to RS-006(8078)", "logs_traces": "2012-06-29 07:03:38,870 DEBUG org.apache.hadoop.hbase.master.AssignmentManager: Using pre-existing plan for region CDR_STATS_TRAFFIC,13184390567|20120508|17||2|3|913,1337256975556.b713fd655fa02395496c5a6e39ddf568.; plan=hri=CDR_STATS_TRAFFIC,13184390567|20120508|17||2|3|913,1337256975556.b713fd655fa02395496c5a6e39ddf568., src=swbss-hadoop-004,60020,1340890123243, dest=swbss-hadoop-006,60020,1340890678078\n\n2012-06-29 07:03:38,870 DEBUG org.apache.hadoop.hbase.master.AssignmentManager: Assigning region CDR_STATS_TRAFFIC,13184390567|20120508|17||2|3|913,1337256975556.b713fd655fa02395496c5a6e39ddf568. to swbss-hadoop-006,60020,1340890678078\n\n2012-06-29 07:03:38,870 DEBUG org.apache.hadoop.hbase.master.AssignmentManager: Handling transition=M_ZK_REGION_OFFLINE, server=swbss-hadoop-002:60000, region=b713fd655fa02395496c5a6e39ddf568\n\n2012-06-29 07:06:28,882 DEBUG org.apache.hadoop.hbase.master.AssignmentManager: Handling transition=RS_ZK_REGION_OPENING, server=swbss-hadoop-006,60020,1340890678078, region=b713fd655fa02395496c5a6e39ddf568\n\n2012-06-29 07:06:32,291 DEBUG org.apache.hadoop.hbase.master.AssignmentManager: Handling transition=RS_ZK_REGION_OPENING, server=swbss-hadoop-006,60020,1340890678078, region=b713fd655fa02395496c5a6e39ddf568\n\n2012-06-29 07:06:32,299 DEBUG org.apache.hadoop.hbase.master.AssignmentManager: Handling transition=RS_ZK_REGION_OPENED, server=swbss-hadoop-006,60020,1340890678078, region=b713fd655fa02395496c5a6e39ddf568\n\n2012-06-29 07:06:32,299 DEBUG org.apache.hadoop.hbase.master.handler.OpenedRegionHandler: Handling OPENED event for CDR_STATS_TRAFFIC,13184390567|20120508|17||2|3|913,1337256975556.b713fd655fa02395496c5a6e39ddf568. from serverName=swbss-hadoop-006,60020,1340890678078, load=(requests=518945, regions=575, usedHeap=15282, maxHeap=31301); deleting unassigned node\n\n2012-06-29 07:06:32,299 DEBUG org.apache.hadoop.hbase.zookeeper.ZKAssign: master:60000-0x2377fee2ae80007 Deleting existing unassigned node for b713fd655fa02395496c5a6e39ddf568 that is in expected state RS_ZK_REGION_OPENED\n\n2012-06-29 07:06:32,301 DEBUG org.apache.hadoop.hbase.zookeeper.ZKAssign: master:60000-0x2377fee2ae80007 Successfully deleted unassigned node for region b713fd655fa02395496c5a6e39ddf568 in expected state RS_ZK_REGION_OPENED\n\nHMaster has handled all the events from ZK successfully. When HMaster is processing RS_ZK_REGION_OPENED, it will call the OpenedRegionHandler and remove region state from RegionsInTransition(RIT, in HMaster\u2019s memory). Because the RS_ZK_REGION_OPENED indicates that the region is open on the specific RS successfully.\n\n2012-06-29 07:06:32,301 DEBUG org.apache.hadoop.hbase.master.handler.OpenedRegionHandler: The master has opened the region CDR_STATS_TRAFFIC,13184390567|20120508|17||2|3|913,1337256975556.b713fd655fa02395496c5a6e39ddf568. that was online on serverName=swbss-hadoop-006,60020,1340890678078, load=(requests=518945, regions=575, usedHeap=15282, maxHeap=31301)\n\n \n\nFor the first assign attempt, HMaster\u2019s ServerManager calls sendRegionOpen() (and it will call RS.openRegion()). However, due to the network problem, HMaster fails to receive the response for the openRegion() call, and the call times out. (This timeout is not the regionState timeout which is monitored by TimeoutMonitor)\n\n2012-06-29 07:07:41,140 WARN org.apache.hadoop.hbase.master.AssignmentManager: Failed assignment of CDR_STATS_TRAFFIC,13184390567|20120508|17||2|3|913,1337256975556.b713fd655fa02395496c5a6e39ddf568. to serverName=swbss-hadoop-006,60020,1340890678078, load=(requests=0, regions=575, usedHeap=0, maxHeap=0), trying to assign elsewhere instead; retry=0\n\njava.net.SocketTimeoutException: Call to /172.16.0.6:60020 failed on socket timeout exception: java.net.SocketTimeoutException: 120000 millis timeout while waiting for channel to be ready for read. ch : java.nio.channels.SocketChannel[connected local=/172.16.0.2:53765 remote=/172.16.0.6:60020]\n\n            at org.apache.hadoop.hbase.ipc.HBaseClient.wrapException(HBaseClient.java:805)\n\n            at org.apache.hadoop.hbase.ipc.HBaseClient.call(HBaseClient.java:778)\n\n            at org.apache.hadoop.hbase.ipc.HBaseRPC$Invoker.invoke(HBaseRPC.java:283)\n\n            at $Proxy8.openRegion(Unknown Source)\n\n            at org.apache.hadoop.hbase.master.ServerManager.sendRegionOpen(ServerManager.java:573)\n\n            at org.apache.hadoop.hbase.master.AssignmentManager.assign(AssignmentManager.java:1127)\n\n            at org.apache.hadoop.hbase.master.AssignmentManager.assign(AssignmentManager.java:912)\n\n            at org.apache.hadoop.hbase.master.AssignmentManager.assign(AssignmentManager.java:892)\n\n            at org.apache.hadoop.hbase.master.handler.ClosedRegionHandler.process(ClosedRegionHandler.java:92)\n\n            at org.apache.hadoop.hbase.executor.EventHandler.run(EventHandler.java:162)\n\n            at java.util.concurrent.ThreadPoolExecutor$Worker.runTask(ThreadPoolExecutor.java:886)\n\n            at java.util.concurrent.ThreadPoolExecutor$Worker.run(ThreadPoolExecutor.java:908)\n\n            at java.lang.Thread.run(Thread.java:662)\n\nCaused by: java.net.SocketTimeoutException: 120000 millis timeout while waiting for channel to be ready for read. ch : java.nio.channels.SocketChannel[connected local=/172.16.0.2:53765 remote=/172.16.0.6:60020]\n\n            at org.apache.hadoop.net.SocketIOWithTimeout.doIO(SocketIOWithTimeout.java:164)\n\n            at org.apache.hadoop.net.SocketInputStream.read(SocketInputStream.java:155)\n\n            at org.apache.hadoop.net.SocketInputStream.read(SocketInputStream.java:128)\n\n            at java.io.FilterInputStream.read(FilterInputStream.java:116)\n\n            at org.apache.hadoop.hbase.ipc.HBaseClient$Connection$PingInputStream.read(HBaseClient.java:301)\n\n            at java.io.BufferedInputStream.fill(BufferedInputStream.java:218)\n\n            at java.io.BufferedInputStream.read(BufferedInputStream.java:237)\n\n            at java.io.DataInputStream.readInt(DataInputStream.java:370)\n\n            at org.apache.hadoop.hbase.ipc.HBaseClient$Connection.receiveResponse(HBaseClient.java:541)\n\n            at org.apache.hadoop.hbase.ipc.HBaseClient$Connection.run(HBaseClient.java:479)\n\n \n\nHMaster attemps to assign for a second time, choosing another RS-164(6294).\n\n2012-06-29 07:07:41,142 DEBUG org.apache.hadoop.hbase.master.AssignmentManager: No previous transition plan was found (or we are ignoring an existing plan) for CDR_STATS_TRAFFIC,13184390567|20120508|17||2|3|913,1337256975556.b713fd655fa02395496c5a6e39ddf568. so generated a random one; hri=CDR_STATS_TRAFFIC,13184390567|20120508|17||2|3|913,1337256975556.b713fd655fa02395496c5a6e39ddf568., src=, dest=swbss-hadoop-164,60020,1340888346294; 15 (online=15, exclude=serverName=swbss-hadoop-006,60020,1340890678078, load=(requests=0, regions=575, usedHeap=0, maxHeap=0)) available servers\n\n2012-06-29 07:07:41,142 DEBUG org.apache.hadoop.hbase.zookeeper.ZKAssign: master:60000-0x2377fee2ae80007 Creating (or updating) unassigned node for b713fd655fa02395496c5a6e39ddf568 with OFFLINE state\n\n2012-06-29 07:07:41,145 DEBUG org.apache.hadoop.hbase.master.AssignmentManager: Using pre-existing plan for region CDR_STATS_TRAFFIC,13184390567|20120508|17||2|3|913,1337256975556.b713fd655fa02395496c5a6e39ddf568.; plan=hri=CDR_STATS_TRAFFIC,13184390567|20120508|17||2|3|913,1337256975556.b713fd655fa02395496c5a6e39ddf568., src=, dest=swbss-hadoop-164,60020,1340888346294\n\n2012-06-29 07:07:41,145 DEBUG org.apache.hadoop.hbase.master.AssignmentManager: Assigning region CDR_STATS_TRAFFIC,13184390567|20120508|17||2|3|913,1337256975556.b713fd655fa02395496c5a6e39ddf568. to swbss-hadoop-164,60020,1340888346294\n\n2012-06-29 07:07:41,149 DEBUG org.apache.hadoop.hbase.master.AssignmentManager: Handling transition=RS_ZK_REGION_OPENING, server=swbss-hadoop-164,60020,1340888346294, region=b713fd655fa02395496c5a6e39ddf568\n\n2012-06-29 07:07:41,150 WARN org.apache.hadoop.hbase.master.AssignmentManager: Received OPENING for region b713fd655fa02395496c5a6e39ddf568 from server swbss-hadoop-164,60020,1340888346294 but region was in  the state null and not in expected PENDING_OPEN or OPENING states\n\n2012-06-29 07:07:41,296 DEBUG org.apache.hadoop.hbase.master.AssignmentManager: Handling transition=RS_ZK_REGION_OPENING, server=swbss-hadoop-164,60020,1340888346294, region=b713fd655fa02395496c5a6e39ddf568\n\n2012-06-29 07:07:41,296 WARN org.apache.hadoop.hbase.master.AssignmentManager: Received OPENING for region b713fd655fa02395496c5a6e39ddf568 from server swbss-hadoop-164,60020,1340888346294 but region was in  the state null and not in expected PENDING_OPEN or OPENING states\n\n2012-06-29 07:07:41,302 DEBUG org.apache.hadoop.hbase.master.AssignmentManager: Handling transition=RS_ZK_REGION_OPENED, server=swbss-hadoop-164,60020,1340888346294, region=b713fd655fa02395496c5a6e39ddf568\n\n2012-06-29 07:07:41,302 WARN org.apache.hadoop.hbase.master.AssignmentManager: Received OPENED for region b713fd655fa02395496c5a6e39ddf568 from server swbss-hadoop-164,60020,1340888346294 but region was in  the state null and not in expected PENDING_OPEN or OPENING states\n\nSince the regionState in RIT is removed by the OpenedRegionHandler when the first assign finishes. HMaster fails to handle the transitions (RS_ZK_REGION_OPENING, RS_ZK_REGION_OPENED) from ZK, that is, it fails to update the regionState in RIT and ignores the transitions from znode(ZK).\n\nThen the HMaster\u2019s balancer triggers \u201cunassignment of region\u201d, which also fails.\n\n2012-06-29 07:08:38,872 INFO org.apache.hadoop.hbase.master.HMaster: balance hri=CDR_STATS_TRAFFIC,13184390567|20120508|17||2|3|913,1337256975556.b713fd655fa02395496c5a6e39ddf568., src=swbss-hadoop-006,60020,1340890678078, dest=swbss-hadoop-008,60020,1340891085175\n\n2012-06-29 07:08:38,872 DEBUG org.apache.hadoop.hbase.master.AssignmentManager: Starting unassignment of region CDR_STATS_TRAFFIC,13184390567|20120508|17||2|3|913,1337256975556.b713fd655fa02395496c5a6e39ddf568. (offlining)\n\n2012-06-29 07:08:47,875 DEBUG org.apache.hadoop.hbase.master.AssignmentManager: Sent CLOSE to serverName=swbss-hadoop-006,60020,1340890678078, load=(requests=0, regions=0, usedHeap=0, maxHeap=0) for region CDR_STATS_TRAFFIC,13184390567|20120508|17||2|3|913,1337256975556.b713fd655fa02395496c5a6e39ddf568.\n\n...\n\n2012-06-29 08:04:37,681 INFO org.apache.hadoop.hbase.master.AssignmentManager: Regions in transition timed out:  CDR_STATS_TRAFFIC,13184390567|20120508|17||2|3|913,1337256975556.b713fd655fa02395496c5a6e39ddf568. state=PENDING_CLOSE, ts=1340926468331, server=null\n\n2012-06-29 08:04:37,681 INFO org.apache.hadoop.hbase.master.AssignmentManager: Region has been PENDING_CLOSE for too long, running forced unassign again on region=CDR_STATS_TRAFFIC,13184390567|20120508|17||2|3|913,1337256975556.b713fd655fa02395496c5a6e39ddf568.\n\n2012-06-29 08:04:47,681 INFO org.apache.hadoop.hbase.master.AssignmentManager: Regions in transition timed out:  CDR_STATS_TRAFFIC,13184390567|20120508|17||2|3|913,1337256975556.b713fd655fa02395496c5a6e39ddf568. state=PENDING_CLOSE, ts=1340926468331, server=null\n\n2012-06-29 08:04:47,682 INFO org.apache.hadoop.hbase.master.AssignmentManager: Region has been PENDING_CLOSE for too long, running forced unassign again on region=CDR_STATS_TRAFFIC,13184390567|20120508|17||2|3|913,1337256975556.b713fd655fa02395496c5a6e39ddf568.", "parsed_logs_traces": {"logs": {"0": "2012-06-29 07:03:38,870 DEBUG org.apache.hadoop.hbase.master.AssignmentManager: Using pre-existing plan for region CDR_STATS_TRAFFIC,13184390567|20120508|17||2|3|913,1337256975556.b713fd655fa02395496c5a6e39ddf568.; plan=hri=CDR_STATS_TRAFFIC,13184390567|20120508|17||2|3|913,1337256975556.b713fd655fa02395496c5a6e39ddf568., src=swbss-hadoop-004,60020,1340890123243, dest=swbss-hadoop-006,60020,1340890678078", "1": "2012-06-29 07:03:38,870 DEBUG org.apache.hadoop.hbase.master.AssignmentManager: Assigning region CDR_STATS_TRAFFIC,13184390567|20120508|17||2|3|913,1337256975556.b713fd655fa02395496c5a6e39ddf568. to swbss-hadoop-006,60020,1340890678078", "2": "2012-06-29 07:03:38,870 DEBUG org.apache.hadoop.hbase.master.AssignmentManager: Handling transition=M_ZK_REGION_OFFLINE, server=swbss-hadoop-002:60000, region=b713fd655fa02395496c5a6e39ddf568", "3": "2012-06-29 07:06:28,882 DEBUG org.apache.hadoop.hbase.master.AssignmentManager: Handling transition=RS_ZK_REGION_OPENING, server=swbss-hadoop-006,60020,1340890678078, region=b713fd655fa02395496c5a6e39ddf568", "4": "2012-06-29 07:06:32,291 DEBUG org.apache.hadoop.hbase.master.AssignmentManager: Handling transition=RS_ZK_REGION_OPENING, server=swbss-hadoop-006,60020,1340890678078, region=b713fd655fa02395496c5a6e39ddf568", "5": "2012-06-29 07:06:32,299 DEBUG org.apache.hadoop.hbase.master.AssignmentManager: Handling transition=RS_ZK_REGION_OPENED, server=swbss-hadoop-006,60020,1340890678078, region=b713fd655fa02395496c5a6e39ddf568", "6": "2012-06-29 07:06:32,299 DEBUG org.apache.hadoop.hbase.master.handler.OpenedRegionHandler: Handling OPENED event for CDR_STATS_TRAFFIC,13184390567|20120508|17||2|3|913,1337256975556.b713fd655fa02395496c5a6e39ddf568. from serverName=swbss-hadoop-006,60020,1340890678078, load=(requests=518945, regions=575, usedHeap=15282, maxHeap=31301); deleting unassigned node", "7": "2012-06-29 07:06:32,299 DEBUG org.apache.hadoop.hbase.zookeeper.ZKAssign: master:60000-0x2377fee2ae80007 Deleting existing unassigned node for b713fd655fa02395496c5a6e39ddf568 that is in expected state RS_ZK_REGION_OPENED", "8": "2012-06-29 07:06:32,301 DEBUG org.apache.hadoop.hbase.zookeeper.ZKAssign: master:60000-0x2377fee2ae80007 Successfully deleted unassigned node for region b713fd655fa02395496c5a6e39ddf568 in expected state RS_ZK_REGION_OPENED", "10": "2012-06-29 07:06:32,301 DEBUG org.apache.hadoop.hbase.master.handler.OpenedRegionHandler: The master has opened the region CDR_STATS_TRAFFIC,13184390567|20120508|17||2|3|913,1337256975556.b713fd655fa02395496c5a6e39ddf568. that was online on serverName=swbss-hadoop-006,60020,1340890678078, load=(requests=518945, regions=575, usedHeap=15282, maxHeap=31301)", "12": "2012-06-29 07:07:41,140 WARN org.apache.hadoop.hbase.master.AssignmentManager: Failed assignment of CDR_STATS_TRAFFIC,13184390567|20120508|17||2|3|913,1337256975556.b713fd655fa02395496c5a6e39ddf568. to serverName=swbss-hadoop-006,60020,1340890678078, load=(requests=0, regions=575, usedHeap=0, maxHeap=0), trying to assign elsewhere instead; retry=0", "39": "2012-06-29 07:07:41,142 DEBUG org.apache.hadoop.hbase.master.AssignmentManager: No previous transition plan was found (or we are ignoring an existing plan) for CDR_STATS_TRAFFIC,13184390567|20120508|17||2|3|913,1337256975556.b713fd655fa02395496c5a6e39ddf568. so generated a random one; hri=CDR_STATS_TRAFFIC,13184390567|20120508|17||2|3|913,1337256975556.b713fd655fa02395496c5a6e39ddf568., src=, dest=swbss-hadoop-164,60020,1340888346294; 15 (online=15, exclude=serverName=swbss-hadoop-006,60020,1340890678078, load=(requests=0, regions=575, usedHeap=0, maxHeap=0)) available servers", "40": "2012-06-29 07:07:41,142 DEBUG org.apache.hadoop.hbase.zookeeper.ZKAssign: master:60000-0x2377fee2ae80007 Creating (or updating) unassigned node for b713fd655fa02395496c5a6e39ddf568 with OFFLINE state", "41": "2012-06-29 07:07:41,145 DEBUG org.apache.hadoop.hbase.master.AssignmentManager: Using pre-existing plan for region CDR_STATS_TRAFFIC,13184390567|20120508|17||2|3|913,1337256975556.b713fd655fa02395496c5a6e39ddf568.; plan=hri=CDR_STATS_TRAFFIC,13184390567|20120508|17||2|3|913,1337256975556.b713fd655fa02395496c5a6e39ddf568., src=, dest=swbss-hadoop-164,60020,1340888346294", "42": "2012-06-29 07:07:41,145 DEBUG org.apache.hadoop.hbase.master.AssignmentManager: Assigning region CDR_STATS_TRAFFIC,13184390567|20120508|17||2|3|913,1337256975556.b713fd655fa02395496c5a6e39ddf568. to swbss-hadoop-164,60020,1340888346294", "43": "2012-06-29 07:07:41,149 DEBUG org.apache.hadoop.hbase.master.AssignmentManager: Handling transition=RS_ZK_REGION_OPENING, server=swbss-hadoop-164,60020,1340888346294, region=b713fd655fa02395496c5a6e39ddf568", "44": "2012-06-29 07:07:41,150 WARN org.apache.hadoop.hbase.master.AssignmentManager: Received OPENING for region b713fd655fa02395496c5a6e39ddf568 from server swbss-hadoop-164,60020,1340888346294 but region was in  the state null and not in expected PENDING_OPEN or OPENING states", "45": "2012-06-29 07:07:41,296 DEBUG org.apache.hadoop.hbase.master.AssignmentManager: Handling transition=RS_ZK_REGION_OPENING, server=swbss-hadoop-164,60020,1340888346294, region=b713fd655fa02395496c5a6e39ddf568", "46": "2012-06-29 07:07:41,296 WARN org.apache.hadoop.hbase.master.AssignmentManager: Received OPENING for region b713fd655fa02395496c5a6e39ddf568 from server swbss-hadoop-164,60020,1340888346294 but region was in  the state null and not in expected PENDING_OPEN or OPENING states", "47": "2012-06-29 07:07:41,302 DEBUG org.apache.hadoop.hbase.master.AssignmentManager: Handling transition=RS_ZK_REGION_OPENED, server=swbss-hadoop-164,60020,1340888346294, region=b713fd655fa02395496c5a6e39ddf568", "48": "2012-06-29 07:07:41,302 WARN org.apache.hadoop.hbase.master.AssignmentManager: Received OPENED for region b713fd655fa02395496c5a6e39ddf568 from server swbss-hadoop-164,60020,1340888346294 but region was in  the state null and not in expected PENDING_OPEN or OPENING states", "51": "2012-06-29 07:08:38,872 INFO org.apache.hadoop.hbase.master.HMaster: balance hri=CDR_STATS_TRAFFIC,13184390567|20120508|17||2|3|913,1337256975556.b713fd655fa02395496c5a6e39ddf568., src=swbss-hadoop-006,60020,1340890678078, dest=swbss-hadoop-008,60020,1340891085175", "52": "2012-06-29 07:08:38,872 DEBUG org.apache.hadoop.hbase.master.AssignmentManager: Starting unassignment of region CDR_STATS_TRAFFIC,13184390567|20120508|17||2|3|913,1337256975556.b713fd655fa02395496c5a6e39ddf568. (offlining)", "53": "2012-06-29 07:08:47,875 DEBUG org.apache.hadoop.hbase.master.AssignmentManager: Sent CLOSE to serverName=swbss-hadoop-006,60020,1340890678078, load=(requests=0, regions=0, usedHeap=0, maxHeap=0) for region CDR_STATS_TRAFFIC,13184390567|20120508|17||2|3|913,1337256975556.b713fd655fa02395496c5a6e39ddf568.", "55": "2012-06-29 08:04:37,681 INFO org.apache.hadoop.hbase.master.AssignmentManager: Regions in transition timed out:  CDR_STATS_TRAFFIC,13184390567|20120508|17||2|3|913,1337256975556.b713fd655fa02395496c5a6e39ddf568. state=PENDING_CLOSE, ts=1340926468331, server=null", "56": "2012-06-29 08:04:37,681 INFO org.apache.hadoop.hbase.master.AssignmentManager: Region has been PENDING_CLOSE for too long, running forced unassign again on region=CDR_STATS_TRAFFIC,13184390567|20120508|17||2|3|913,1337256975556.b713fd655fa02395496c5a6e39ddf568.", "57": "2012-06-29 08:04:47,681 INFO org.apache.hadoop.hbase.master.AssignmentManager: Regions in transition timed out:  CDR_STATS_TRAFFIC,13184390567|20120508|17||2|3|913,1337256975556.b713fd655fa02395496c5a6e39ddf568. state=PENDING_CLOSE, ts=1340926468331, server=null", "58": "2012-06-29 08:04:47,682 INFO org.apache.hadoop.hbase.master.AssignmentManager: Region has been PENDING_CLOSE for too long, running forced unassign again on region=CDR_STATS_TRAFFIC,13184390567|20120508|17||2|3|913,1337256975556.b713fd655fa02395496c5a6e39ddf568."}, "traces": {"14": "            at org.apache.hadoop.hbase.ipc.HBaseClient.wrapException(HBaseClient.java:805)", "15": "            at org.apache.hadoop.hbase.ipc.HBaseClient.call(HBaseClient.java:778)", "16": "            at org.apache.hadoop.hbase.ipc.HBaseRPC$Invoker.invoke(HBaseRPC.java:283)", "18": "            at org.apache.hadoop.hbase.master.ServerManager.sendRegionOpen(ServerManager.java:573)", "19": "            at org.apache.hadoop.hbase.master.AssignmentManager.assign(AssignmentManager.java:1127)", "20": "            at org.apache.hadoop.hbase.master.AssignmentManager.assign(AssignmentManager.java:912)", "21": "            at org.apache.hadoop.hbase.master.AssignmentManager.assign(AssignmentManager.java:892)", "22": "            at org.apache.hadoop.hbase.master.handler.ClosedRegionHandler.process(ClosedRegionHandler.java:92)", "23": "            at org.apache.hadoop.hbase.executor.EventHandler.run(EventHandler.java:162)", "28": "            at org.apache.hadoop.net.SocketIOWithTimeout.doIO(SocketIOWithTimeout.java:164)", "29": "            at org.apache.hadoop.net.SocketInputStream.read(SocketInputStream.java:155)", "30": "            at org.apache.hadoop.net.SocketInputStream.read(SocketInputStream.java:128)", "32": "            at org.apache.hadoop.hbase.ipc.HBaseClient$Connection$PingInputStream.read(HBaseClient.java:301)", "36": "            at org.apache.hadoop.hbase.ipc.HBaseClient$Connection.receiveResponse(HBaseClient.java:541)", "37": "            at org.apache.hadoop.hbase.ipc.HBaseClient$Connection.run(HBaseClient.java:479)"}, "parsed_logs": {"0": {"class": "org.apache.hadoop.hbase.master.AssignmentManager", "method": "", "line_number": "", "message": "Using pre-existing plan for region CDR_STATS_TRAFFIC,13184390567|20120508|17||2|3|913,1337256975556.b713fd655fa02395496c5a6e39ddf568.; plan=hri=CDR_STATS_TRAFFIC,13184390567|20120508|17||2|3|913,1337256975556.b713fd655fa02395496c5a6e39ddf568., src=swbss-hadoop-004,60020,1340890123243, dest=swbss-hadoop-006,60020,1340890678078"}, "1": {"class": "org.apache.hadoop.hbase.master.AssignmentManager", "method": "", "line_number": "", "message": "Assigning region CDR_STATS_TRAFFIC,13184390567|20120508|17||2|3|913,1337256975556.b713fd655fa02395496c5a6e39ddf568. to swbss-hadoop-006,60020,1340890678078"}, "2": {"class": "org.apache.hadoop.hbase.master.AssignmentManager", "method": "", "line_number": "", "message": "Handling transition=M_ZK_REGION_OFFLINE, server=swbss-hadoop-002:60000, region=b713fd655fa02395496c5a6e39ddf568"}, "3": {"class": "org.apache.hadoop.hbase.master.AssignmentManager", "method": "", "line_number": "", "message": "Handling transition=RS_ZK_REGION_OPENING, server=swbss-hadoop-006,60020,1340890678078, region=b713fd655fa02395496c5a6e39ddf568"}, "4": {"class": "org.apache.hadoop.hbase.master.AssignmentManager", "method": "", "line_number": "", "message": "Handling transition=RS_ZK_REGION_OPENING, server=swbss-hadoop-006,60020,1340890678078, region=b713fd655fa02395496c5a6e39ddf568"}, "5": {"class": "org.apache.hadoop.hbase.master.AssignmentManager", "method": "", "line_number": "", "message": "Handling transition=RS_ZK_REGION_OPENED, server=swbss-hadoop-006,60020,1340890678078, region=b713fd655fa02395496c5a6e39ddf568"}, "6": {"class": "org.apache.hadoop.hbase.master.handler.OpenedRegionHandler", "method": "", "line_number": "", "message": "Handling OPENED event for CDR_STATS_TRAFFIC,13184390567|20120508|17||2|3|913,1337256975556.b713fd655fa02395496c5a6e39ddf568. from serverName=swbss-hadoop-006,60020,1340890678078, load=(requests=518945, regions=575, usedHeap=15282, maxHeap=31301); deleting unassigned node"}, "7": {"class": "org.apache.hadoop.hbase.zookeeper.ZKAssign", "method": "", "line_number": "", "message": "master:60000-0x2377fee2ae80007 Deleting existing unassigned node for b713fd655fa02395496c5a6e39ddf568 that is in expected state RS_ZK_REGION_OPENED"}, "8": {"class": "org.apache.hadoop.hbase.zookeeper.ZKAssign", "method": "", "line_number": "", "message": "master:60000-0x2377fee2ae80007 Successfully deleted unassigned node for region b713fd655fa02395496c5a6e39ddf568 in expected state RS_ZK_REGION_OPENED"}, "10": {"class": "org.apache.hadoop.hbase.master.handler.OpenedRegionHandler", "method": "", "line_number": "", "message": "The master has opened the region CDR_STATS_TRAFFIC,13184390567|20120508|17||2|3|913,1337256975556.b713fd655fa02395496c5a6e39ddf568. that was online on serverName=swbss-hadoop-006,60020,1340890678078, load=(requests=518945, regions=575, usedHeap=15282, maxHeap=31301)"}, "12": {"class": "org.apache.hadoop.hbase.master.AssignmentManager", "method": "", "line_number": "", "message": "Failed assignment of CDR_STATS_TRAFFIC,13184390567|20120508|17||2|3|913,1337256975556.b713fd655fa02395496c5a6e39ddf568. to serverName=swbss-hadoop-006,60020,1340890678078, load=(requests=0, regions=575, usedHeap=0, maxHeap=0), trying to assign elsewhere instead; retry=0"}, "39": {"class": "org.apache.hadoop.hbase.master.AssignmentManager", "method": "", "line_number": "", "message": "No previous transition plan was found (or we are ignoring an existing plan) for CDR_STATS_TRAFFIC,13184390567|20120508|17||2|3|913,1337256975556.b713fd655fa02395496c5a6e39ddf568. so generated a random one; hri=CDR_STATS_TRAFFIC,13184390567|20120508|17||2|3|913,1337256975556.b713fd655fa02395496c5a6e39ddf568., src=, dest=swbss-hadoop-164,60020,1340888346294; 15 (online=15, exclude=serverName=swbss-hadoop-006,60020,1340890678078, load=(requests=0, regions=575, usedHeap=0, maxHeap=0)) available servers"}, "40": {"class": "org.apache.hadoop.hbase.zookeeper.ZKAssign", "method": "", "line_number": "", "message": "master:60000-0x2377fee2ae80007 Creating (or updating) unassigned node for b713fd655fa02395496c5a6e39ddf568 with OFFLINE state"}, "41": {"class": "org.apache.hadoop.hbase.master.AssignmentManager", "method": "", "line_number": "", "message": "Using pre-existing plan for region CDR_STATS_TRAFFIC,13184390567|20120508|17||2|3|913,1337256975556.b713fd655fa02395496c5a6e39ddf568.; plan=hri=CDR_STATS_TRAFFIC,13184390567|20120508|17||2|3|913,1337256975556.b713fd655fa02395496c5a6e39ddf568., src=, dest=swbss-hadoop-164,60020,1340888346294"}, "42": {"class": "org.apache.hadoop.hbase.master.AssignmentManager", "method": "", "line_number": "", "message": "Assigning region CDR_STATS_TRAFFIC,13184390567|20120508|17||2|3|913,1337256975556.b713fd655fa02395496c5a6e39ddf568. to swbss-hadoop-164,60020,1340888346294"}, "43": {"class": "org.apache.hadoop.hbase.master.AssignmentManager", "method": "", "line_number": "", "message": "Handling transition=RS_ZK_REGION_OPENING, server=swbss-hadoop-164,60020,1340888346294, region=b713fd655fa02395496c5a6e39ddf568"}, "44": {"class": "org.apache.hadoop.hbase.master.AssignmentManager", "method": "", "line_number": "", "message": "Received OPENING for region b713fd655fa02395496c5a6e39ddf568 from server swbss-hadoop-164,60020,1340888346294 but region was in the state null and not in expected PENDING_OPEN or OPENING states"}, "45": {"class": "org.apache.hadoop.hbase.master.AssignmentManager", "method": "", "line_number": "", "message": "Handling transition=RS_ZK_REGION_OPENING, server=swbss-hadoop-164,60020,1340888346294, region=b713fd655fa02395496c5a6e39ddf568"}, "46": {"class": "org.apache.hadoop.hbase.master.AssignmentManager", "method": "", "line_number": "", "message": "Received OPENING for region b713fd655fa02395496c5a6e39ddf568 from server swbss-hadoop-164,60020,1340888346294 but region was in the state null and not in expected PENDING_OPEN or OPENING states"}, "47": {"class": "org.apache.hadoop.hbase.master.AssignmentManager", "method": "", "line_number": "", "message": "Handling transition=RS_ZK_REGION_OPENED, server=swbss-hadoop-164,60020,1340888346294, region=b713fd655fa02395496c5a6e39ddf568"}, "48": {"class": "org.apache.hadoop.hbase.master.AssignmentManager", "method": "", "line_number": "", "message": "Received OPENED for region b713fd655fa02395496c5a6e39ddf568 from server swbss-hadoop-164,60020,1340888346294 but region was in the state null and not in expected PENDING_OPEN or OPENING states"}, "51": {"class": "org.apache.hadoop.hbase.master.HMaster", "method": "balance", "line_number": "", "message": "hri=CDR_STATS_TRAFFIC,13184390567|20120508|17||2|3|913,1337256975556.b713fd655fa02395496c5a6e39ddf568., src=swbss-hadoop-006,60020,1340890678078, dest=swbss-hadoop-008,60020,1340891085175"}, "52": {"class": "org.apache.hadoop.hbase.master.AssignmentManager", "method": "", "line_number": "", "message": "Starting unassignment of region CDR_STATS_TRAFFIC,13184390567|20120508|17||2|3|913,1337256975556.b713fd655fa02395496c5a6e39ddf568. (offlining)"}, "53": {"class": "org.apache.hadoop.hbase.master.AssignmentManager", "method": "", "line_number": "", "message": "Sent CLOSE to serverName=swbss-hadoop-006,60020,1340890678078, load=(requests=0, regions=0, usedHeap=0, maxHeap=0) for region CDR_STATS_TRAFFIC,13184390567|20120508|17||2|3|913,1337256975556.b713fd655fa02395496c5a6e39ddf568."}, "55": {"class": "org.apache.hadoop.hbase.master.AssignmentManager", "method": "", "line_number": "", "message": "Regions in transition timed out:  CDR_STATS_TRAFFIC,13184390567|20120508|17||2|3|913,1337256975556.b713fd655fa02395496c5a6e39ddf568. state=PENDING_CLOSE, ts=1340926468331, server=null"}, "56": {"class": "org.apache.hadoop.hbase.master.AssignmentManager", "method": "", "line_number": "", "message": "Region has been PENDING_CLOSE for too long, running forced unassign again on region=CDR_STATS_TRAFFIC,13184390567|20120508|17||2|3|913,1337256975556.b713fd655fa02395496c5a6e39ddf568."}, "57": {"class": "org.apache.hadoop.hbase.master.AssignmentManager", "method": "", "line_number": "", "message": "Regions in transition timed out:  CDR_STATS_TRAFFIC,13184390567|20120508|17||2|3|913,1337256975556.b713fd655fa02395496c5a6e39ddf568. state=PENDING_CLOSE, ts=1340926468331, server=null"}, "58": {"class": "org.apache.hadoop.hbase.master.AssignmentManager", "method": "", "line_number": "", "message": "Region has been PENDING_CLOSE for too long, running forced unassign again on region=CDR_STATS_TRAFFIC,13184390567|20120508|17||2|3|913,1337256975556.b713fd655fa02395496c5a6e39ddf568."}}, "parsed_traces": {"14": {"package_class": "org.apache.hadoop.hbase.ipc.HBaseClient", "method": "wrapException", "file_name": "HBaseClient.java", "line_number": 805}, "15": {"package_class": "org.apache.hadoop.hbase.ipc.HBaseClient", "method": "call", "file_name": "HBaseClient.java", "line_number": 778}, "16": {"package_class": "org.apache.hadoop.hbase.ipc.HBaseRPC$Invoker", "method": "invoke", "file_name": "HBaseRPC.java", "line_number": 283}, "18": {"package_class": "org.apache.hadoop.hbase.master.ServerManager", "method": "sendRegionOpen", "file_name": "ServerManager.java", "line_number": 573}, "19": {"package_class": "org.apache.hadoop.hbase.master.AssignmentManager", "method": "assign", "file_name": "AssignmentManager.java", "line_number": 1127}, "20": {"package_class": "org.apache.hadoop.hbase.master.AssignmentManager", "method": "assign", "file_name": "AssignmentManager.java", "line_number": 912}, "21": {"package_class": "org.apache.hadoop.hbase.master.AssignmentManager", "method": "assign", "file_name": "AssignmentManager.java", "line_number": 892}, "22": {"package_class": "org.apache.hadoop.hbase.master.handler.ClosedRegionHandler", "method": "process", "file_name": "ClosedRegionHandler.java", "line_number": 92}, "23": {"package_class": "org.apache.hadoop.hbase.executor.EventHandler", "method": "run", "file_name": "EventHandler.java", "line_number": 162}, "28": {"package_class": "org.apache.hadoop.net.SocketIOWithTimeout", "method": "doIO", "file_name": "SocketIOWithTimeout.java", "line_number": 164}, "29": {"package_class": "org.apache.hadoop.net.SocketInputStream", "method": "read", "file_name": "SocketInputStream.java", "line_number": 155}, "30": {"package_class": "org.apache.hadoop.net.SocketInputStream", "method": "read", "file_name": "SocketInputStream.java", "line_number": 128}, "32": {"package_class": "org.apache.hadoop.hbase.ipc.HBaseClient$Connection$PingInputStream", "method": "read", "file_name": "HBaseClient.java", "line_number": 301}, "36": {"package_class": "org.apache.hadoop.hbase.ipc.HBaseClient$Connection", "method": "receiveResponse", "file_name": "HBaseClient.java", "line_number": 541}, "37": {"package_class": "org.apache.hadoop.hbase.ipc.HBaseClient$Connection", "method": "run", "file_name": "HBaseClient.java", "line_number": 479}}}}