{"bug_id": "hb-7504", "link": "https://issues.apache.org/jira/browse/HBASE-7504", "title": "  -ROOT- may be offline forever after FullGC of RS (Bug; Major)\n", "description": "Description:  \n\n1. FullGC happens on ROOT regionserver.\n\n2. ZK session timeout, master expires the RegionServer and submits to ServerShutdownHandler\n\n3. RegionServer completes the FullGC\n\n4. In the process of ServerShutdownHandler, verifyRootRegionLocation returns true\n\n5. ServerShutdownHandler skips assigning ROOT region\n\n6. RegionServer aborts itself because it receives YouAreDeadException after a RegionServer report\n\n7. ROOT is offline now, and won't be assigned any more unless we restart master\n\nHMaster log:  HMaster calls ServerShutdownHandler to process the RS.        ", "logs_traces": "2012-10-31 19:51:39,043 DEBUG org.apache.hadoop.hbase.master.ServerManager: Added=dw88.kgb.sqa.cm4,60020,1351671478752 to dead servers, submitted shutdown handler to be executed, root=true, meta=false\n\n2012-10-31 19:51:39,045 INFO org.apache.hadoop.hbase.master.handler.ServerShutdownHandler: Splitting logs for dw88.kgb.sqa.cm4,60020,1351671478752\n\n2012-10-31 19:51:50,113 INFO org.apache.hadoop.hbase.master.handler.ServerShutdownHandler: Server dw88.kgb.sqa.cm4,60020,1351671478752 was carrying ROOT. Trying to assign.\n\n2012-10-31 19:52:15,939 DEBUG org.apache.hadoop.hbase.master.ServerManager: Server REPORT rejected; currently processing dw88.kgb.sqa.cm4,60020,1351671478752 as dead server\n\n2012-10-31 19:52:15,945 INFO org.apache.hadoop.hbase.master.handler.ServerShutdownHandler: Skipping log splitting for dw88.kgb.sqa.cm4,60020,1351671478752\n\nRegionServer log:  RS finishes full GC and will resume.\n\n2012-10-31 19:52:15,923 WARN org.apache.hadoop.hbase.util.Sleeper: We slept 229128ms instead of 100000ms, this is likely due to a long garbage collecting pause and it's usually bad, see http://hbase.apache.org/book.html#trouble.rs.runtime.zkexpired\n\nAfter this, RS will send report to HMaster, but receives \u201cYouAreDeadException\u201d and aborts itself. (there will be FATAL log when RS aborts)", "parsed_logs_traces": {"logs": {"0": "2012-10-31 19:51:39,043 DEBUG org.apache.hadoop.hbase.master.ServerManager: Added=dw88.kgb.sqa.cm4,60020,1351671478752 to dead servers, submitted shutdown handler to be executed, root=true, meta=false", "1": "2012-10-31 19:51:39,045 INFO org.apache.hadoop.hbase.master.handler.ServerShutdownHandler: Splitting logs for dw88.kgb.sqa.cm4,60020,1351671478752", "2": "2012-10-31 19:51:50,113 INFO org.apache.hadoop.hbase.master.handler.ServerShutdownHandler: Server dw88.kgb.sqa.cm4,60020,1351671478752 was carrying ROOT. Trying to assign.", "3": "2012-10-31 19:52:15,939 DEBUG org.apache.hadoop.hbase.master.ServerManager: Server REPORT rejected; currently processing dw88.kgb.sqa.cm4,60020,1351671478752 as dead server", "4": "2012-10-31 19:52:15,945 INFO org.apache.hadoop.hbase.master.handler.ServerShutdownHandler: Skipping log splitting for dw88.kgb.sqa.cm4,60020,1351671478752", "6": "2012-10-31 19:52:15,923 WARN org.apache.hadoop.hbase.util.Sleeper: We slept 229128ms instead of 100000ms, this is likely due to a long garbage collecting pause and it's usually bad, see http://hbase.apache.org/book.html#trouble.rs.runtime.zkexpired", "7": "After this, RS will send report to HMaster, but receives \u201cYouAreDeadException\u201d and aborts itself. (there will be FATAL log when RS aborts)"}, "traces": {}, "parsed_logs": {"0": {"class": "org.apache.hadoop.hbase.master.ServerManager", "method": "", "line_number": "", "message": "Added=dw88.kgb.sqa.cm4,60020,1351671478752 to dead servers, submitted shutdown handler to be executed, root=true, meta=false"}, "1": {"class": "org.apache.hadoop.hbase.master.handler.ServerShutdownHandler", "method": "", "line_number": "", "message": "Splitting logs for dw88.kgb.sqa.cm4,60020,1351671478752"}, "2": {"class": "org.apache.hadoop.hbase.master.handler.ServerShutdownHandler", "method": "", "line_number": "", "message": "Server dw88.kgb.sqa.cm4,60020,1351671478752 was carrying ROOT. Trying to assign."}, "3": {"class": "org.apache.hadoop.hbase.master.ServerManager", "method": "", "line_number": "", "message": "Server REPORT rejected; currently processing dw88.kgb.sqa.cm4,60020,1351671478752 as dead server"}, "4": {"class": "org.apache.hadoop.hbase.master.handler.ServerShutdownHandler", "method": "", "line_number": "", "message": "Skipping log splitting for dw88.kgb.sqa.cm4,60020,1351671478752"}, "6": {"class": "org.apache.hadoop.hbase.util.Sleeper", "method": "", "line_number": "", "message": "We slept 229128ms instead of 100000ms, this is likely due to a long garbage collecting pause and it's usually bad, see http://hbase.apache.org/book.html#trouble.rs.runtime.zkexpired"}, "7": {"class": "", "method": "", "line_number": "", "message": "After this, RS will send report to HMaster, but receives \u201cYouAreDeadException\u201d and aborts itself. (there will be FATAL log when RS aborts)"}}, "parsed_traces": {}}}