{"bug_id": "hb-9821", "link": "https://issues.apache.org/jira/browse/HBASE-9821", "title": "Scanner id could collide\n", "description": "HBase Client (client-side)            HRegionServer (server-side)\n\n", "logs_traces": "The client uses scanner to access the data on HRegionServer (RS) through the RPC communication. RS will assign a unique scanner id for the client. To make sure the data got from RS is complete, both client and RS will maintain a field \u201cnextCallSeq\u201d. The client and RS will use \u201cnextCallSeq\u201d to verify the data sequence number.\n\n\u201cWhen a region server restarts quickly, we could run into some scanner id collision issue. In one of my run:\u201d   (the log comes from RS)          \n\n2013-10-21 22:43:09,071 INFO  [RpcServer.handler=2,port=36020] regionserver.HRegionServer: Client tried to access missing scanner 4305495321392639779\n\n2013-10-21 22:43:09,056 INFO  [RpcServer.handler=0,port=36020] regionserver.HRegionServer: Client tried to access missing scanner 4871518173034616791\n\n2013-10-21 22:43:09,054 INFO  [RpcServer.handler=29,port=36020] regionserver.HRegionServer: Client tried to access missing scanner 2494346173615963501\n\n2013-10-21 22:43:09,046 INFO  [RpcServer.handler=28,port=36020] regionserver.HRegionServer: Client tried to access missing scanner 8522578499834310167\n\n2013-10-21 22:43:09,037 INFO  [RpcServer.handler=27,port=36020] regionserver.HRegionServer: Client tried to access missing scanner 6621035169671703961\n\n2013-10-21 22:43:09,011 ERROR [RpcServer.handler=20,port=36020] regionserver.HRegionServer:\n\norg.apache.hadoop.hbase.exceptions.OutOfOrderScannerNextException: Expected nextCallSeq: 18 But the nextCallSeq got from client: 4470; request=scanner_id: 848804760654927372 number_of_rows: 100 close_scanner: false next_call_seq: 4470\n\n            at org.apache.hadoop.hbase.regionserver.HRegionServer.scan(HRegionServer.java:3030)\n\n            at org.apache.hadoop.hbase.protobuf.generated.ClientProtos$ClientService$2.callBlockingMethod(ClientProtos.java:27022)\n\n            at org.apache.hadoop.hbase.ipc.RpcServer.call(RpcServer.java:1979)\n\n            at org.apache.hadoop.hbase.ipc.CallRunner.run(CallRunner.java:90)\n\n            at org.apache.hadoop.hbase.ipc.SimpleRpcScheduler.consumerLoop(SimpleRpcScheduler.java:160)\n\n            at org.apache.hadoop.hbase.ipc.SimpleRpcScheduler.access$000(SimpleRpcScheduler.java:38)\n\n            at org.apache.hadoop.hbase.ipc.SimpleRpcScheduler$1.run(SimpleRpcScheduler.java:110)\n\n            at java.lang.Thread.run(Thread.java:724)\n\n2013-10-21 22:43:09,000 INFO  [RpcServer.handler=25,port=36020] regionserver.HRegionServer: Client tried to access missing scanner 4162107982028594792\n\nIn the log provided above, we can see 7 clients, and each of them is corresponding to a RpcServer.handler when communicating with RS.", "parsed_logs_traces": {"logs": {"2": "2013-10-21 22:43:09,071 INFO  [RpcServer.handler=2,port=36020] regionserver.HRegionServer: Client tried to access missing scanner 4305495321392639779", "3": "2013-10-21 22:43:09,056 INFO  [RpcServer.handler=0,port=36020] regionserver.HRegionServer: Client tried to access missing scanner 4871518173034616791", "4": "2013-10-21 22:43:09,054 INFO  [RpcServer.handler=29,port=36020] regionserver.HRegionServer: Client tried to access missing scanner 2494346173615963501", "5": "2013-10-21 22:43:09,046 INFO  [RpcServer.handler=28,port=36020] regionserver.HRegionServer: Client tried to access missing scanner 8522578499834310167", "6": "2013-10-21 22:43:09,037 INFO  [RpcServer.handler=27,port=36020] regionserver.HRegionServer: Client tried to access missing scanner 6621035169671703961", "7": "2013-10-21 22:43:09,011 ERROR [RpcServer.handler=20,port=36020] regionserver.HRegionServer:", "17": "2013-10-21 22:43:09,000 INFO  [RpcServer.handler=25,port=36020] regionserver.HRegionServer: Client tried to access missing scanner 4162107982028594792"}, "traces": {"9": "            at org.apache.hadoop.hbase.regionserver.HRegionServer.scan(HRegionServer.java:3030)", "10": "            at org.apache.hadoop.hbase.protobuf.generated.ClientProtos$ClientService$2.callBlockingMethod(ClientProtos.java:27022)", "11": "            at org.apache.hadoop.hbase.ipc.RpcServer.call(RpcServer.java:1979)", "12": "            at org.apache.hadoop.hbase.ipc.CallRunner.run(CallRunner.java:90)", "13": "            at org.apache.hadoop.hbase.ipc.SimpleRpcScheduler.consumerLoop(SimpleRpcScheduler.java:160)", "14": "            at org.apache.hadoop.hbase.ipc.SimpleRpcScheduler.access$000(SimpleRpcScheduler.java:38)", "15": "            at org.apache.hadoop.hbase.ipc.SimpleRpcScheduler$1.run(SimpleRpcScheduler.java:110)"}, "parsed_logs": {"2": {"class": "regionserver.HRegionServer", "method": "", "line_number": "", "message": "Client tried to access missing scanner 4305495321392639779"}, "3": {"class": "regionserver.HRegionServer", "method": "", "line_number": "", "message": "Client tried to access missing scanner 4871518173034616791"}, "4": {"class": "regionserver.HRegionServer", "method": "", "line_number": "", "message": "Client tried to access missing scanner 2494346173615963501"}, "5": {"class": "regionserver.HRegionServer", "method": "", "line_number": "", "message": "Client tried to access missing scanner 8522578499834310167"}, "6": {"class": "regionserver.HRegionServer", "method": "", "line_number": "", "message": "Client tried to access missing scanner 6621035169671703961"}, "7": {"class": "regionserver.HRegionServer", "method": "", "line_number": "", "message": ""}, "17": {"class": "regionserver.HRegionServer", "method": "", "line_number": "", "message": "Client tried to access missing scanner 4162107982028594792"}}, "parsed_traces": {"9": {"package_class": "org.apache.hadoop.hbase.regionserver.HRegionServer", "method": "scan", "file_name": "HRegionServer.java", "line_number": 3030}, "10": {"package_class": "org.apache.hadoop.hbase.protobuf.generated.ClientProtos$ClientService$2", "method": "callBlockingMethod", "file_name": "ClientProtos.java", "line_number": 27022}, "11": {"package_class": "org.apache.hadoop.hbase.ipc.RpcServer", "method": "call", "file_name": "RpcServer.java", "line_number": 1979}, "12": {"package_class": "org.apache.hadoop.hbase.ipc.CallRunner", "method": "run", "file_name": "CallRunner.java", "line_number": 90}, "13": {"package_class": "org.apache.hadoop.hbase.ipc.SimpleRpcScheduler", "method": "consumerLoop", "file_name": "SimpleRpcScheduler.java", "line_number": 160}, "14": {"package_class": "org.apache.hadoop.hbase.ipc.SimpleRpcScheduler", "method": "access$000", "file_name": "SimpleRpcScheduler.java", "line_number": 38}, "15": {"package_class": "org.apache.hadoop.hbase.ipc.SimpleRpcScheduler$1", "method": "run", "file_name": "SimpleRpcScheduler.java", "line_number": 110}}}}