{"bug_id": "hb-9387", "link": "https://issues.apache.org/jira/browse/HBASE-9387", "title": "Region could get lost during assignment\n", "description": "HMaster         sends RPC_OPEN to        RegionServer\n\nRegionServer  sends eventHandler to   ZooKeeper                             ZooKeeper  notifies  HMaster\n\n(1.2) Symptoms\n\u201cLooks like region state for 1588230740 became inconsistent between master and the surviving region server:\u201d", "logs_traces": "2013-08-29 22:15:34,180 INFO  [AM.ZK.Worker-pool2-t4] master.RegionStates(299): Onlined 1588230740 on kiyo.gq1.ygridcore.net,57016,1377814510039         The META region state in HMaster is opened in the specific RS \u201ckiyo.gq1.ygridcore.net,57016,1377814510039\u201d\n\n...\n\n2013-08-29 22:15:34,587 DEBUG [Thread-221] client.HConnectionManager$HConnectionImplementation(1269): locateRegionInMeta parentTable=hbase:meta, metaLocation={region=hbase:meta,,1.1588230740, hostname=kiyo.gq1.ygridcore.net,57016,1377814510039, seqNum=0}, attempt=2 of 35 failed; retrying after sleep of 302 because: org.apache.hadoop.hbase.exceptions.RegionOpeningException: Region is being opened: 1588230740\n\n            at org.apache.hadoop.hbase.regionserver.HRegionServer.getRegionByEncodedName(HRegionServer.java:2574)\n\n            at org.apache.hadoop.hbase.regionserver.HRegionServer.getRegion(HRegionServer.java:3949)\n\n            at org.apache.hadoop.hbase.regionserver.HRegionServer.get(HRegionServer.java:2733)\n\n            at org.apache.hadoop.hbase.protobuf.generated.ClientProtos$ClientService$2.callBlockingMethod(ClientProtos.java:26965)\n\n            at org.apache.hadoop.hbase.ipc.RpcServer.call(RpcServer.java:2063)\n\n            at org.apache.hadoop.hbase.ipc.RpcServer$CallRunner.run(RpcServer.java:1800)\n\n            at org.apache.hadoop.hbase.ipc.SimpleRpcScheduler.consumerLoop(SimpleRpcScheduler.java:165)\n\n            at org.apache.hadoop.hbase.ipc.SimpleRpcScheduler.access$000(SimpleRpcScheduler.java:41)", "parsed_logs_traces": {"logs": {"0": "2013-08-29 22:15:34,180 INFO  [AM.ZK.Worker-pool2-t4] master.RegionStates(299): Onlined 1588230740 on kiyo.gq1.ygridcore.net,57016,1377814510039         The META region state in HMaster is opened in the specific RS \u201ckiyo.gq1.ygridcore.net,57016,1377814510039\u201d", "2": "2013-08-29 22:15:34,587 DEBUG [Thread-221] client.HConnectionManager$HConnectionImplementation(1269): locateRegionInMeta parentTable=hbase:meta, metaLocation={region=hbase:meta,,1.1588230740, hostname=kiyo.gq1.ygridcore.net,57016,1377814510039, seqNum=0}, attempt=2 of 35 failed; retrying after sleep of 302 because: org.apache.hadoop.hbase.exceptions.RegionOpeningException: Region is being opened: 1588230740"}, "traces": {"3": "            at org.apache.hadoop.hbase.regionserver.HRegionServer.getRegionByEncodedName(HRegionServer.java:2574)", "4": "            at org.apache.hadoop.hbase.regionserver.HRegionServer.getRegion(HRegionServer.java:3949)", "5": "            at org.apache.hadoop.hbase.regionserver.HRegionServer.get(HRegionServer.java:2733)", "6": "            at org.apache.hadoop.hbase.protobuf.generated.ClientProtos$ClientService$2.callBlockingMethod(ClientProtos.java:26965)", "7": "            at org.apache.hadoop.hbase.ipc.RpcServer.call(RpcServer.java:2063)", "8": "            at org.apache.hadoop.hbase.ipc.RpcServer$CallRunner.run(RpcServer.java:1800)", "9": "            at org.apache.hadoop.hbase.ipc.SimpleRpcScheduler.consumerLoop(SimpleRpcScheduler.java:165)", "10": "            at org.apache.hadoop.hbase.ipc.SimpleRpcScheduler.access$000(SimpleRpcScheduler.java:41)"}, "parsed_logs": {"0": {"class": "master.RegionStates", "method": "", "line_number": "299", "message": "Onlined 1588230740 on kiyo.gq1.ygridcore.net,57016,1377814510039 The META region state in HMaster is opened in the specific RS \u201ckiyo.gq1.ygridcore.net,57016,1377814510039\u201d"}, "2": {"class": "client.HConnectionManager$HConnectionImplementation", "method": "locateRegionInMeta", "line_number": "1269", "message": "parentTable=hbase:meta, metaLocation={region=hbase:meta,,1.1588230740, hostname=kiyo.gq1.ygridcore.net,57016,1377814510039, seqNum=0}, attempt=2 of 35 failed; retrying after sleep of 302 because: org.apache.hadoop.hbase.exceptions.RegionOpeningException: Region is being opened: 1588230740"}}, "parsed_traces": {"3": {"package_class": "org.apache.hadoop.hbase.regionserver.HRegionServer", "method": "getRegionByEncodedName", "file_name": "HRegionServer.java", "line_number": 2574}, "4": {"package_class": "org.apache.hadoop.hbase.regionserver.HRegionServer", "method": "getRegion", "file_name": "HRegionServer.java", "line_number": 3949}, "5": {"package_class": "org.apache.hadoop.hbase.regionserver.HRegionServer", "method": "get", "file_name": "HRegionServer.java", "line_number": 2733}, "6": {"package_class": "org.apache.hadoop.hbase.protobuf.generated.ClientProtos$ClientService$2", "method": "callBlockingMethod", "file_name": "ClientProtos.java", "line_number": 26965}, "7": {"package_class": "org.apache.hadoop.hbase.ipc.RpcServer", "method": "call", "file_name": "RpcServer.java", "line_number": 2063}, "8": {"package_class": "org.apache.hadoop.hbase.ipc.RpcServer$CallRunner", "method": "run", "file_name": "RpcServer.java", "line_number": 1800}, "9": {"package_class": "org.apache.hadoop.hbase.ipc.SimpleRpcScheduler", "method": "consumerLoop", "file_name": "SimpleRpcScheduler.java", "line_number": 165}, "10": {"package_class": "org.apache.hadoop.hbase.ipc.SimpleRpcScheduler", "method": "access$000", "file_name": "SimpleRpcScheduler.java", "line_number": 41}}}}