{"bug_id": "hb-9740", "link": "https://issues.apache.org/jira/browse/HBASE-9740", "title": "A corrupt HFile could cause endless attempts to assign the region without a chance of success\n", "description": "A corrupt HFile had made its way into one of the regions which resulted in the region brought offline immediately. As soon as the region was offline, HMaster noticed this and tried to assign the region to another RegionServer which of course failed (again due to the corrupt HFile) and then Master tried to assign this to another and so on. So this region kept bouncing from one server to another and this went unnoticed for few hours and all region servers\u2019 logs were filled with thousands of this message:                \n\n", "logs_traces": "org.apache.hadoop.hbase.regionserver.handler.OpenRegionHandler: Failed open of region=userdata,50743646010,1378139055806.318c533716869574f10615703269497f., starting to roll back the global memstore size.\n\njava.io.IOException: java.io.IOException:\n\norg.apache.hadoop.hbase.io.hfile.CorruptHFileException: Problem reading HFile\n\nTrailer from file\n\n/hbase/userdata/318c533716869574f10615703269497f/data/a3e2ae39f71441ac92a6563479fb976e\n\n            at org.apache.hadoop.hbase.regionserver.HRegion.initializeRegionInternals(HRegion.java:550)\n\n            at org.apache.hadoop.hbase.regionserver.HRegion.initialize(HRegion.java:463)\n\n            at org.apache.hadoop.hbase.regionserver.HRegion.openHRegion(HRegion.java:3835)\n\n            at org.apache.hadoop.hbase.regionserver.HRegion.openHRegion(HRegion.java:3783)\n\n            at org.apache.hadoop.hbase.regionserver.handler.OpenRegionHandler.openRegion(OpenRegionHandler.java:332)\n\n            at org.apache.hadoop.hbase.regionserver.handler.OpenRegionHandler.process(OpenRegionHandler.java:108)\n\n            at org.apache.hadoop.hbase.executor.EventHandler.run(EventHandler.java:169)\n\n            at java.util.concurrent.ThreadPoolExecutor$Worker.runTask(ThreadPoolExecutor.java:886)\n\n            at java.util.concurrent.ThreadPoolExecutor$Worker.run(ThreadPoolExecutor.java:908)\n\n            at java.lang.Thread.run(Thread.java:662)\n\nCaused by: java.io.IOException:\n\norg.apache.hadoop.hbase.io.hfile.CorruptHFileException: Problem reading HFile\n\nTrailer from file\n\n/hbase/userdata/318c533716869574f10615703269497f/data/a3e2ae39f71441ac92a6563479fb976e\n\n            at org.apache.hadoop.hbase.regionserver.Store.loadStoreFiles(Store.java:404)\n\n            at org.apache.hadoop.hbase.regionserver.Store.<init>(Store.java:257)\n\n            at org.apache.hadoop.hbase.regionserver.HRegion.instantiateHStore(HRegion.java:3017)\n\n            at org.apache.hadoop.hbase.regionserver.HRegion$1.call(HRegion.java:525)\n\n            at org.apache.hadoop.hbase.regionserver.HRegion$1.call(HRegion.java:523)\n\n            at java.util.concurrent.FutureTask$Sync.innerRun(FutureTask.java:303)\n\n            at java.util.concurrent.FutureTask.run(FutureTask.java:138)\n\n            at java.util.concurrent.Executors$RunnableAdapter.call(Executors.java:441)\n\n            at java.util.concurrent.FutureTask$Sync.innerRun(FutureTask.java:303)\n\n            at java.util.concurrent.FutureTask.run(FutureTask.java:138)", "parsed_logs_traces": {"logs": {}, "traces": {"5": "            at org.apache.hadoop.hbase.regionserver.HRegion.initializeRegionInternals(HRegion.java:550)", "6": "            at org.apache.hadoop.hbase.regionserver.HRegion.initialize(HRegion.java:463)", "7": "            at org.apache.hadoop.hbase.regionserver.HRegion.openHRegion(HRegion.java:3835)", "8": "            at org.apache.hadoop.hbase.regionserver.HRegion.openHRegion(HRegion.java:3783)", "9": "            at org.apache.hadoop.hbase.regionserver.handler.OpenRegionHandler.openRegion(OpenRegionHandler.java:332)", "10": "            at org.apache.hadoop.hbase.regionserver.handler.OpenRegionHandler.process(OpenRegionHandler.java:108)", "11": "            at org.apache.hadoop.hbase.executor.EventHandler.run(EventHandler.java:169)", "19": "            at org.apache.hadoop.hbase.regionserver.Store.loadStoreFiles(Store.java:404)", "20": "            at org.apache.hadoop.hbase.regionserver.Store.<init>(Store.java:257)", "21": "            at org.apache.hadoop.hbase.regionserver.HRegion.instantiateHStore(HRegion.java:3017)", "22": "            at org.apache.hadoop.hbase.regionserver.HRegion$1.call(HRegion.java:525)", "23": "            at org.apache.hadoop.hbase.regionserver.HRegion$1.call(HRegion.java:523)"}, "parsed_logs": {}, "parsed_traces": {"5": {"package_class": "org.apache.hadoop.hbase.regionserver.HRegion", "method": "initializeRegionInternals", "file_name": "HRegion.java", "line_number": 550}, "6": {"package_class": "org.apache.hadoop.hbase.regionserver.HRegion", "method": "initialize", "file_name": "HRegion.java", "line_number": 463}, "7": {"package_class": "org.apache.hadoop.hbase.regionserver.HRegion", "method": "openHRegion", "file_name": "HRegion.java", "line_number": 3835}, "8": {"package_class": "org.apache.hadoop.hbase.regionserver.HRegion", "method": "openHRegion", "file_name": "HRegion.java", "line_number": 3783}, "9": {"package_class": "org.apache.hadoop.hbase.regionserver.handler.OpenRegionHandler", "method": "openRegion", "file_name": "OpenRegionHandler.java", "line_number": 332}, "10": {"package_class": "org.apache.hadoop.hbase.regionserver.handler.OpenRegionHandler", "method": "process", "file_name": "OpenRegionHandler.java", "line_number": 108}, "11": {"package_class": "org.apache.hadoop.hbase.executor.EventHandler", "method": "run", "file_name": "EventHandler.java", "line_number": 169}, "19": {"package_class": "org.apache.hadoop.hbase.regionserver.Store", "method": "loadStoreFiles", "file_name": "Store.java", "line_number": 404}, "20": {"package_class": "org.apache.hadoop.hbase.regionserver.Store", "method": "<init>", "file_name": "Store.java", "line_number": 257}, "21": {"package_class": "org.apache.hadoop.hbase.regionserver.HRegion", "method": "instantiateHStore", "file_name": "HRegion.java", "line_number": 3017}, "22": {"package_class": "org.apache.hadoop.hbase.regionserver.HRegion$1", "method": "call", "file_name": "HRegion.java", "line_number": 525}, "23": {"package_class": "org.apache.hadoop.hbase.regionserver.HRegion$1", "method": "call", "file_name": "HRegion.java", "line_number": 523}}}}