{"bug_id": "hd-1371", "link": "https://issues.apache.org/jira/browse/HDFS-1371", "title": "One bad node can incorrectly flag many files as corrupt\n", "description": "On our cluster, 12 files were reported as corrupt by fsck even though the replicas on the datanodes were healthy. Turns out that all the replicas (12 files x 3 replicas per file) were reported corrupt from one node(DFSClient). Surprisingly, these files were still readable/accessible from other DFSClient (-get/-cat) without any problems.\n\nTake one such file as an example: /myfile/part-00145.gz blk_-1426587446408804113_970819282\n\nNamenode log shows", "logs_traces": "2010-08-31 10:47:56,258 INFO org.apache.hadoop.hdfs.StateChange: BLOCK NameSystem.addToCorruptReplicasMap: blk_-1426587446408804113 added as corrupt on ZZ.YY.XX..220:1004 by /ZZ.YY.XX.246\n\n2010-08-31 10:47:56,290 INFO org.apache.hadoop.hdfs.StateChange: BLOCK NameSystem.addToCorruptReplicasMap: blk_-1426587446408804113 added as corrupt on ZZ.YY.XX..252:1004 by /ZZ.YY.XX.246\n\n2010-08-31 10:47:56,489 INFO org.apache.hadoop.hdfs.StateChange: BLOCK NameSystem.addToCorruptReplicasMap: blk_-1426587446408804113 added as corrupt on ZZ.YY.XX..107:1004 by /ZZ.YY.XX.246\n\n2010-08-31 10:49:00,508 INFO org.apache.hadoop.hdfs.StateChange: BLOCK NameSystem.addToCorruptReplicasMap: duplicate requested for blk_-1426587446408804113 to add as corrupt on ZZ.YY.XX.252:1004 by /ZZ.YY.XX.246\n\n2010-08-31 10:49:00,554 INFO org.apache.hadoop.hdfs.StateChange: BLOCK NameSystem.addToCorruptReplicasMap: duplicate requested for blk_-1426587446408804113 to add as corrupt on ZZ.YY.XX.107:1004 by /ZZ.YY.XX.246\n\n2010-08-31 10:49:03,934 INFO org.apache.hadoop.hdfs.StateChange: BLOCK NameSystem.addToCorruptReplicasMap: duplicate requested for blk_-1426587446408804113 to add as corrupt on ZZ.YY.XX.220:1004 by /ZZ.YY.XX.246\n\n\u2026\n\nDFSClient on ZZ.YY.XX.246 continue to sends request to NameNode, in order to add three block replicas for blk_-1426587446408804113 as corrupted.\n\nUser Tasklogs(DFSClient) on ZZ.YY.XX.246 shows\n\n[root@ZZ.YY.XX.246 ~]# find /my/mapred/userlogs/ -type f -exec grep 1426587446408804113 \\{\\} \\; -print\n\norg.apache.hadoop.fs.ChecksumException: Checksum error: /blk_-1426587446408804113:of:/myfile/part-00145.gz at 222720\n\n2010-08-31 10:47:56,256 WARN org.apache.hadoop.hdfs.DFSClient: Found Checksum error for blk_-1426587446408804113_970819282 from ZZ.YY.XX.220:1004 at 222720\n\norg.apache.hadoop.fs.ChecksumException: Checksum error: /blk_-1426587446408804113:of:/myfile/part-00145.gz at 103936\n\n2010-08-31 10:47:56,284 WARN org.apache.hadoop.hdfs.DFSClient: Found Checksum error for blk_-1426587446408804113_970819282 from ZZ.YY.XX.252:1004 at 103936\n\norg.apache.hadoop.fs.ChecksumException: Checksum error: /blk_-1426587446408804113:of:/myfile/part-00145.gz at 250368\n\n2010-08-31 10:47:56,464 WARN org.apache.hadoop.hdfs.DFSClient: Found Checksum error for blk_-1426587446408804113_970819282 from ZZ.YY.XX.107:1004 at 250368\n\n2010-08-31 10:47:56,490 INFO org.apache.hadoop.hdfs.DFSClient: Could not obtain block blk_-1426587446408804113_970819282 from any node: java.io.IOException: No live nodes contain current block. Will get new block locations from namenode and retry...", "parsed_logs_traces": {"logs": {"0": "2010-08-31 10:47:56,258 INFO org.apache.hadoop.hdfs.StateChange: BLOCK NameSystem.addToCorruptReplicasMap: blk_-1426587446408804113 added as corrupt on ZZ.YY.XX..220:1004 by /ZZ.YY.XX.246", "1": "2010-08-31 10:47:56,290 INFO org.apache.hadoop.hdfs.StateChange: BLOCK NameSystem.addToCorruptReplicasMap: blk_-1426587446408804113 added as corrupt on ZZ.YY.XX..252:1004 by /ZZ.YY.XX.246", "2": "2010-08-31 10:47:56,489 INFO org.apache.hadoop.hdfs.StateChange: BLOCK NameSystem.addToCorruptReplicasMap: blk_-1426587446408804113 added as corrupt on ZZ.YY.XX..107:1004 by /ZZ.YY.XX.246", "3": "2010-08-31 10:49:00,508 INFO org.apache.hadoop.hdfs.StateChange: BLOCK NameSystem.addToCorruptReplicasMap: duplicate requested for blk_-1426587446408804113 to add as corrupt on ZZ.YY.XX.252:1004 by /ZZ.YY.XX.246", "4": "2010-08-31 10:49:00,554 INFO org.apache.hadoop.hdfs.StateChange: BLOCK NameSystem.addToCorruptReplicasMap: duplicate requested for blk_-1426587446408804113 to add as corrupt on ZZ.YY.XX.107:1004 by /ZZ.YY.XX.246", "5": "2010-08-31 10:49:03,934 INFO org.apache.hadoop.hdfs.StateChange: BLOCK NameSystem.addToCorruptReplicasMap: duplicate requested for blk_-1426587446408804113 to add as corrupt on ZZ.YY.XX.220:1004 by /ZZ.YY.XX.246", "11": "2010-08-31 10:47:56,256 WARN org.apache.hadoop.hdfs.DFSClient: Found Checksum error for blk_-1426587446408804113_970819282 from ZZ.YY.XX.220:1004 at 222720", "13": "2010-08-31 10:47:56,284 WARN org.apache.hadoop.hdfs.DFSClient: Found Checksum error for blk_-1426587446408804113_970819282 from ZZ.YY.XX.252:1004 at 103936", "15": "2010-08-31 10:47:56,464 WARN org.apache.hadoop.hdfs.DFSClient: Found Checksum error for blk_-1426587446408804113_970819282 from ZZ.YY.XX.107:1004 at 250368", "16": "2010-08-31 10:47:56,490 INFO org.apache.hadoop.hdfs.DFSClient: Could not obtain block blk_-1426587446408804113_970819282 from any node: java.io.IOException: No live nodes contain current block. Will get new block locations from namenode and retry..."}, "traces": {}, "parsed_logs": {"0": {"class": "org.apache.hadoop.hdfs.StateChange", "method": "NameSystem.addToCorruptReplicasMap", "line_number": "", "message": "BLOCK blk_-1426587446408804113 added as corrupt on ZZ.YY.XX..220:1004 by /ZZ.YY.XX.246"}, "1": {"class": "org.apache.hadoop.hdfs.StateChange", "method": "NameSystem.addToCorruptReplicasMap", "line_number": "", "message": "BLOCK blk_-1426587446408804113 added as corrupt on ZZ.YY.XX..252:1004 by /ZZ.YY.XX.246"}, "2": {"class": "org.apache.hadoop.hdfs.StateChange", "method": "addToCorruptReplicasMap", "line_number": "", "message": "BLOCK NameSystem.addToCorruptReplicasMap: blk_-1426587446408804113 added as corrupt on ZZ.YY.XX..107:1004 by /ZZ.YY.XX.246"}, "3": {"class": "org.apache.hadoop.hdfs.StateChange", "method": "NameSystem.addToCorruptReplicasMap", "line_number": "", "message": "duplicate requested for blk_-1426587446408804113 to add as corrupt on ZZ.YY.XX.252:1004 by /ZZ.YY.XX.246"}, "4": {"class": "org.apache.hadoop.hdfs.StateChange", "method": "NameSystem.addToCorruptReplicasMap", "line_number": "", "message": "duplicate requested for blk_-1426587446408804113 to add as corrupt on ZZ.YY.XX.107:1004 by /ZZ.YY.XX.246"}, "5": {"class": "org.apache.hadoop.hdfs.StateChange", "method": "NameSystem.addToCorruptReplicasMap", "line_number": "", "message": "BLOCK duplicate requested for blk_-1426587446408804113 to add as corrupt on ZZ.YY.XX.220:1004 by /ZZ.YY.XX.246"}, "11": {"class": "org.apache.hadoop.hdfs.DFSClient", "method": "", "line_number": "", "message": "Found Checksum error for blk_-1426587446408804113_970819282 from ZZ.YY.XX.220:1004 at 222720"}, "13": {"class": "org.apache.hadoop.hdfs.DFSClient", "method": "", "line_number": "", "message": "Found Checksum error for blk_-1426587446408804113_970819282 from ZZ.YY.XX.252:1004 at 103936"}, "15": {"class": "org.apache.hadoop.hdfs.DFSClient", "method": "", "line_number": "", "message": "Found Checksum error for blk_-1426587446408804113_970819282 from ZZ.YY.XX.107:1004 at 250368"}, "16": {"class": "org.apache.hadoop.hdfs.DFSClient", "method": "", "line_number": "", "message": "Could not obtain block blk_-1426587446408804113_970819282 from any node: java.io.IOException: No live nodes contain current block. Will get new block locations from namenode and retry..."}}, "parsed_traces": {}}}