{"bug_id": "hd-1024", "link": "https://issues.apache.org/jira/browse/HDFS-1024", "title": "SecondaryNamenode fails to checkpoint because namenode fails with CancelledKeyException", "description": "SecondaryNameNode (2NN) periodically fetches the namespace image (file fsimage) and the edit logs (file edits) from NameNode (NN), and merge them into a new image file, then send it back to NN. And the error happens when 2NN is fetching files from NN.\n\nNN fails with CancelledKeyException. The NN log shows the following:", "logs_traces": "WARN org.mortbay.log: Committed before 410 GetImage failed. java.nio.channels.CancelledKeyException\n\nat sun.nio.ch.SelectionKeyImpl.ensureValid(SelectionKeyImpl.java:55)\n\nat sun.nio.ch.SelectionKeyImpl.interestOps(SelectionKeyImpl.java:59)\n\nat org.mortbay.io.nio.SelectChannelEndPoint.updateKey(SelectChannelEndPoint.java:324)\n\nat org.mortbay.io.nio.SelectChannelEndPoint.blockWritable(SelectChannelEndPoint.java:278)\n\nat org.mortbay.jetty.AbstractGenerator$Output.blockForOutput(AbstractGenerator.java:542)\n\nat org.mortbay.jetty.AbstractGenerator$Output.flush(AbstractGenerator.java:569)\n\nat org.mortbay.jetty.HttpConnection$Output.flush(HttpConnection.java:946)\n\nat org.mortbay.jetty.AbstractGenerator$Output.write(AbstractGenerator.java:646)\n\nat org.mortbay.jetty.AbstractGenerator$Output.write(AbstractGenerator.java:577)\n\nat org.apache.hadoop.hdfs.server.namenode.TransferFsImage.getFileServer(TransferFsImage.java:127)\n\nat org.apache.hadoop.hdfs.server.namenode.GetImageServlet.doGet(GetImageServlet.java:49)\n\nat javax.servlet.http.HttpServlet.service(HttpServlet.java:707)\n\nat javax.servlet.http.HttpServlet.service(HttpServlet.java:820)\n\nat org.mortbay.jetty.servlet.ServletHolder.handle(ServletHolder.java:502)\n\nat org.mortbay.jetty.servlet.ServletHandler.handle(ServletHandler.java:363)\n\nat org.mortbay.jetty.security.SecurityHandler.handle(SecurityHandler.java:216)\n\nat org.mortbay.jetty.servlet.SessionHandler.handle(SessionHandler.java:181)\n\nat org.mortbay.jetty.handler.ContextHandler.handle(ContextHandler.java:766)\n\nat org.mortbay.jetty.webapp.WebAppContext.handle(WebAppContext.java:417)\n\nat org.mortbay.jetty.handler.ContextHandlerCollection.handle(ContextHandlerCollection.java:230)\n\nat org.mortbay.jetty.handler.HandlerWrapper.handle(HandlerWrapper.java:152)\n\nat org.mortbay.jetty.Server.handle(Server.java:324)\n\nat org.mortbay.jetty.HttpConnection.handleRequest(HttpConnection.java:534)\n\nat org.mortbay.jetty.HttpConnection$RequestHandler.headerComplete(HttpConnection.java:864)\n\nat org.mortbay.jetty.HttpParser.parseNext(HttpParser.java:533)\n\nat org.mortbay.jetty.HttpParser.parseAvailable(HttpParser.java:207)\n\nat org.mortbay.jetty.HttpConnection.handle(HttpConnection.java:403)\n\nat org.mortbay.io.nio.SelectChannelEndPoint.run(SelectChannelEndPoint.java:409)\n\nat org.mortbay.thread.QueuedThreadPool$PoolThread.run(QueuedThreadPool.java:522)\n\nThe 2NN log is as follows:\n\n2010-03-03 23:33:05,598 INFO org.apache.hadoop.hdfs.server.namenode.SecondaryNameNode: Downloaded file fsimage size 2337800192 bytes.\n\n2010-03-03 23:38:50,550 INFO org.apache.hadoop.hdfs.server.namenode.SecondaryNameNode: Downloaded file edits size 254702213 bytes.", "parsed_logs_traces": {"logs": {"0": "WARN org.mortbay.log: Committed before 410 GetImage failed. java.nio.channels.CancelledKeyException", "31": "2010-03-03 23:33:05,598 INFO org.apache.hadoop.hdfs.server.namenode.SecondaryNameNode: Downloaded file fsimage size 2337800192 bytes.", "32": "2010-03-03 23:38:50,550 INFO org.apache.hadoop.hdfs.server.namenode.SecondaryNameNode: Downloaded file edits size 254702213 bytes."}, "traces": {"10": "at org.apache.hadoop.hdfs.server.namenode.TransferFsImage.getFileServer(TransferFsImage.java:127)", "11": "at org.apache.hadoop.hdfs.server.namenode.GetImageServlet.doGet(GetImageServlet.java:49)"}, "parsed_logs": {"0": {"class": "org.mortbay.log", "method": "", "line_number": "", "message": "Committed before 410 GetImage failed. java.nio.channels.CancelledKeyException"}, "31": {"class": "org.apache.hadoop.hdfs.server.namenode.SecondaryNameNode", "method": "", "line_number": "", "message": "Downloaded file fsimage size 2337800192 bytes."}, "32": {"class": "org.apache.hadoop.hdfs.server.namenode.SecondaryNameNode", "method": "", "line_number": "", "message": "Downloaded file edits size 254702213 bytes."}}, "parsed_traces": {"10": {"package_class": "org.apache.hadoop.hdfs.server.namenode.TransferFsImage", "method": "getFileServer", "file_name": "TransferFsImage.java", "line_number": 127}, "11": {"package_class": "org.apache.hadoop.hdfs.server.namenode.GetImageServlet", "method": "doGet", "file_name": "GetImageServlet.java", "line_number": 49}}}}