{"bug_id": "hd-3441", "link": "https://issues.apache.org/jira/browse/HDFS-3441", "title": "Race condition between rolling logs at active NN and purging at standby\n", "description": "The log from StanbyNameNode is provided:\n\n", "logs_traces": "2012-05-17 22:15:03,867 INFO org.apache.hadoop.hdfs.server.namenode.FSImage: Image file of size 201 saved in 0 seconds.\n\n2012-05-17 22:15:03,874 INFO org.apache.hadoop.hdfs.server.namenode.ha.EditLogTailer: Triggering log roll on remote NameNode /xx.xx.xx.102:8020   StandbyNN asks NN to roll logs\n\n2012-05-17 22:15:03,923 INFO org.apache.hadoop.hdfs.server.namenode.NNStorageRetentionManager: Going to retain 2 images with txid >= 111\n\n2012-05-17 22:15:03,923 INFO org.apache.hadoop.hdfs.server.namenode.NNStorageRetentionManager: Purging old image FSImageFile(file=/home/May8/hadoop-3.0.0-SNAPSHOT/hadoop-root/dfs/name/current/fsimage_0000000000000000109, cpktTxId=0000000000000000109)\n\n2012-05-17 22:15:03,961 FATAL org.apache.hadoop.hdfs.server.namenode.FSEditLog: Error: purgeLogsOlderThan 0 failed for required journal (JournalAndStream(mgr=org.apache.hadoop.contrib.bkjournal.BookKeeperJournalManager@142e6767, stream=null))\n\njava.io.IOException: Exception reading ledger list from zk\n\nat org.apache.hadoop.contrib.bkjournal.BookKeeperJournalManager.getLedgerList(BookKeeperJournalManager.java:531)\n\nat org.apache.hadoop.contrib.bkjournal.BookKeeperJournalManager.purgeLogsOlderThan(BookKeeperJournalManager.java:444)\n\nat org.apache.hadoop.hdfs.server.namenode.JournalSet$5.apply(JournalSet.java:541)\n\nat org.apache.hadoop.hdfs.server.namenode.JournalSet.mapJournalsAndReportErrors(JournalSet.java:322)\n\nat org.apache.hadoop.hdfs.server.namenode.JournalSet.purgeLogsOlderThan(JournalSet.java:538)\n\nat org.apache.hadoop.hdfs.server.namenode.FSEditLog.purgeLogsOlderThan(FSEditLog.java:1011)\n\nat org.apache.hadoop.hdfs.server.namenode.NNStorageRetentionManager.purgeOldStorage(NNStorageRetentionManager.java:98)\n\nat org.apache.hadoop.hdfs.server.namenode.FSImage.purgeOldStorage(FSImage.java:900)\n\nat org.apache.hadoop.hdfs.server.namenode.FSImage.saveFSImageInAllDirs(FSImage.java:885)\n\nat org.apache.hadoop.hdfs.server.namenode.FSImage.saveNamespace(FSImage.java:822)\n\nat org.apache.hadoop.hdfs.server.namenode.ha.StandbyCheckpointer.doCheckpoint(StandbyCheckpointer.java:157)\n\nat org.apache.hadoop.hdfs.server.namenode.ha.StandbyCheckpointer.access$900(StandbyCheckpointer.java:52)\n\nat org.apache.hadoop.hdfs.server.namenode.ha.StandbyCheckpointer$CheckpointerThread.doWork(StandbyCheckpointer.java:279)\n\nat org.apache.hadoop.hdfs.server.namenode.ha.StandbyCheckpointer$CheckpointerThread.access$300(StandbyCheckpointer.java:200)\n\nat org.apache.hadoop.hdfs.server.namenode.ha.StandbyCheckpointer$CheckpointerThread$1.run(StandbyCheckpointer.java:220)\n\nat org.apache.hadoop.security.SecurityUtil.doAsLoginUserOrFatal(SecurityUtil.java:512)\n\nat org.apache.hadoop.hdfs.server.namenode.ha.StandbyCheckpointer$CheckpointerThread.run(StandbyCheckpointer.java:216)\n\nCaused by: org.apache.zookeeper.KeeperException$NoNodeException: KeeperErrorCode = NoNode for /nnedits/ledgers/inprogress_72        \n\nat org.apache.zookeeper.KeeperException.create(KeeperException.java:111)\n\nat org.apache.zookeeper.KeeperException.create(KeeperException.java:51)\n\nat org.apache.zookeeper.ZooKeeper.getData(ZooKeeper.java:1113)\n\nat org.apache.zookeeper.ZooKeeper.getData(ZooKeeper.java:1142)\n\nat org.apache.hadoop.contrib.bkjournal.EditLogLedgerMetadata.read(EditLogLedgerMetadata.java:113)\n\nat org.apache.hadoop.contrib.bkjournal.BookKeeperJournalManager.getLedgerList(BookKeeperJournalManager.java:528)\n\n... 16 more\n\n2012-05-17 22:15:03,963 INFO org.apache.hadoop.hdfs.server.namenode.NameNode: SHUTDOWN_MSG:\n\nStanbyNN shuts down.", "parsed_logs_traces": {"logs": {"0": "2012-05-17 22:15:03,867 INFO org.apache.hadoop.hdfs.server.namenode.FSImage: Image file of size 201 saved in 0 seconds.", "1": "2012-05-17 22:15:03,874 INFO org.apache.hadoop.hdfs.server.namenode.ha.EditLogTailer: Triggering log roll on remote NameNode /xx.xx.xx.102:8020   StandbyNN asks NN to roll logs", "2": "2012-05-17 22:15:03,923 INFO org.apache.hadoop.hdfs.server.namenode.NNStorageRetentionManager: Going to retain 2 images with txid >= 111", "3": "2012-05-17 22:15:03,923 INFO org.apache.hadoop.hdfs.server.namenode.NNStorageRetentionManager: Purging old image FSImageFile(file=/home/May8/hadoop-3.0.0-SNAPSHOT/hadoop-root/dfs/name/current/fsimage_0000000000000000109, cpktTxId=0000000000000000109)", "4": "2012-05-17 22:15:03,961 FATAL org.apache.hadoop.hdfs.server.namenode.FSEditLog: Error: purgeLogsOlderThan 0 failed for required journal (JournalAndStream(mgr=org.apache.hadoop.contrib.bkjournal.BookKeeperJournalManager@142e6767, stream=null))", "31": "2012-05-17 22:15:03,963 INFO org.apache.hadoop.hdfs.server.namenode.NameNode: SHUTDOWN_MSG:"}, "traces": {"6": "at org.apache.hadoop.contrib.bkjournal.BookKeeperJournalManager.getLedgerList(BookKeeperJournalManager.java:531)", "7": "at org.apache.hadoop.contrib.bkjournal.BookKeeperJournalManager.purgeLogsOlderThan(BookKeeperJournalManager.java:444)", "8": "at org.apache.hadoop.hdfs.server.namenode.JournalSet$5.apply(JournalSet.java:541)", "9": "at org.apache.hadoop.hdfs.server.namenode.JournalSet.mapJournalsAndReportErrors(JournalSet.java:322)", "10": "at org.apache.hadoop.hdfs.server.namenode.JournalSet.purgeLogsOlderThan(JournalSet.java:538)", "11": "at org.apache.hadoop.hdfs.server.namenode.FSEditLog.purgeLogsOlderThan(FSEditLog.java:1011)", "12": "at org.apache.hadoop.hdfs.server.namenode.NNStorageRetentionManager.purgeOldStorage(NNStorageRetentionManager.java:98)", "13": "at org.apache.hadoop.hdfs.server.namenode.FSImage.purgeOldStorage(FSImage.java:900)", "14": "at org.apache.hadoop.hdfs.server.namenode.FSImage.saveFSImageInAllDirs(FSImage.java:885)", "15": "at org.apache.hadoop.hdfs.server.namenode.FSImage.saveNamespace(FSImage.java:822)", "16": "at org.apache.hadoop.hdfs.server.namenode.ha.StandbyCheckpointer.doCheckpoint(StandbyCheckpointer.java:157)", "17": "at org.apache.hadoop.hdfs.server.namenode.ha.StandbyCheckpointer.access$900(StandbyCheckpointer.java:52)", "18": "at org.apache.hadoop.hdfs.server.namenode.ha.StandbyCheckpointer$CheckpointerThread.doWork(StandbyCheckpointer.java:279)", "19": "at org.apache.hadoop.hdfs.server.namenode.ha.StandbyCheckpointer$CheckpointerThread.access$300(StandbyCheckpointer.java:200)", "20": "at org.apache.hadoop.hdfs.server.namenode.ha.StandbyCheckpointer$CheckpointerThread$1.run(StandbyCheckpointer.java:220)", "21": "at org.apache.hadoop.security.SecurityUtil.doAsLoginUserOrFatal(SecurityUtil.java:512)", "22": "at org.apache.hadoop.hdfs.server.namenode.ha.StandbyCheckpointer$CheckpointerThread.run(StandbyCheckpointer.java:216)", "24": "at org.apache.zookeeper.KeeperException.create(KeeperException.java:111)", "25": "at org.apache.zookeeper.KeeperException.create(KeeperException.java:51)", "26": "at org.apache.zookeeper.ZooKeeper.getData(ZooKeeper.java:1113)", "27": "at org.apache.zookeeper.ZooKeeper.getData(ZooKeeper.java:1142)", "28": "at org.apache.hadoop.contrib.bkjournal.EditLogLedgerMetadata.read(EditLogLedgerMetadata.java:113)", "29": "at org.apache.hadoop.contrib.bkjournal.BookKeeperJournalManager.getLedgerList(BookKeeperJournalManager.java:528)"}, "parsed_logs": {"0": {"class": "org.apache.hadoop.hdfs.server.namenode.FSImage", "method": "", "line_number": "", "message": "Image file of size 201 saved in 0 seconds."}, "1": {"class": "org.apache.hadoop.hdfs.server.namenode.ha.EditLogTailer", "method": "", "line_number": "", "message": "Triggering log roll on remote NameNode /xx.xx.xx.102:8020   StandbyNN asks NN to roll logs"}, "2": {"class": "org.apache.hadoop.hdfs.server.namenode.NNStorageRetentionManager", "method": "", "line_number": "", "message": "Going to retain 2 images with txid >= 111"}, "3": {"class": "org.apache.hadoop.hdfs.server.namenode.NNStorageRetentionManager", "method": "", "line_number": "", "message": "Purging old image FSImageFile(file=/home/May8/hadoop-3.0.0-SNAPSHOT/hadoop-root/dfs/name/current/fsimage_0000000000000000109, cpktTxId=0000000000000000109)"}, "4": {"class": "org.apache.hadoop.hdfs.server.namenode.FSEditLog", "method": "purgeLogsOlderThan", "line_number": "", "message": "Error: purgeLogsOlderThan 0 failed for required journal (JournalAndStream(mgr=org.apache.hadoop.contrib.bkjournal.BookKeeperJournalManager@142e6767, stream=null))"}, "31": {"class": "org.apache.hadoop.hdfs.server.namenode.NameNode", "method": "", "line_number": "", "message": "SHUTDOWN_MSG:"}}, "parsed_traces": {"6": {"package_class": "org.apache.hadoop.contrib.bkjournal.BookKeeperJournalManager", "method": "getLedgerList", "file_name": "BookKeeperJournalManager.java", "line_number": 531}, "7": {"package_class": "org.apache.hadoop.contrib.bkjournal.BookKeeperJournalManager", "method": "purgeLogsOlderThan", "file_name": "BookKeeperJournalManager.java", "line_number": 444}, "8": {"package_class": "org.apache.hadoop.hdfs.server.namenode.JournalSet$5", "method": "apply", "file_name": "JournalSet.java", "line_number": 541}, "9": {"package_class": "org.apache.hadoop.hdfs.server.namenode.JournalSet", "method": "mapJournalsAndReportErrors", "file_name": "JournalSet.java", "line_number": 322}, "10": {"package_class": "org.apache.hadoop.hdfs.server.namenode.JournalSet", "method": "purgeLogsOlderThan", "file_name": "JournalSet.java", "line_number": 538}, "11": {"package_class": "org.apache.hadoop.hdfs.server.namenode.FSEditLog", "method": "purgeLogsOlderThan", "file_name": "FSEditLog.java", "line_number": 1011}, "12": {"package_class": "org.apache.hadoop.hdfs.server.namenode.NNStorageRetentionManager", "method": "purgeOldStorage", "file_name": "NNStorageRetentionManager.java", "line_number": 98}, "13": {"package_class": "org.apache.hadoop.hdfs.server.namenode.FSImage", "method": "purgeOldStorage", "file_name": "FSImage.java", "line_number": 900}, "14": {"package_class": "org.apache.hadoop.hdfs.server.namenode.FSImage", "method": "saveFSImageInAllDirs", "file_name": "FSImage.java", "line_number": 885}, "15": {"package_class": "org.apache.hadoop.hdfs.server.namenode.FSImage", "method": "saveNamespace", "file_name": "FSImage.java", "line_number": 822}, "16": {"package_class": "org.apache.hadoop.hdfs.server.namenode.ha.StandbyCheckpointer", "method": "doCheckpoint", "file_name": "StandbyCheckpointer.java", "line_number": 157}, "17": {"package_class": "org.apache.hadoop.hdfs.server.namenode.ha.StandbyCheckpointer", "method": "access$900", "file_name": "StandbyCheckpointer.java", "line_number": 52}, "18": {"package_class": "org.apache.hadoop.hdfs.server.namenode.ha.StandbyCheckpointer$CheckpointerThread", "method": "doWork", "file_name": "StandbyCheckpointer.java", "line_number": 279}, "19": {"package_class": "org.apache.hadoop.hdfs.server.namenode.ha.StandbyCheckpointer$CheckpointerThread", "method": "access$300", "file_name": "StandbyCheckpointer.java", "line_number": 200}, "20": {"package_class": "org.apache.hadoop.hdfs.server.namenode.ha.StandbyCheckpointer$CheckpointerThread$1", "method": "run", "file_name": "StandbyCheckpointer.java", "line_number": 220}, "21": {"package_class": "org.apache.hadoop.security.SecurityUtil", "method": "doAsLoginUserOrFatal", "file_name": "SecurityUtil.java", "line_number": 512}, "22": {"package_class": "org.apache.hadoop.hdfs.server.namenode.ha.StandbyCheckpointer$CheckpointerThread", "method": "run", "file_name": "StandbyCheckpointer.java", "line_number": 216}, "24": {"package_class": "org.apache.zookeeper.KeeperException", "method": "create", "file_name": "KeeperException.java", "line_number": 111}, "25": {"package_class": "org.apache.zookeeper.KeeperException", "method": "create", "file_name": "KeeperException.java", "line_number": 51}, "26": {"package_class": "org.apache.zookeeper.ZooKeeper", "method": "getData", "file_name": "ZooKeeper.java", "line_number": 1113}, "27": {"package_class": "org.apache.zookeeper.ZooKeeper", "method": "getData", "file_name": "ZooKeeper.java", "line_number": 1142}, "28": {"package_class": "org.apache.hadoop.contrib.bkjournal.EditLogLedgerMetadata", "method": "read", "file_name": "EditLogLedgerMetadata.java", "line_number": 113}, "29": {"package_class": "org.apache.hadoop.contrib.bkjournal.BookKeeperJournalManager", "method": "getLedgerList", "file_name": "BookKeeperJournalManager.java", "line_number": 528}}}}