{"bug_id": "hd-3157", "link": "https://issues.apache.org/jira/browse/HDFS-3157", "title": "Error in deleting block is keep on coming from DN even after the block report and directory scanning has happened\n", "description": "Cluster setup: 1NN, Three DN(DN1,DN2,DN3), replication factor-2,\n\n\"dfs.blockreport.intervalMsec\" 300, \"dfs.datanode.directoryscan.interval\" 1\n\nstep 1: write one file \"a.txt\" with sync (not closed)  (syn guarantees the data has been written into DN)\n\nstep 2: Delete the blocks in one of the datanode say DN1(from rbw) to which replication happened.\n\nstep 3: close the file.\n\nNameNode:", "logs_traces": "012-03-19 13:41:36,905 INFO org.apache.hadoop.hdfs.StateChange: BLOCK NameSystem.addToCorruptReplicasMap: duplicate requested for blk_2903555284838653156 to add as corrupt on XX.XX.XX.XX by /XX.XX.XX.XX because reported RBW replica with genstamp 1002 does not match COMPLETE block's genstamp in block map 1003\n\n2012-03-19 13:41:39,588 INFO org.apache.hadoop.hdfs.StateChange: BLOCK* Removing block blk_2903555284838653156_1003 from neededReplications as it has enough replicas.\n\nDataNode: in which the block is deleted the following exception occured\n\n2012-02-29 13:54:13,126 WARN org.apache.hadoop.hdfs.server.datanode.DataNode: Unexpected error trying to delete block blk_2903555284838653156_1003. BlockInfo not found in volumeMap.\n\n2012-02-29 13:54:13,126 WARN org.apache.hadoop.hdfs.server.datanode.DataNode: Error processing datanode Command\n\njava.io.IOException: Error in deleting blocks.\n\n                      at org.apache.hadoop.hdfs.server.datanode.FSDataset.invalidate(FSDataset.java:2061)\n\n                      at org.apache.hadoop.hdfs.server.datanode.BPOfferService.processCommandFromActive(BPOfferService.java:581)\n\n                      at org.apache.hadoop.hdfs.server.datanode.BPOfferService.processCommandFromActor(BPOfferService.java:545)\n\n                      at org.apache.hadoop.hdfs.server.datanode.BPServiceActor.processCommand(BPServiceActor.java:690)\n\n                      at org.apache.hadoop.hdfs.server.datanode.BPServiceActor.offerService(BPServiceActor.java:522)\n\n                      at org.apache.hadoop.hdfs.server.datanode.BPServiceActor.run(BPServiceActor.java:662)\n\n                      at java.lang.Thread.run(Thread.java:619)", "parsed_logs_traces": {"logs": {"0": "012-03-19 13:41:36,905 INFO org.apache.hadoop.hdfs.StateChange: BLOCK NameSystem.addToCorruptReplicasMap: duplicate requested for blk_2903555284838653156 to add as corrupt on XX.XX.XX.XX by /XX.XX.XX.XX because reported RBW replica with genstamp 1002 does not match COMPLETE block's genstamp in block map 1003", "1": "2012-03-19 13:41:39,588 INFO org.apache.hadoop.hdfs.StateChange: BLOCK* Removing block blk_2903555284838653156_1003 from neededReplications as it has enough replicas.", "3": "2012-02-29 13:54:13,126 WARN org.apache.hadoop.hdfs.server.datanode.DataNode: Unexpected error trying to delete block blk_2903555284838653156_1003. BlockInfo not found in volumeMap.", "4": "2012-02-29 13:54:13,126 WARN org.apache.hadoop.hdfs.server.datanode.DataNode: Error processing datanode Command"}, "traces": {"6": "                      at org.apache.hadoop.hdfs.server.datanode.FSDataset.invalidate(FSDataset.java:2061)", "7": "                      at org.apache.hadoop.hdfs.server.datanode.BPOfferService.processCommandFromActive(BPOfferService.java:581)", "8": "                      at org.apache.hadoop.hdfs.server.datanode.BPOfferService.processCommandFromActor(BPOfferService.java:545)", "9": "                      at org.apache.hadoop.hdfs.server.datanode.BPServiceActor.processCommand(BPServiceActor.java:690)", "10": "                      at org.apache.hadoop.hdfs.server.datanode.BPServiceActor.offerService(BPServiceActor.java:522)", "11": "                      at org.apache.hadoop.hdfs.server.datanode.BPServiceActor.run(BPServiceActor.java:662)"}, "parsed_logs": {"0": {"class": "org.apache.hadoop.hdfs.StateChange", "method": "NameSystem.addToCorruptReplicasMap", "line_number": "", "message": "duplicate requested for blk_2903555284838653156 to add as corrupt on XX.XX.XX.XX by /XX.XX.XX.XX because reported RBW replica with genstamp 1002 does not match COMPLETE block's genstamp in block map 1003"}, "1": {"class": "org.apache.hadoop.hdfs.StateChange", "method": "", "line_number": "", "message": "BLOCK* Removing block blk_2903555284838653156_1003 from neededReplications as it has enough replicas."}, "3": {"class": "org.apache.hadoop.hdfs.server.datanode.DataNode", "method": "", "line_number": "", "message": "Unexpected error trying to delete block blk_2903555284838653156_1003. BlockInfo not found in volumeMap."}, "4": {"class": "org.apache.hadoop.hdfs.server.datanode.DataNode", "method": "", "line_number": "", "message": "Error processing datanode Command"}}, "parsed_traces": {"6": {"package_class": "org.apache.hadoop.hdfs.server.datanode.FSDataset", "method": "invalidate", "file_name": "FSDataset.java", "line_number": 2061}, "7": {"package_class": "org.apache.hadoop.hdfs.server.datanode.BPOfferService", "method": "processCommandFromActive", "file_name": "BPOfferService.java", "line_number": 581}, "8": {"package_class": "org.apache.hadoop.hdfs.server.datanode.BPOfferService", "method": "processCommandFromActor", "file_name": "BPOfferService.java", "line_number": 545}, "9": {"package_class": "org.apache.hadoop.hdfs.server.datanode.BPServiceActor", "method": "processCommand", "file_name": "BPServiceActor.java", "line_number": 690}, "10": {"package_class": "org.apache.hadoop.hdfs.server.datanode.BPServiceActor", "method": "offerService", "file_name": "BPServiceActor.java", "line_number": 522}, "11": {"package_class": "org.apache.hadoop.hdfs.server.datanode.BPServiceActor", "method": "run", "file_name": "BPServiceActor.java", "line_number": 662}}}}