{"bug_id": "hd-4315", "link": "https://issues.apache.org/jira/browse/HDFS-4315", "title": "DNs with multiple BPs can have BPOfferServices fail to start due to unsynchronized map access", "description": "According to the description, there are multiple NameNodes in this setting, so on each DataNode, there are multiple BlockPools(BPs). \u201cIn all of the failing test runs that I saw, the client would end up failing with an error like the following:\u201d\n\nDFSClient:", "logs_traces": "2012-12-14 16:30:36,818 WARN  hdfs.DFSClient (DFSOutputStream.java:run(562)) - DataStreamer Exception\n\njava.io.IOException: Failed to add a datanode.  User may turn off this feature by setting dfs.client.block.write.replace-datanode-on-failure.policy in configuration, where the current policy is DEFAULT.  (Nodes: current=[127.0.0.1:52552, 127.0.0.1:43557], original=[127.0.0.1:43557, 127.0.0.1:52552])\n\n  at org.apache.hadoop.hdfs.DFSOutputStream$DataStreamer.findNewDatanode(DFSOutputStream.java:792)\n\n  at org.apache.hadoop.hdfs.DFSOutputStream$DataStreamer.addDatanode2ExistingPipeline(DFSOutputStream.java:852)\n\n  at org.apache.hadoop.hdfs.DFSOutputStream$DataStreamer.setupPipelineForAppendOrRecovery(DFSOutputStream.java:958)\n\n  at org.apache.hadoop.hdfs.DFSOutputStream$DataStreamer.run(DFSOutputStream.java:469)\n\nIt shows that when DFSClient is setting up pipeline for append or recovery, it fails to add the new DataNode to the existing pipeline: original nodes in the pipeline are [127.0.0.1:43557, 127.0.0.1:52552], while current nodes in pipeline are still these two nodes [127.0.0.1:52552, 127.0.0.1:43557].\n\n\u201cThis suggests that either an entire DN or one of the BPOfferServices of one of the DNs was not starting correctly, or had not started by the time the client was trying to access it.\u201d\n\nDataNode side:  The following error can be seen occasionally.\n\njava.lang.NullPointerException\n\n  at org.apache.hadoop.hdfs.server.datanode.DataNode.initStorage(DataNode.java:850)\n\n  at org.apache.hadoop.hdfs.server.datanode.DataNode.initBlockPool(DataNode.java:819)\n\n  at org.apache.hadoop.hdfs.server.datanode.BPOfferService.verifyAndSetNamespaceInfo(BPOfferService.java:308)\n\n  at org.apache.hadoop.hdfs.server.datanode.BPServiceActor.connectToNNAndHandshake(BPServiceActor.java:218)\n\n  at org.apache.hadoop.hdfs.server.datanode.BPServiceActor.run(BPServiceActor.java:660)\n\n  at java.lang.Thread.run(Thread.java:662)\n\nThe NPE occurs when one of the BPServiceActors in the specific DataNode tries to connect the corresponding NN and shakes hands. So this error will cause one of the BPOfferServices in this DN to not come up.", "parsed_logs_traces": {"logs": {"0": "2012-12-14 16:30:36,818 WARN  hdfs.DFSClient (DFSOutputStream.java:run(562)) - DataStreamer Exception"}, "traces": {"2": "  at org.apache.hadoop.hdfs.DFSOutputStream$DataStreamer.findNewDatanode(DFSOutputStream.java:792)", "3": "  at org.apache.hadoop.hdfs.DFSOutputStream$DataStreamer.addDatanode2ExistingPipeline(DFSOutputStream.java:852)", "4": "  at org.apache.hadoop.hdfs.DFSOutputStream$DataStreamer.setupPipelineForAppendOrRecovery(DFSOutputStream.java:958)", "5": "  at org.apache.hadoop.hdfs.DFSOutputStream$DataStreamer.run(DFSOutputStream.java:469)", "10": "  at org.apache.hadoop.hdfs.server.datanode.DataNode.initStorage(DataNode.java:850)", "11": "  at org.apache.hadoop.hdfs.server.datanode.DataNode.initBlockPool(DataNode.java:819)", "12": "  at org.apache.hadoop.hdfs.server.datanode.BPOfferService.verifyAndSetNamespaceInfo(BPOfferService.java:308)", "13": "  at org.apache.hadoop.hdfs.server.datanode.BPServiceActor.connectToNNAndHandshake(BPServiceActor.java:218)", "14": "  at org.apache.hadoop.hdfs.server.datanode.BPServiceActor.run(BPServiceActor.java:660)"}, "parsed_logs": {"0": {"class": "hdfs.DFSClient", "method": "run", "line_number": "562", "message": "DataStreamer Exception"}}, "parsed_traces": {"2": {"package_class": "org.apache.hadoop.hdfs.DFSOutputStream$DataStreamer", "method": "findNewDatanode", "file_name": "DFSOutputStream.java", "line_number": 792}, "3": {"package_class": "org.apache.hadoop.hdfs.DFSOutputStream$DataStreamer", "method": "addDatanode2ExistingPipeline", "file_name": "DFSOutputStream.java", "line_number": 852}, "4": {"package_class": "org.apache.hadoop.hdfs.DFSOutputStream$DataStreamer", "method": "setupPipelineForAppendOrRecovery", "file_name": "DFSOutputStream.java", "line_number": 958}, "5": {"package_class": "org.apache.hadoop.hdfs.DFSOutputStream$DataStreamer", "method": "run", "file_name": "DFSOutputStream.java", "line_number": 469}, "10": {"package_class": "org.apache.hadoop.hdfs.server.datanode.DataNode", "method": "initStorage", "file_name": "DataNode.java", "line_number": 850}, "11": {"package_class": "org.apache.hadoop.hdfs.server.datanode.DataNode", "method": "initBlockPool", "file_name": "DataNode.java", "line_number": 819}, "12": {"package_class": "org.apache.hadoop.hdfs.server.datanode.BPOfferService", "method": "verifyAndSetNamespaceInfo", "file_name": "BPOfferService.java", "line_number": 308}, "13": {"package_class": "org.apache.hadoop.hdfs.server.datanode.BPServiceActor", "method": "connectToNNAndHandshake", "file_name": "BPServiceActor.java", "line_number": 218}, "14": {"package_class": "org.apache.hadoop.hdfs.server.datanode.BPServiceActor", "method": "run", "file_name": "BPServiceActor.java", "line_number": 660}}}}