{"bug_id": "hd-4544", "link": "https://issues.apache.org/jira/browse/HDFS-4544", "title": "Error in deleting blocks should not do check disk, for all types of errors\n", "description": "The log is from DataNode(DN):\n\n\u201cWe have seen errors like: And all such errors trigger check disk, making the clients timeout.\u201d\n\n", "logs_traces": "2013-03-02 00:08:28,849 WARN org.apache.hadoop.hdfs.server.datanode.DataNode: Unexpected error trying to delete block blk_-2973118207682441648_225738165. BlockInfo not found in volumeMap.", "parsed_logs_traces": {"logs": {"0": "2013-03-02 00:08:28,849 WARN org.apache.hadoop.hdfs.server.datanode.DataNode: Unexpected error trying to delete block blk_-2973118207682441648_225738165. BlockInfo not found in volumeMap."}, "traces": {}, "parsed_logs": {"0": {"class": "org.apache.hadoop.hdfs.server.datanode.DataNode", "method": "", "line_number": "", "message": "Unexpected error trying to delete block blk_-2973118207682441648_225738165. BlockInfo not found in volumeMap."}}, "parsed_traces": {}}}