{"bug_id": "hd-4233", "link": "https://issues.apache.org/jira/browse/HDFS-4233", "title": "NN keeps serving even after no journals started while rolling edit", "description": "We've seen NameNode keeps serving even after rollEditLog() failure. Instead of taking a corrective action or regard this condition as FATAL, it keeps on serving and modifying its file system state. No logs are written from this point, so if the namenode is restarted, there will be data loss.\n\nThe log provided in this bug report is from NameNode, which shows the rollEditLog() failure.", "logs_traces": "2012-xx-yy 00:00:00,000 [IPC Server handler 00 on 0000] INFO\n\norg.apache.hadoop.ipc.Server: IPC Server handler 00 on 00000, call:\n\nrollEditLog(), rpc version=1, client version=6, methodsFingerPrint=403308677\n\nfrom 1.1.1.1:12345, error: \n\njava.io.IOException: Unable to start log segment 12345678: no journals\n\nsuccessfully started.\n\nat org.apache.hadoop.hdfs.server.namenode.FSEditLog.startLogSegment(FSEditLog.java:840)\n\nat org.apache.hadoop.hdfs.server.namenode.FSEditLog.rollEditLog(FSEditLog.java:802)\n\nat org.apache.hadoop.hdfs.server.namenode.FSImage.rollEditLog(FSImage.java:911)\n\nat org.apache.hadoop.hdfs.server.namenode.FSNamesystem.rollEditLog(FSNamesystem.java:3494)\n\nat org.apache.hadoop.hdfs.server.namenode.NameNodeRpcServer.rollEditLog(NameNodeRpcServer.java:644)\n\nat sun.reflect.GeneratedMethodAccessor111.invoke(Unknown Source)\n\nat sun.reflect.DelegatingMethodAccessorImpl.invoke(DelegatingMethodAccessorImpl.java:25)\n\nat java.lang.reflect.Method.invoke(Method.java:597)\n\nat org.apache.hadoop.ipc.WritableRpcEngine$Server.call(WritableRpcEngine.java:394)\n\nat org.apache.hadoop.ipc.Server$Handler$1.run(Server.java:1530)\n\nat org.apache.hadoop.ipc.Server$Handler$1.run(Server.java:1526)\n\nat java.security.AccessController.doPrivileged(Native Method)\n\nat javax.security.auth.Subject.doAs(Subject.java:396)\n\nat org.apache.hadoop.security.UserGroupInformation.doAs(UserGroupInformation.java:1212)\n\nat org.apache.hadoop.ipc.Server$Handler.run(Server.java:1524)", "parsed_logs_traces": {"logs": {"0": "2012-xx-yy 00:00:00,000 [IPC Server handler 00 on 0000] INFO"}, "traces": {"6": "at org.apache.hadoop.hdfs.server.namenode.FSEditLog.startLogSegment(FSEditLog.java:840)", "7": "at org.apache.hadoop.hdfs.server.namenode.FSEditLog.rollEditLog(FSEditLog.java:802)", "8": "at org.apache.hadoop.hdfs.server.namenode.FSImage.rollEditLog(FSImage.java:911)", "9": "at org.apache.hadoop.hdfs.server.namenode.FSNamesystem.rollEditLog(FSNamesystem.java:3494)", "10": "at org.apache.hadoop.hdfs.server.namenode.NameNodeRpcServer.rollEditLog(NameNodeRpcServer.java:644)", "14": "at org.apache.hadoop.ipc.WritableRpcEngine$Server.call(WritableRpcEngine.java:394)", "15": "at org.apache.hadoop.ipc.Server$Handler$1.run(Server.java:1530)", "16": "at org.apache.hadoop.ipc.Server$Handler$1.run(Server.java:1526)", "19": "at org.apache.hadoop.security.UserGroupInformation.doAs(UserGroupInformation.java:1212)", "20": "at org.apache.hadoop.ipc.Server$Handler.run(Server.java:1524)"}, "parsed_logs": {"0": {"class": "", "method": "", "line_number": "", "message": ""}}, "parsed_traces": {"6": {"package_class": "org.apache.hadoop.hdfs.server.namenode.FSEditLog", "method": "startLogSegment", "file_name": "FSEditLog.java", "line_number": 840}, "7": {"package_class": "org.apache.hadoop.hdfs.server.namenode.FSEditLog", "method": "rollEditLog", "file_name": "FSEditLog.java", "line_number": 802}, "8": {"package_class": "org.apache.hadoop.hdfs.server.namenode.FSImage", "method": "rollEditLog", "file_name": "FSImage.java", "line_number": 911}, "9": {"package_class": "org.apache.hadoop.hdfs.server.namenode.FSNamesystem", "method": "rollEditLog", "file_name": "FSNamesystem.java", "line_number": 3494}, "10": {"package_class": "org.apache.hadoop.hdfs.server.namenode.NameNodeRpcServer", "method": "rollEditLog", "file_name": "NameNodeRpcServer.java", "line_number": 644}, "14": {"package_class": "org.apache.hadoop.ipc.WritableRpcEngine$Server", "method": "call", "file_name": "WritableRpcEngine.java", "line_number": 394}, "15": {"package_class": "org.apache.hadoop.ipc.Server$Handler$1", "method": "run", "file_name": "Server.java", "line_number": 1530}, "16": {"package_class": "org.apache.hadoop.ipc.Server$Handler$1", "method": "run", "file_name": "Server.java", "line_number": 1526}, "19": {"package_class": "org.apache.hadoop.security.UserGroupInformation", "method": "doAs", "file_name": "UserGroupInformation.java", "line_number": 1212}, "20": {"package_class": "org.apache.hadoop.ipc.Server$Handler", "method": "run", "file_name": "Server.java", "line_number": 1524}}}}