{"bug_id": "hd-720", "link": "https://issues.apache.org/jira/browse/HDFS-720", "title": "NPE in BlockReceiver$PacketResponder.run(BlockReceiver.java:923)\n", "description": "Running some loadings on hdfs I had one of these on the DN XX.XX.XX.139:51010:\u201d\n\nThe following log is from the DataNode (denoted as DN2) who is receiving data from upstream DataNode(denoted as DN1)", "logs_traces": "2009-10-21 04:57:02,755 INFO org.apache.hadoop.hdfs.server.datanode.DataNode: Receiving block blk_6345892463926159834_1029 src: /XX,XX,XX.140:37890 dest: /XX.XX.XX.139:51010\n\n2009-10-21 04:57:02,829 INFO org.apache.hadoop.hdfs.server.datanode.DataNode: PacketResponder blk_6345892463926159834_1029 1 Exception java.lang.NullPointerException\n\n            at org.apache.hadoop.hdfs.server.datanode.BlockReceiver$PacketResponder.run(BlockReceiver.java:923)\n\n            at java.lang.Thread.run(Thread.java:619)\n\nDN2(XX.XX.XX.139:51010) is receiving blk_6345892463926159834_1029 from DN1(XX,XX,XX.140:37890), and NPE occurs unexpectedly.\n\nOn DN1(XX,XX,XX.140) , it looks like this:\n\n2009-10-21 04:57:01,866 INFO org.apache.hadoop.hdfs.server.datanode.DataNode: Receiving block blk_6345892463926159834_1029 src: /XX.XX.XX.140:37385 dest: /XX.XX.XX140:51010\n\n2009-10-21 04:57:02,836 INFO org.apache.hadoop.hdfs.server.datanode.DataNode: PacketResponder 2 for block blk_6345892463926159834_1029 terminating  \n\n2009-10-21 04:57:02,885 INFO org.apache.hadoop.hdfs.server.datanode.DataNode: DatanodeRegistration(XX.XX.XX.140:51010, storageID=DS-1292310101-208.76.44.140-51010-1256100924816, infoPort=51075, ipcPort=51020):Exception writing block blk_6345892463926159834_1029 to mirror XX.XX.XX.139:51010          (DN2)\n\njava.io.IOException: Connection reset by peer\n\n        at sun.nio.ch.FileDispatcher.write0(Native Method)\n\n        at sun.nio.ch.SocketDispatcher.write(SocketDispatcher.java:29)\n\n        at sun.nio.ch.IOUtil.writeFromNativeBuffer(IOUtil.java:104)\n\n        at sun.nio.ch.IOUtil.write(IOUtil.java:75)\n\n        at sun.nio.ch.SocketChannelImpl.write(SocketChannelImpl.java:334)\n\n        at org.apache.hadoop.net.SocketOutputStream$Writer.performIO(SocketOutputStream.java:55)\n\n        at org.apache.hadoop.net.SocketIOWithTimeout.doIO(SocketIOWithTimeout.java:142)\n\n        at org.apache.hadoop.net.SocketOutputStream.write(SocketOutputStream.java:146)\n\n        at org.apache.hadoop.net.SocketOutputStream.write(SocketOutputStream.java:107)\n\n        at java.io.BufferedOutputStream.write(BufferedOutputStream.java:105)\n\n        at java.io.DataOutputStream.write(DataOutputStream.java:90)\n\n        at org.apache.hadoop.hdfs.server.datanode.BlockReceiver.receivePacket(BlockReceiver.java:466)\n\n        at org.apache.hadoop.hdfs.server.datanode.BlockReceiver.receivePacket(BlockReceiver.java:434)\n\n        at org.apache.hadoop.hdfs.server.datanode.BlockReceiver.receiveBlock(BlockReceiver.java:573)\n\n        at org.apache.hadoop.hdfs.server.datanode.DataXceiver.opWriteBlock(DataXceiver.java:352)\n\n        at org.apache.hadoop.hdfs.protocol.DataTransferProtocol$Receiver.opWriteBlock(DataTransferProtocol.java:382)\n\n        at org.apache.hadoop.hdfs.protocol.DataTransferProtocol$Receiver.processOp(DataTransferProtocol.java:323)\n\n        at org.apache.hadoop.hdfs.server.datanode.DataXceiver.run(DataXceiver.java:111)\n\n        at java.lang.Thread.run(Thread.java:619)\n\nDN1 is receiving the block from its upstream node and sending it to its downstream node DN2 by processing writeBlock operation \u201copWriteBlock\u201d, and the IOException happens.\n\nPacketResponder is responsible for processing responses from downstream datanodes in the pipeline and sends back replies to the originator.", "parsed_logs_traces": {"logs": {"0": "2009-10-21 04:57:02,755 INFO org.apache.hadoop.hdfs.server.datanode.DataNode: Receiving block blk_6345892463926159834_1029 src: /XX,XX,XX.140:37890 dest: /XX.XX.XX.139:51010", "1": "2009-10-21 04:57:02,829 INFO org.apache.hadoop.hdfs.server.datanode.DataNode: PacketResponder blk_6345892463926159834_1029 1 Exception java.lang.NullPointerException", "6": "2009-10-21 04:57:01,866 INFO org.apache.hadoop.hdfs.server.datanode.DataNode: Receiving block blk_6345892463926159834_1029 src: /XX.XX.XX.140:37385 dest: /XX.XX.XX140:51010", "7": "2009-10-21 04:57:02,836 INFO org.apache.hadoop.hdfs.server.datanode.DataNode: PacketResponder 2 for block blk_6345892463926159834_1029 terminating  ", "8": "2009-10-21 04:57:02,885 INFO org.apache.hadoop.hdfs.server.datanode.DataNode: DatanodeRegistration(XX.XX.XX.140:51010, storageID=DS-1292310101-208.76.44.140-51010-1256100924816, infoPort=51075, ipcPort=51020):Exception writing block blk_6345892463926159834_1029 to mirror XX.XX.XX.139:51010          (DN2)"}, "traces": {"2": "            at org.apache.hadoop.hdfs.server.datanode.BlockReceiver$PacketResponder.run(BlockReceiver.java:923)", "15": "        at org.apache.hadoop.net.SocketOutputStream$Writer.performIO(SocketOutputStream.java:55)", "16": "        at org.apache.hadoop.net.SocketIOWithTimeout.doIO(SocketIOWithTimeout.java:142)", "17": "        at org.apache.hadoop.net.SocketOutputStream.write(SocketOutputStream.java:146)", "18": "        at org.apache.hadoop.net.SocketOutputStream.write(SocketOutputStream.java:107)", "21": "        at org.apache.hadoop.hdfs.server.datanode.BlockReceiver.receivePacket(BlockReceiver.java:466)", "22": "        at org.apache.hadoop.hdfs.server.datanode.BlockReceiver.receivePacket(BlockReceiver.java:434)", "23": "        at org.apache.hadoop.hdfs.server.datanode.BlockReceiver.receiveBlock(BlockReceiver.java:573)", "24": "        at org.apache.hadoop.hdfs.server.datanode.DataXceiver.opWriteBlock(DataXceiver.java:352)", "25": "        at org.apache.hadoop.hdfs.protocol.DataTransferProtocol$Receiver.opWriteBlock(DataTransferProtocol.java:382)", "26": "        at org.apache.hadoop.hdfs.protocol.DataTransferProtocol$Receiver.processOp(DataTransferProtocol.java:323)", "27": "        at org.apache.hadoop.hdfs.server.datanode.DataXceiver.run(DataXceiver.java:111)"}, "parsed_logs": {"0": {"class": "org.apache.hadoop.hdfs.server.datanode.DataNode", "method": "", "line_number": "", "message": "Receiving block blk_6345892463926159834_1029 src: /XX,XX,XX.140:37890 dest: /XX.XX.XX.139:51010"}, "1": {"class": "org.apache.hadoop.hdfs.server.datanode.DataNode", "method": "PacketResponder", "line_number": "", "message": "blk_6345892463926159834_1029 1 Exception java.lang.NullPointerException"}, "6": {"class": "org.apache.hadoop.hdfs.server.datanode.DataNode", "method": "", "line_number": "", "message": "Receiving block blk_6345892463926159834_1029 src: /XX.XX.XX.140:37385 dest: /XX.XX.XX140:51010"}, "7": {"class": "org.apache.hadoop.hdfs.server.datanode.DataNode", "method": "PacketResponder", "line_number": "", "message": "2 for block blk_6345892463926159834_1029 terminating"}, "8": {"class": "org.apache.hadoop.hdfs.server.datanode.DataNode", "method": "DatanodeRegistration", "line_number": "", "message": "Exception writing block blk_6345892463926159834_1029 to mirror XX.XX.XX.139:51010 (DN2)"}}, "parsed_traces": {"2": {"package_class": "org.apache.hadoop.hdfs.server.datanode.BlockReceiver$PacketResponder", "method": "run", "file_name": "BlockReceiver.java", "line_number": 923}, "15": {"package_class": "org.apache.hadoop.net.SocketOutputStream$Writer", "method": "performIO", "file_name": "SocketOutputStream.java", "line_number": 55}, "16": {"package_class": "org.apache.hadoop.net.SocketIOWithTimeout", "method": "doIO", "file_name": "SocketIOWithTimeout.java", "line_number": 142}, "17": {"package_class": "org.apache.hadoop.net.SocketOutputStream", "method": "write", "file_name": "SocketOutputStream.java", "line_number": 146}, "18": {"package_class": "org.apache.hadoop.net.SocketOutputStream", "method": "write", "file_name": "SocketOutputStream.java", "line_number": 107}, "21": {"package_class": "org.apache.hadoop.hdfs.server.datanode.BlockReceiver", "method": "receivePacket", "file_name": "BlockReceiver.java", "line_number": 466}, "22": {"package_class": "org.apache.hadoop.hdfs.server.datanode.BlockReceiver", "method": "receivePacket", "file_name": "BlockReceiver.java", "line_number": 434}, "23": {"package_class": "org.apache.hadoop.hdfs.server.datanode.BlockReceiver", "method": "receiveBlock", "file_name": "BlockReceiver.java", "line_number": 573}, "24": {"package_class": "org.apache.hadoop.hdfs.server.datanode.DataXceiver", "method": "opWriteBlock", "file_name": "DataXceiver.java", "line_number": 352}, "25": {"package_class": "org.apache.hadoop.hdfs.protocol.DataTransferProtocol$Receiver", "method": "opWriteBlock", "file_name": "DataTransferProtocol.java", "line_number": 382}, "26": {"package_class": "org.apache.hadoop.hdfs.protocol.DataTransferProtocol$Receiver", "method": "processOp", "file_name": "DataTransferProtocol.java", "line_number": 323}, "27": {"package_class": "org.apache.hadoop.hdfs.server.datanode.DataXceiver", "method": "run", "file_name": "DataXceiver.java", "line_number": 111}}}}