{"bug_id": "mr-2450", "link": "https://issues.apache.org/jira/browse/MAPREDUCE-2450", "title": "Calls from running tasks to TaskTracker methods sometimes fail and incur a 60s timeout hangs in a corner case\n\n", "description": "I'm seeing some map tasks in my jobs take 1 minute to commit after they finish the map computation. On the map side, the output looks like this:\n\n", "logs_traces": "2009-03-02 21:30:54,384 INFO org.apache.hadoop.metrics.jvm.JvmMetrics: Cannot initialize JVM Metrics with processName=MAP, sessionId= - already initialized\n2009-03-02 21:30:54,437 INFO org.apache.hadoop.mapred.MapTask: numReduceTasks: 800\n2009-03-02 21:30:54,437 INFO org.apache.hadoop.mapred.MapTask: io.sort.mb = 300\n2009-03-02 21:30:55,493 INFO org.apache.hadoop.mapred.MapTask: data buffer = 239075328/298844160\n2009-03-02 21:30:55,494 INFO org.apache.hadoop.mapred.MapTask: record buffer = 786432/983040\n2009-03-02 21:31:00,381 INFO org.apache.hadoop.mapred.MapTask: Starting flush of map output\n2009-03-02 21:31:07,892 INFO org.apache.hadoop.mapred.MapTask: Finished spill 0\n2009-03-02 21:31:07,951 INFO org.apache.hadoop.mapred.TaskRunner: Task:attempt_200903022127_0001_m_003163_0 is done. And is in the process of commiting\n2009-03-02 21:32:07,949 INFO org.apache.hadoop.mapred.TaskRunner: Communication exception: java.io.IOException: Call to /127.0.0.1:50311 failed on local exception: java.nio.channels.ClosedChannelException\nat org.apache.hadoop.ipc.Client.wrapException(Client.java:765)\nat org.apache.hadoop.ipc.Client.call(Client.java:733)\nat org.apache.hadoop.ipc.RPC$Invoker.invoke(RPC.java:220)\nat org.apache.hadoop.mapred.$Proxy0.ping(Unknown Source)\nat org.apache.hadoop.mapred.Task$TaskReporter.run(Task.java:525)\nat java.lang.Thread.run(Thread.java:619)\nCaused by: java.nio.channels.ClosedChannelException\nat java.nio.channels.spi.AbstractSelectableChannel.register(AbstractSelectableChannel.java:167)\nat java.nio.channels.SelectableChannel.register(SelectableChannel.java:254)\nat org.apache.hadoop.net.SocketIOWithTimeout$SelectorPool.select(SocketIOWithTimeout.java:331)\nat org.apache.hadoop.net.SocketIOWithTimeout.doIO(SocketIOWithTimeout.java:157)\nat org.apache.hadoop.net.SocketInputStream.read(SocketInputStream.java:155)\nat org.apache.hadoop.net.SocketInputStream.read(SocketInputStream.java:128)\nat java.io.FilterInputStream.read(FilterInputStream.java:116)\nat org.apache.hadoop.ipc.Client$Connection$PingInputStream.read(Client.java:276)\nat java.io.BufferedInputStream.fill(BufferedInputStream.java:218)\nat java.io.BufferedInputStream.read(BufferedInputStream.java:237)\nat java.io.DataInputStream.readInt(DataInputStream.java:370)\nat org.apache.hadoop.ipc.Client$Connection.receiveResponse(Client.java:501)\nat org.apache.hadoop.ipc.Client$Connection.run(Client.java:446)\n\n2009-03-02 21:32:07,953 INFO org.apache.hadoop.mapred.TaskRunner: Task 'attempt_200903022127_0001_m_003163_0' done.\n2009-03-02 21:31:08,110 WARN org.apache.hadoop.ipc.Server: IPC Server Responder, call ping(attempt_200903022127_0001_m_003163_0) from 127.0.0.1:56884: output error\n2009-03-02 21:31:08,111 INFO org.apache.hadoop.ipc.Server: IPC Server handler 10 on 50311 caught: java.nio.channels.ClosedChannelException\nat sun.nio.ch.SocketChannelImpl.ensureWriteOpen(SocketChannelImpl.java:126)\nat sun.nio.ch.SocketChannelImpl.write(SocketChannelImpl.java:324) at org.apache.hadoop.ipc.Server.channelWrite(Server.java:1195)\nat org.apache.hadoop.ipc.Server.access$1900(Server.java:77)\nat org.apache.hadoop.ipc.Server$Responder.processResponse(Server.java:613)\nat org.apache.hadoop.ipc.Server$Responder.doRespond(Server.java:677)\nat org.apache.hadoop.ipc.Server$Handler.run(Server.java:981)", "parsed_logs_traces": {"logs": {"0": "2009-03-02 21:30:54,384 INFO org.apache.hadoop.metrics.jvm.JvmMetrics: Cannot initialize JVM Metrics with processName=MAP, sessionId= - already initialized", "1": "2009-03-02 21:30:54,437 INFO org.apache.hadoop.mapred.MapTask: numReduceTasks: 800", "2": "2009-03-02 21:30:54,437 INFO org.apache.hadoop.mapred.MapTask: io.sort.mb = 300", "3": "2009-03-02 21:30:55,493 INFO org.apache.hadoop.mapred.MapTask: data buffer = 239075328/298844160", "4": "2009-03-02 21:30:55,494 INFO org.apache.hadoop.mapred.MapTask: record buffer = 786432/983040", "5": "2009-03-02 21:31:00,381 INFO org.apache.hadoop.mapred.MapTask: Starting flush of map output", "6": "2009-03-02 21:31:07,892 INFO org.apache.hadoop.mapred.MapTask: Finished spill 0", "7": "2009-03-02 21:31:07,951 INFO org.apache.hadoop.mapred.TaskRunner: Task:attempt_200903022127_0001_m_003163_0 is done. And is in the process of commiting", "8": "2009-03-02 21:32:07,949 INFO org.apache.hadoop.mapred.TaskRunner: Communication exception: java.io.IOException: Call to /127.0.0.1:50311 failed on local exception: java.nio.channels.ClosedChannelException", "29": "2009-03-02 21:32:07,953 INFO org.apache.hadoop.mapred.TaskRunner: Task 'attempt_200903022127_0001_m_003163_0' done.", "30": "2009-03-02 21:31:08,110 WARN org.apache.hadoop.ipc.Server: IPC Server Responder, call ping(attempt_200903022127_0001_m_003163_0) from 127.0.0.1:56884: output error", "31": "2009-03-02 21:31:08,111 INFO org.apache.hadoop.ipc.Server: IPC Server handler 10 on 50311 caught: java.nio.channels.ClosedChannelException"}, "traces": {"9": "at org.apache.hadoop.ipc.Client.wrapException(Client.java:765)", "10": "at org.apache.hadoop.ipc.Client.call(Client.java:733)", "11": "at org.apache.hadoop.ipc.RPC$Invoker.invoke(RPC.java:220)", "12": "at org.apache.hadoop.mapred.$Proxy0.ping(Unknown Source)", "13": "at org.apache.hadoop.mapred.Task$TaskReporter.run(Task.java:525)", "18": "at org.apache.hadoop.net.SocketIOWithTimeout$SelectorPool.select(SocketIOWithTimeout.java:331)", "19": "at org.apache.hadoop.net.SocketIOWithTimeout.doIO(SocketIOWithTimeout.java:157)", "20": "at org.apache.hadoop.net.SocketInputStream.read(SocketInputStream.java:155)", "21": "at org.apache.hadoop.net.SocketInputStream.read(SocketInputStream.java:128)", "23": "at org.apache.hadoop.ipc.Client$Connection$PingInputStream.read(Client.java:276)", "27": "at org.apache.hadoop.ipc.Client$Connection.receiveResponse(Client.java:501)", "28": "at org.apache.hadoop.ipc.Client$Connection.run(Client.java:446)", "33": "at sun.nio.ch.SocketChannelImpl.write(SocketChannelImpl.java:324) at org.apache.hadoop.ipc.Server.channelWrite(Server.java:1195)", "34": "at org.apache.hadoop.ipc.Server.access$1900(Server.java:77)", "35": "at org.apache.hadoop.ipc.Server$Responder.processResponse(Server.java:613)", "36": "at org.apache.hadoop.ipc.Server$Responder.doRespond(Server.java:677)", "37": "at org.apache.hadoop.ipc.Server$Handler.run(Server.java:981)"}, "parsed_logs": {"0": {"class": "org.apache.hadoop.metrics.jvm.JvmMetrics", "method": "", "line_number": "", "message": "Cannot initialize JVM Metrics with processName=MAP, sessionId= - already initialized"}, "1": {"class": "org.apache.hadoop.mapred.MapTask", "method": "", "line_number": "", "message": "numReduceTasks: 800"}, "2": {"class": "org.apache.hadoop.mapred.MapTask", "method": "", "line_number": "", "message": "io.sort.mb = 300"}, "3": {"class": "org.apache.hadoop.mapred.MapTask", "method": "", "line_number": "", "message": "data buffer = 239075328/298844160"}, "4": {"class": "org.apache.hadoop.mapred.MapTask", "method": "", "line_number": "", "message": "record buffer = 786432/983040"}, "5": {"class": "org.apache.hadoop.mapred.MapTask", "method": "", "line_number": "", "message": "Starting flush of map output"}, "6": {"class": "org.apache.hadoop.mapred.MapTask", "method": "", "line_number": "", "message": "Finished spill 0"}, "7": {"class": "org.apache.hadoop.mapred.TaskRunner", "method": "", "line_number": "", "message": "Task:attempt_200903022127_0001_m_003163_0 is done. And is in the process of commiting"}, "8": {"class": "org.apache.hadoop.mapred.TaskRunner", "method": "", "line_number": "", "message": "Communication exception: java.io.IOException: Call to /127.0.0.1:50311 failed on local exception: java.nio.channels.ClosedChannelException"}, "29": {"class": "org.apache.hadoop.mapred.TaskRunner", "method": "", "line_number": "", "message": "Task 'attempt_200903022127_0001_m_003163_0' done."}, "30": {"class": "org.apache.hadoop.ipc.Server", "method": "IPC Server Responder", "line_number": "", "message": "call ping(attempt_200903022127_0001_m_003163_0) from 127.0.0.1:56884: output error"}, "31": {"class": "org.apache.hadoop.ipc.Server", "method": "", "line_number": "", "message": "IPC Server handler 10 on 50311 caught: java.nio.channels.ClosedChannelException"}}, "parsed_traces": {"9": {"package_class": "org.apache.hadoop.ipc.Client", "method": "wrapException", "file_name": "Client.java", "line_number": 765}, "10": {"package_class": "org.apache.hadoop.ipc.Client", "method": "call", "file_name": "Client.java", "line_number": 733}, "11": {"package_class": "org.apache.hadoop.ipc.RPC$Invoker", "method": "invoke", "file_name": "RPC.java", "line_number": 220}, "13": {"package_class": "org.apache.hadoop.mapred.Task$TaskReporter", "method": "run", "file_name": "Task.java", "line_number": 525}, "18": {"package_class": "org.apache.hadoop.net.SocketIOWithTimeout$SelectorPool", "method": "select", "file_name": "SocketIOWithTimeout.java", "line_number": 331}, "19": {"package_class": "org.apache.hadoop.net.SocketIOWithTimeout", "method": "doIO", "file_name": "SocketIOWithTimeout.java", "line_number": 157}, "20": {"package_class": "org.apache.hadoop.net.SocketInputStream", "method": "read", "file_name": "SocketInputStream.java", "line_number": 155}, "21": {"package_class": "org.apache.hadoop.net.SocketInputStream", "method": "read", "file_name": "SocketInputStream.java", "line_number": 128}, "23": {"package_class": "org.apache.hadoop.ipc.Client$Connection$PingInputStream", "method": "read", "file_name": "Client.java", "line_number": 276}, "27": {"package_class": "org.apache.hadoop.ipc.Client$Connection", "method": "receiveResponse", "file_name": "Client.java", "line_number": 501}, "28": {"package_class": "org.apache.hadoop.ipc.Client$Connection", "method": "run", "file_name": "Client.java", "line_number": 446}, "34": {"package_class": "org.apache.hadoop.ipc.Server", "method": "access$1900", "file_name": "Server.java", "line_number": 77}, "35": {"package_class": "org.apache.hadoop.ipc.Server$Responder", "method": "processResponse", "file_name": "Server.java", "line_number": 613}, "36": {"package_class": "org.apache.hadoop.ipc.Server$Responder", "method": "doRespond", "file_name": "Server.java", "line_number": 677}, "37": {"package_class": "org.apache.hadoop.ipc.Server$Handler", "method": "run", "file_name": "Server.java", "line_number": 981}}}}