{"bug_id": "mr-2693", "link": "https://issues.apache.org/jira/browse/MAPREDUCE-2693", "title": "NPE in AM causes it to lose containers which are never returned back to RM\n\n", "description": "The following exception in AM of an application at the top of queue causes this. Once this happens, AM keeps obtaining\ncontainers from RM and simply loses them. Eventually on a cluster with multiple jobs, no more scheduling happens\nbecause of these lost containers.\n\nIt happens when there are blacklisted nodes at the app level in AM. A bug in AM\n(RMContainerRequestor.containerFailedOnHost(hostName)) is causing this - nodes are simply getting removed from the\nrequest-table. We should make sure RM also knows about this update.", "logs_traces": "11/06/17 06:11:18 INFO rm.RMContainerAllocator: Assigned based on host match 98.138.163.34\n11/06/17 06:11:18 INFO rm.RMContainerRequestor: BEFORE decResourceRequest: applicationId=30 priority=20\nresourceName=... numContainers=4978 #asks=5\n11/06/17 06:11:18 INFO rm.RMContainerRequestor: AFTER decResourceRequest: applicationId=30 priority=20\nresourceName=... numContainers=4977 #asks=5\n11/06/17 06:11:18 INFO rm.RMContainerRequestor: BEFORE decResourceRequest: applicationId=30 priority=20\nresourceName=... numContainers=1540 #asks=5\n11/06/17 06:11:18 INFO rm.RMContainerRequestor: AFTER decResourceRequest: applicationId=30 priority=20\nresourceName=... numContainers=1539 #asks=6\n11/06/17 06:11:18 ERROR rm.RMContainerAllocator: ERROR IN CONTACTING RM.\njava.lang.NullPointerException\nat org.apache.hadoop.mapreduce.v2.app.rm.RMContainerRequestor.decResourceRequest(RMContainerRequestor.java:246)\nat org.apache.hadoop.mapreduce.v2.app.rm.RMContainerRequestor.decContainerReq(RMContainerRequestor.java:198)\nat\norg.apache.hadoop.mapreduce.v2.app.rm.RMContainerAllocator$ScheduledRequests.assign(RMContainerAllocator.java:523)\nat\norg.apache.hadoop.mapreduce.v2.app.rm.RMContainerAllocator$ScheduledRequests.access$200(RMContainerAllocator.java:433)\nat org.apache.hadoop.mapreduce.v2.app.rm.RMContainerAllocator.heartbeat(RMContainerAllocator.java:151)\nat org.apache.hadoop.mapreduce.v2.app.rm.RMCommunicator$1.run(RMCommunicator.java:220)\nat java.lang.Thread.run(Thread.java:619)", "parsed_logs_traces": {"logs": {"0": "11/06/17 06:11:18 INFO rm.RMContainerAllocator: Assigned based on host match 98.138.163.34", "1": "11/06/17 06:11:18 INFO rm.RMContainerRequestor: BEFORE decResourceRequest: applicationId=30 priority=20", "3": "11/06/17 06:11:18 INFO rm.RMContainerRequestor: AFTER decResourceRequest: applicationId=30 priority=20", "5": "11/06/17 06:11:18 INFO rm.RMContainerRequestor: BEFORE decResourceRequest: applicationId=30 priority=20", "7": "11/06/17 06:11:18 INFO rm.RMContainerRequestor: AFTER decResourceRequest: applicationId=30 priority=20", "9": "11/06/17 06:11:18 ERROR rm.RMContainerAllocator: ERROR IN CONTACTING RM."}, "traces": {"11": "at org.apache.hadoop.mapreduce.v2.app.rm.RMContainerRequestor.decResourceRequest(RMContainerRequestor.java:246)", "12": "at org.apache.hadoop.mapreduce.v2.app.rm.RMContainerRequestor.decContainerReq(RMContainerRequestor.java:198)", "17": "at org.apache.hadoop.mapreduce.v2.app.rm.RMContainerAllocator.heartbeat(RMContainerAllocator.java:151)", "18": "at org.apache.hadoop.mapreduce.v2.app.rm.RMCommunicator$1.run(RMCommunicator.java:220)"}, "parsed_logs": {"0": {"class": "rm.RMContainerAllocator", "method": "", "line_number": "", "message": "Assigned based on host match 98.138.163.34"}, "1": {"class": "rm.RMContainerRequestor", "method": "", "line_number": "", "message": "BEFORE decResourceRequest: applicationId=30 priority=20"}, "3": {"class": "rm.RMContainerRequestor", "method": "", "line_number": "", "message": "AFTER decResourceRequest: applicationId=30 priority=20"}, "5": {"class": "rm.RMContainerRequestor", "method": "", "line_number": "", "message": "BEFORE decResourceRequest: applicationId=30 priority=20"}, "7": {"class": "rm.RMContainerRequestor", "method": "", "line_number": "", "message": "AFTER decResourceRequest: applicationId=30 priority=20"}, "9": {"class": "rm.RMContainerAllocator", "method": "", "line_number": "", "message": "ERROR IN CONTACTING RM."}}, "parsed_traces": {"11": {"package_class": "org.apache.hadoop.mapreduce.v2.app.rm.RMContainerRequestor", "method": "decResourceRequest", "file_name": "RMContainerRequestor.java", "line_number": 246}, "12": {"package_class": "org.apache.hadoop.mapreduce.v2.app.rm.RMContainerRequestor", "method": "decContainerReq", "file_name": "RMContainerRequestor.java", "line_number": 198}, "17": {"package_class": "org.apache.hadoop.mapreduce.v2.app.rm.RMContainerAllocator", "method": "heartbeat", "file_name": "RMContainerAllocator.java", "line_number": 151}, "18": {"package_class": "org.apache.hadoop.mapreduce.v2.app.rm.RMCommunicator$1", "method": "run", "file_name": "RMCommunicator.java", "line_number": 220}}}}