{"bug_id": "mr-3163", "link": "https://issues.apache.org/jira/browse/MAPREDUCE-3163", "title": "JobClient spews errors when killing MR2 job\n\n", "description": "When I used the \"hadoop job\" command line to kill a running MR2 job, I got a bunch of error spew on the console, despite the kill actually taking effect.", "logs_traces": "(JobClient logs)\n\n[todd@c0309 hadoop-trunk-home]$ ./bin/hadoop job -kill job_1318301330793_0001\n\nDEPRECATED: Use of this script to execute mapred command is deprecated.\n\nInstead use the mapred command for it.          \n\nWARNING: org.apache.hadoop.metrics.jvm.EventCounter is deprecated. Please use org.apache.hadoop.log.metrics.EventCounter in all the log4j.properties files.\n\n11/10/10 20:26:28 WARN conf.Configuration: mapred.used.genericoptionsparser is deprecated. Instead, use mapreduce.client.genericoptionsparser.used\n\n11/10/10 20:26:28 INFO ipc.YarnRPC: Creating YarnRPC for org.apache.hadoop.yarn.ipc.HadoopYarnProtoRPC\n\n11/10/10 20:26:28 INFO mapred.ResourceMgrDelegate: Connecting to ResourceManager at c0309.hal.cloudera.com/172.29.81.91:40012\n\n11/10/10 20:26:28 INFO ipc.HadoopYarnRPC: Creating a HadoopYarnProtoRpc proxy for protocol interface org.apache.hadoop.yarn.api.ClientRMProtocol\n\n11/10/10 20:26:28 INFO mapred.ResourceMgrDelegate: Connected to ResourceManager at c0309.hal.cloudera.com/172.29.81.91:40012\n\n11/10/10 20:26:28 INFO mapred.ClientCache: Connecting to HistoryServer at: c0309.hal.cloudera.com:10020\n\n11/10/10 20:26:28 INFO ipc.YarnRPC: Creating YarnRPC for org.apache.hadoop.yarn.ipc.HadoopYarnProtoRPC\n\n11/10/10 20:26:28 INFO mapred.ClientCache: Connected to HistoryServer at: c0309.hal.cloudera.com:10020\n\n11/10/10 20:26:28 INFO ipc.HadoopYarnRPC: Creating a HadoopYarnProtoRpc proxy for protocol interface org.apache.hadoop.mapreduce.v2.api.MRClientProtocol\n\n11/10/10 20:26:29 INFO mapred.ClientServiceDelegate: Tracking Url of JOB is c0312.hal.cloudera.com:38448                      We can get the details of job execution by accessing the job\u2019s tracking URL\n\n11/10/10 20:26:29 INFO mapred.ClientServiceDelegate: Connecting to c0312.hal.cloudera.com:44028  \n\n11/10/10 20:26:29 INFO ipc.YarnRPC: Creating YarnRPC for org.apache.hadoop.yarn.ipc.HadoopYarnProtoRPC\n\n11/10/10 20:26:29 INFO ipc.HadoopYarnRPC: Creating a HadoopYarnProtoRpc proxy for protocol interface org.apache.hadoop.mapreduce.v2.api.MRClientProtocol\n\n11/10/10 20:26:30 INFO mapred.ClientServiceDelegate: Failed to contact AM/History for job job_1318301330793_0001  Will retry..\n\njava.lang.reflect.UndeclaredThrowableException\n\n            at org.apache.hadoop.mapreduce.v2.api.impl.pb.client.MRClientProtocolPBClientImpl.getJobReport(MRClientProtocolPBClientImpl.java:111)\n\n            at sun.reflect.NativeMethodAccessorImpl.invoke0(Native Method)\n\n            at sun.reflect.NativeMethodAccessorImpl.invoke(NativeMethodAccessorImpl.java:39)\n\n            at sun.reflect.DelegatingMethodAccessorImpl.invoke(DelegatingMethodAccessorImpl.java:25)\n\n            at java.lang.reflect.Method.invoke(Method.java:597)\n\n            at org.apache.hadoop.mapred.ClientServiceDelegate.invoke(ClientServiceDelegate.java:266)       The patch acts on this method. \u201cFailed to contact AM/History for job\u2026\u201d and the following exception were printed by this method.\n\n            at org.apache.hadoop.mapred.ClientServiceDelegate.getJobStatus(ClientServiceDelegate.java:341)\n\n            at org.apache.hadoop.mapred.YARNRunner.killJob(YARNRunner.java:465)\n\n            at org.apache.hadoop.mapreduce.Job.killJob(Job.java:591)\n\n            at org.apache.hadoop.mapreduce.tools.CLI.run(CLI.java:258)\n\n            at org.apache.hadoop.util.ToolRunner.run(ToolRunner.java:69)\n\n            at org.apache.hadoop.util.ToolRunner.run(ToolRunner.java:83)\n\n            at org.apache.hadoop.mapred.JobClient.main(JobClient.java:1072)\n\nCaused by: com.google.protobuf.ServiceException: java.io.IOException: Failed on local exception: java.io.EOFException; Host Details : local host is: \"c0309.hal.cloudera.com/172.29.81.91\"; destination host is: \"\"c0312.hal.cloudera.com\":44028;  \n\n            at   org.apache.hadoop.yarn.ipc.ProtoOverHadoopRpcEngine$Invoker.invoke(ProtoOverHadoopRpcEngine.java:139)\n\n            at $Proxy8.getJobReport(Unknown Source)\n\n            at org.apache.hadoop.mapreduce.v2.api.impl.pb.client.MRClientProtocolPBClientImpl.getJobReport(MRClientProtocolPBClientImpl.java:104)\n\n            ... 12 more\n\nCaused by: java.io.IOException: Failed on local exception: java.io.EOFException; Host Details : local host is: \"c0309.hal.cloudera.com/172.29.81.91\"; destination host is: \"\"c0312.hal.cloudera.com\":44028;\n\n            at org.apache.hadoop.net.NetUtils.wrapException(NetUtils.java:619)\n\n            at org.apache.hadoop.ipc.Client.call(Client.java:1089)\n\n            at org.apache.hadoop.yarn.ipc.ProtoOverHadoopRpcEngine$Invoker.invoke(ProtoOverHadoopRpcEngine.java:136)\n\n            ... 14 more         \n\nCaused by: java.io.EOFException  This exception is mainly used by data input streams to signal end of stream.\n\n            at java.io.DataInputStream.readInt(DataInputStream.java:375)\n\n            at org.apache.hadoop.ipc.Client$Connection.receiveResponse(Client.java:817)\n\n            at org.apache.hadoop.ipc.Client$Connection.run(Client.java:755)\n\n11/10/10 20:26:30 INFO mapred.ClientServiceDelegate: Application state is completed. FinalApplicationStatus=UNDEFINED. Redirecting to job history server", "parsed_logs_traces": {"logs": {"4": "WARNING: org.apache.hadoop.metrics.jvm.EventCounter is deprecated. Please use org.apache.hadoop.log.metrics.EventCounter in all the log4j.properties files.", "5": "11/10/10 20:26:28 WARN conf.Configuration: mapred.used.genericoptionsparser is deprecated. Instead, use mapreduce.client.genericoptionsparser.used", "6": "11/10/10 20:26:28 INFO ipc.YarnRPC: Creating YarnRPC for org.apache.hadoop.yarn.ipc.HadoopYarnProtoRPC", "7": "11/10/10 20:26:28 INFO mapred.ResourceMgrDelegate: Connecting to ResourceManager at c0309.hal.cloudera.com/172.29.81.91:40012", "8": "11/10/10 20:26:28 INFO ipc.HadoopYarnRPC: Creating a HadoopYarnProtoRpc proxy for protocol interface org.apache.hadoop.yarn.api.ClientRMProtocol", "9": "11/10/10 20:26:28 INFO mapred.ResourceMgrDelegate: Connected to ResourceManager at c0309.hal.cloudera.com/172.29.81.91:40012", "10": "11/10/10 20:26:28 INFO mapred.ClientCache: Connecting to HistoryServer at: c0309.hal.cloudera.com:10020", "11": "11/10/10 20:26:28 INFO ipc.YarnRPC: Creating YarnRPC for org.apache.hadoop.yarn.ipc.HadoopYarnProtoRPC", "12": "11/10/10 20:26:28 INFO mapred.ClientCache: Connected to HistoryServer at: c0309.hal.cloudera.com:10020", "13": "11/10/10 20:26:28 INFO ipc.HadoopYarnRPC: Creating a HadoopYarnProtoRpc proxy for protocol interface org.apache.hadoop.mapreduce.v2.api.MRClientProtocol", "14": "11/10/10 20:26:29 INFO mapred.ClientServiceDelegate: Tracking Url of JOB is c0312.hal.cloudera.com:38448                      We can get the details of job execution by accessing the job\u2019s tracking URL", "15": "11/10/10 20:26:29 INFO mapred.ClientServiceDelegate: Connecting to c0312.hal.cloudera.com:44028  ", "16": "11/10/10 20:26:29 INFO ipc.YarnRPC: Creating YarnRPC for org.apache.hadoop.yarn.ipc.HadoopYarnProtoRPC", "17": "11/10/10 20:26:29 INFO ipc.HadoopYarnRPC: Creating a HadoopYarnProtoRpc proxy for protocol interface org.apache.hadoop.mapreduce.v2.api.MRClientProtocol", "18": "11/10/10 20:26:30 INFO mapred.ClientServiceDelegate: Failed to contact AM/History for job job_1318301330793_0001  Will retry..", "47": "11/10/10 20:26:30 INFO mapred.ClientServiceDelegate: Application state is completed. FinalApplicationStatus=UNDEFINED. Redirecting to job history server"}, "traces": {"20": "            at org.apache.hadoop.mapreduce.v2.api.impl.pb.client.MRClientProtocolPBClientImpl.getJobReport(MRClientProtocolPBClientImpl.java:111)", "25": "            at org.apache.hadoop.mapred.ClientServiceDelegate.invoke(ClientServiceDelegate.java:266)       The patch acts on this method. \u201cFailed to contact AM/History for job\u2026\u201d and the following exception were printed by this method.", "26": "            at org.apache.hadoop.mapred.ClientServiceDelegate.getJobStatus(ClientServiceDelegate.java:341)", "27": "            at org.apache.hadoop.mapred.YARNRunner.killJob(YARNRunner.java:465)", "28": "            at org.apache.hadoop.mapreduce.Job.killJob(Job.java:591)", "29": "            at org.apache.hadoop.mapreduce.tools.CLI.run(CLI.java:258)", "30": "            at org.apache.hadoop.util.ToolRunner.run(ToolRunner.java:69)", "31": "            at org.apache.hadoop.util.ToolRunner.run(ToolRunner.java:83)", "32": "            at org.apache.hadoop.mapred.JobClient.main(JobClient.java:1072)", "36": "            at org.apache.hadoop.mapreduce.v2.api.impl.pb.client.MRClientProtocolPBClientImpl.getJobReport(MRClientProtocolPBClientImpl.java:104)", "39": "            at org.apache.hadoop.net.NetUtils.wrapException(NetUtils.java:619)", "40": "            at org.apache.hadoop.ipc.Client.call(Client.java:1089)", "41": "            at org.apache.hadoop.yarn.ipc.ProtoOverHadoopRpcEngine$Invoker.invoke(ProtoOverHadoopRpcEngine.java:136)", "45": "            at org.apache.hadoop.ipc.Client$Connection.receiveResponse(Client.java:817)", "46": "            at org.apache.hadoop.ipc.Client$Connection.run(Client.java:755)"}, "parsed_logs": {"4": {"class": "org.apache.hadoop.metrics.jvm.EventCounter", "method": "", "line_number": "", "message": "is deprecated. Please use org.apache.hadoop.log.metrics.EventCounter in all the log4j.properties files."}, "5": {"class": "conf.Configuration", "method": "", "line_number": "", "message": "mapred.used.genericoptionsparser is deprecated. Instead, use mapreduce.client.genericoptionsparser.used"}, "6": {"class": "ipc.YarnRPC", "method": "", "line_number": "", "message": "Creating YarnRPC for org.apache.hadoop.yarn.ipc.HadoopYarnProtoRPC"}, "7": {"class": "mapred.ResourceMgrDelegate", "method": "", "line_number": "", "message": "Connecting to ResourceManager at c0309.hal.cloudera.com/172.29.81.91:40012"}, "8": {"class": "ipc.HadoopYarnRPC", "method": "", "line_number": "", "message": "Creating a HadoopYarnProtoRpc proxy for protocol interface org.apache.hadoop.yarn.api.ClientRMProtocol"}, "9": {"class": "mapred.ResourceMgrDelegate", "method": "", "line_number": "", "message": "Connected to ResourceManager at c0309.hal.cloudera.com/172.29.81.91:40012"}, "10": {"class": "mapred.ClientCache", "method": "", "line_number": "", "message": "Connecting to HistoryServer at: c0309.hal.cloudera.com:10020"}, "11": {"class": "ipc.YarnRPC", "method": "", "line_number": "", "message": "Creating YarnRPC for org.apache.hadoop.yarn.ipc.HadoopYarnProtoRPC"}, "12": {"class": "mapred.ClientCache", "method": "", "line_number": "", "message": "Connected to HistoryServer at: c0309.hal.cloudera.com:10020"}, "13": {"class": "ipc.HadoopYarnRPC", "method": "", "line_number": "", "message": "Creating a HadoopYarnProtoRpc proxy for protocol interface org.apache.hadoop.mapreduce.v2.api.MRClientProtocol"}, "14": {"class": "mapred.ClientServiceDelegate", "method": "", "line_number": "", "message": "Tracking Url of JOB is c0312.hal.cloudera.com:38448 We can get the details of job execution by accessing the job\u2019s tracking URL"}, "15": {"class": "mapred.ClientServiceDelegate", "method": "", "line_number": "", "message": "Connecting to c0312.hal.cloudera.com:44028"}, "16": {"class": "ipc.YarnRPC", "method": "", "line_number": "", "message": "Creating YarnRPC for org.apache.hadoop.yarn.ipc.HadoopYarnProtoRPC"}, "17": {"class": "ipc.HadoopYarnRPC", "method": "", "line_number": "", "message": "Creating a HadoopYarnProtoRpc proxy for protocol interface org.apache.hadoop.mapreduce.v2.api.MRClientProtocol"}, "18": {"class": "mapred.ClientServiceDelegate", "method": "", "line_number": "", "message": "Failed to contact AM/History for job job_1318301330793_0001  Will retry.."}, "47": {"class": "mapred.ClientServiceDelegate", "method": "", "line_number": "", "message": "Application state is completed. FinalApplicationStatus=UNDEFINED. Redirecting to job history server"}}, "parsed_traces": {"20": {"package_class": "org.apache.hadoop.mapreduce.v2.api.impl.pb.client.MRClientProtocolPBClientImpl", "method": "getJobReport", "file_name": "MRClientProtocolPBClientImpl.java", "line_number": 111}, "26": {"package_class": "org.apache.hadoop.mapred.ClientServiceDelegate", "method": "getJobStatus", "file_name": "ClientServiceDelegate.java", "line_number": 341}, "27": {"package_class": "org.apache.hadoop.mapred.YARNRunner", "method": "killJob", "file_name": "YARNRunner.java", "line_number": 465}, "28": {"package_class": "org.apache.hadoop.mapreduce.Job", "method": "killJob", "file_name": "Job.java", "line_number": 591}, "29": {"package_class": "org.apache.hadoop.mapreduce.tools.CLI", "method": "run", "file_name": "CLI.java", "line_number": 258}, "30": {"package_class": "org.apache.hadoop.util.ToolRunner", "method": "run", "file_name": "ToolRunner.java", "line_number": 69}, "31": {"package_class": "org.apache.hadoop.util.ToolRunner", "method": "run", "file_name": "ToolRunner.java", "line_number": 83}, "32": {"package_class": "org.apache.hadoop.mapred.JobClient", "method": "main", "file_name": "JobClient.java", "line_number": 1072}, "36": {"package_class": "org.apache.hadoop.mapreduce.v2.api.impl.pb.client.MRClientProtocolPBClientImpl", "method": "getJobReport", "file_name": "MRClientProtocolPBClientImpl.java", "line_number": 104}, "39": {"package_class": "org.apache.hadoop.net.NetUtils", "method": "wrapException", "file_name": "NetUtils.java", "line_number": 619}, "40": {"package_class": "org.apache.hadoop.ipc.Client", "method": "call", "file_name": "Client.java", "line_number": 1089}, "41": {"package_class": "org.apache.hadoop.yarn.ipc.ProtoOverHadoopRpcEngine$Invoker", "method": "invoke", "file_name": "ProtoOverHadoopRpcEngine.java", "line_number": 136}, "45": {"package_class": "org.apache.hadoop.ipc.Client$Connection", "method": "receiveResponse", "file_name": "Client.java", "line_number": 817}, "46": {"package_class": "org.apache.hadoop.ipc.Client$Connection", "method": "run", "file_name": "Client.java", "line_number": 755}}}}