{"bug_id": "mr-3070", "link": "https://issues.apache.org/jira/browse/MAPREDUCE-3070", "title": "NM not able to register with RM after NM restart\n\n", "description": "After stopping NM gracefully then starting NM, NM registration fails with RM with Duplicate registration from the node! error.", "logs_traces": "2011-09-23 01:50:46,705 FATAL nodemanager.NodeManager (NodeManager.java:main(204)) - Error starting NodeManager\norg.apache.hadoop.yarn.YarnException: Failed to Start org.apache.hadoop.yarn.server.nodemanager.NodeManager\n        at org.apache.hadoop.yarn.service.CompositeService.start(CompositeService.java:78)\n        at org.apache.hadoop.yarn.server.nodemanager.NodeManager.start(NodeManager.java:153)\n        at org.apache.hadoop.yarn.server.nodemanager.NodeManager.main(NodeManager.java:202)\nCaused by: org.apache.avro.AvroRuntimeException: org.apache.hadoop.yarn.exceptions.impl.pb.YarnRemoteExceptionPBImpl: Duplicate registration from the node!\n        at org.apache.hadoop.yarn.server.nodemanager.NodeStatusUpdaterImpl.start(NodeStatusUpdaterImpl.java:141)\n        at org.apache.hadoop.yarn.service.CompositeService.start(CompositeService.java:68)\n        ... 2 more\nCaused by: org.apache.hadoop.yarn.exceptions.impl.pb.YarnRemoteExceptionPBImpl: Duplicate registration from the node!\n        at org.apache.hadoop.yarn.ipc.ProtoOverHadoopRpcEngine$Invoker.invoke(ProtoOverHadoopRpcEngine.java:142)\n        at $Proxy13.registerNodeManager(Unknown Source)\n        at org.apache.hadoop.yarn.server.api.impl.pb.client.ResourceTrackerPBClientImpl.registerNodeManager(ResourceTrackerPBClientImpl.java:59)\n        at org.apache.hadoop.yarn.server.nodemanager.NodeStatusUpdaterImpl.registerWithRM(NodeStatusUpdaterImpl.java:175)\n        at org.apache.hadoop.yarn.server.nodemanager.NodeStatusUpdaterImpl.start(NodeStatusUpdaterImpl.java:137)\n        ... 3 more", "parsed_logs_traces": {"logs": {"0": "2011-09-23 01:50:46,705 FATAL nodemanager.NodeManager (NodeManager.java:main(204)) - Error starting NodeManager"}, "traces": {"2": "        at org.apache.hadoop.yarn.service.CompositeService.start(CompositeService.java:78)", "3": "        at org.apache.hadoop.yarn.server.nodemanager.NodeManager.start(NodeManager.java:153)", "4": "        at org.apache.hadoop.yarn.server.nodemanager.NodeManager.main(NodeManager.java:202)", "6": "        at org.apache.hadoop.yarn.server.nodemanager.NodeStatusUpdaterImpl.start(NodeStatusUpdaterImpl.java:141)", "7": "        at org.apache.hadoop.yarn.service.CompositeService.start(CompositeService.java:68)", "10": "        at org.apache.hadoop.yarn.ipc.ProtoOverHadoopRpcEngine$Invoker.invoke(ProtoOverHadoopRpcEngine.java:142)", "12": "        at org.apache.hadoop.yarn.server.api.impl.pb.client.ResourceTrackerPBClientImpl.registerNodeManager(ResourceTrackerPBClientImpl.java:59)", "13": "        at org.apache.hadoop.yarn.server.nodemanager.NodeStatusUpdaterImpl.registerWithRM(NodeStatusUpdaterImpl.java:175)", "14": "        at org.apache.hadoop.yarn.server.nodemanager.NodeStatusUpdaterImpl.start(NodeStatusUpdaterImpl.java:137)"}, "parsed_logs": {"0": {"class": "nodemanager.NodeManager", "method": "main", "line_number": "204", "message": "Error starting NodeManager"}}, "parsed_traces": {"2": {"package_class": "org.apache.hadoop.yarn.service.CompositeService", "method": "start", "file_name": "CompositeService.java", "line_number": 78}, "3": {"package_class": "org.apache.hadoop.yarn.server.nodemanager.NodeManager", "method": "start", "file_name": "NodeManager.java", "line_number": 153}, "4": {"package_class": "org.apache.hadoop.yarn.server.nodemanager.NodeManager", "method": "main", "file_name": "NodeManager.java", "line_number": 202}, "6": {"package_class": "org.apache.hadoop.yarn.server.nodemanager.NodeStatusUpdaterImpl", "method": "start", "file_name": "NodeStatusUpdaterImpl.java", "line_number": 141}, "7": {"package_class": "org.apache.hadoop.yarn.service.CompositeService", "method": "start", "file_name": "CompositeService.java", "line_number": 68}, "10": {"package_class": "org.apache.hadoop.yarn.ipc.ProtoOverHadoopRpcEngine$Invoker", "method": "invoke", "file_name": "ProtoOverHadoopRpcEngine.java", "line_number": 142}, "12": {"package_class": "org.apache.hadoop.yarn.server.api.impl.pb.client.ResourceTrackerPBClientImpl", "method": "registerNodeManager", "file_name": "ResourceTrackerPBClientImpl.java", "line_number": 59}, "13": {"package_class": "org.apache.hadoop.yarn.server.nodemanager.NodeStatusUpdaterImpl", "method": "registerWithRM", "file_name": "NodeStatusUpdaterImpl.java", "line_number": 175}, "14": {"package_class": "org.apache.hadoop.yarn.server.nodemanager.NodeStatusUpdaterImpl", "method": "start", "file_name": "NodeStatusUpdaterImpl.java", "line_number": 137}}}}