{"bug_id": "mr-3714", "link": "https://issues.apache.org/jira/browse/MAPREDUCE-3714", "title": "Reduce hangs in a corner case\n\n", "description": "karams found this long time back and we(Sid/I) ran into this again.", "logs_traces": "Found this exception in reducer log.\n\n2011-10-18 10:34:41,006 INFO org.apache.hadoop.mapred.Task: Communication exception: java.io.IOException: Failed on local exception: java.nio.channels.ClosedByInterruptException; Host Details : local host is: hostname.com/$ip_addr\"; destination host is: \"\"hostname.com\":12345;\n        at org.apache.hadoop.net.NetUtils.wrapException(NetUtils.java:601)\n        at org.apache.hadoop.ipc.Client.call(Client.java:1089)\n        at org.apache.hadoop.ipc.WritableRpcEngine$Invoker.invoke(WritableRpcEngine.java:193)\n        at $Proxy6.statusUpdate(Unknown Source)\n        at org.apache.hadoop.mapred.Task$TaskReporter.run(Task.java:671)\n        at java.lang.Thread.run(Thread.java:619)\nCaused by: java.nio.channels.ClosedByInterruptException\n        at java.nio.channels.spi.AbstractInterruptibleChannel.end(AbstractInterruptibleChannel.java:184)\n        at sun.nio.ch.SocketChannelImpl.write(SocketChannelImpl.java:341)\n        at org.apache.hadoop.net.SocketOutputStream$Writer.performIO(SocketOutputStream.java:60)\n        at org.apache.hadoop.net.SocketIOWithTimeout.doIO(SocketIOWithTimeout.java:142)\n        at org.apache.hadoop.net.SocketOutputStream.write(SocketOutputStream.java:151)\n        at org.apache.hadoop.net.SocketOutputStream.write(SocketOutputStream.java:112)\n        at org.apache.hadoop.security.SaslOutputStream.write(SaslOutputStream.java:168)\n        at java.io.BufferedOutputStream.flushBuffer(BufferedOutputStream.java:65)\n        at java.io.BufferedOutputStream.flush(BufferedOutputStream.java:123)\n        at java.io.DataOutputStream.flush(DataOutputStream.java:106)\n        at org.apache.hadoop.ipc.Client$Connection.sendParam(Client.java:796)\n        at org.apache.hadoop.ipc.Client.call(Client.java:1066)\n        at org.apache.hadoop.ipc.WritableRpcEngine$Invoker.invoke(WritableRpcEngine.java:193)\n        at $Proxy6.getMapCompletionEvents(Unknown Source)\n        at org.apache.hadoop.mapreduce.task.reduce.EventFetcher.getMapCompletionEvents(EventFetcher.java:99)\n        at org.apache.hadoop.mapreduce.task.reduce.EventFetcher.run(EventFetcher.java:65)\nAnd the thread dump has the following:\n\n \n\"EventFetcher for fetching Map Completion Events\" daemon prio=10 tid=0xa325fc00 nid=0x1ca4 waiting on condition [0xa315c000]\n   java.lang.Thread.State: TIMED_WAITING (sleeping)\n        at java.lang.Thread.sleep(Native Method)\n        at org.apache.hadoop.mapreduce.task.reduce.EventFetcher.run(EventFetcher.java:71)\n \n \n\"main\" prio=10 tid=0x080ed400 nid=0x1c71 in Object.wait() [0xf73a2000]\n   java.lang.Thread.State: WAITING (on object monitor)\n        at java.lang.Object.wait(Native Method)\n        - waiting on <0xa94b23d8> (a org.apache.hadoop.mapreduce.task.reduce.EventFetcher)\n        at java.lang.Thread.join(Thread.java:1143)\n        - locked <0xa94b23d8> (a org.apache.hadoop.mapreduce.task.reduce.EventFetcher)\n        at java.lang.Thread.join(Thread.java:1196)\n        at org.apache.hadoop.mapreduce.task.reduce.Shuffle.run(Shuffle.java:135)\n        at org.apache.hadoop.mapred.ReduceTask.run(ReduceTask.java:367)\n        at org.apache.hadoop.mapred.YarnChild$2.run(YarnChild.java:147)\n        at java.security.AccessController.doPrivileged(Native Method)\n        at javax.security.auth.Subject.doAs(Subject.java:396)\n        at org.apache.hadoop.security.UserGroupInformation.doAs(UserGroupInformation.java:1135)\n        at org.apache.hadoop.mapred.YarnChild.main(YarnChild.java:142)", "parsed_logs_traces": {"logs": {"1": "2011-10-18 10:34:41,006 INFO org.apache.hadoop.mapred.Task: Communication exception: java.io.IOException: Failed on local exception: java.nio.channels.ClosedByInterruptException; Host Details : local host is: hostname.com/$ip_addr\"; destination host is: \"\"hostname.com\":12345;"}, "traces": {"2": "        at org.apache.hadoop.net.NetUtils.wrapException(NetUtils.java:601)", "3": "        at org.apache.hadoop.ipc.Client.call(Client.java:1089)", "4": "        at org.apache.hadoop.ipc.WritableRpcEngine$Invoker.invoke(WritableRpcEngine.java:193)", "6": "        at org.apache.hadoop.mapred.Task$TaskReporter.run(Task.java:671)", "11": "        at org.apache.hadoop.net.SocketOutputStream$Writer.performIO(SocketOutputStream.java:60)", "12": "        at org.apache.hadoop.net.SocketIOWithTimeout.doIO(SocketIOWithTimeout.java:142)", "13": "        at org.apache.hadoop.net.SocketOutputStream.write(SocketOutputStream.java:151)", "14": "        at org.apache.hadoop.net.SocketOutputStream.write(SocketOutputStream.java:112)", "15": "        at org.apache.hadoop.security.SaslOutputStream.write(SaslOutputStream.java:168)", "19": "        at org.apache.hadoop.ipc.Client$Connection.sendParam(Client.java:796)", "20": "        at org.apache.hadoop.ipc.Client.call(Client.java:1066)", "21": "        at org.apache.hadoop.ipc.WritableRpcEngine$Invoker.invoke(WritableRpcEngine.java:193)", "23": "        at org.apache.hadoop.mapreduce.task.reduce.EventFetcher.getMapCompletionEvents(EventFetcher.java:99)", "24": "        at org.apache.hadoop.mapreduce.task.reduce.EventFetcher.run(EventFetcher.java:65)", "29": "        at org.apache.hadoop.mapreduce.task.reduce.EventFetcher.run(EventFetcher.java:71)", "37": "        at org.apache.hadoop.mapreduce.task.reduce.Shuffle.run(Shuffle.java:135)", "38": "        at org.apache.hadoop.mapred.ReduceTask.run(ReduceTask.java:367)", "39": "        at org.apache.hadoop.mapred.YarnChild$2.run(YarnChild.java:147)", "42": "        at org.apache.hadoop.security.UserGroupInformation.doAs(UserGroupInformation.java:1135)", "43": "        at org.apache.hadoop.mapred.YarnChild.main(YarnChild.java:142)"}, "parsed_logs": {"1": {"class": "org.apache.hadoop.mapred.Task", "method": "", "line_number": "", "message": "Communication exception: java.io.IOException: Failed on local exception: java.nio.channels.ClosedByInterruptException; Host Details : local host is: hostname.com/$ip_addr; destination host is: \"hostname.com\":12345;"}}, "parsed_traces": {"2": {"package_class": "org.apache.hadoop.net.NetUtils", "method": "wrapException", "file_name": "NetUtils.java", "line_number": 601}, "3": {"package_class": "org.apache.hadoop.ipc.Client", "method": "call", "file_name": "Client.java", "line_number": 1089}, "4": {"package_class": "org.apache.hadoop.ipc.WritableRpcEngine$Invoker", "method": "invoke", "file_name": "WritableRpcEngine.java", "line_number": 193}, "6": {"package_class": "org.apache.hadoop.mapred.Task$TaskReporter", "method": "run", "file_name": "Task.java", "line_number": 671}, "11": {"package_class": "org.apache.hadoop.net.SocketOutputStream$Writer", "method": "performIO", "file_name": "SocketOutputStream.java", "line_number": 60}, "12": {"package_class": "org.apache.hadoop.net.SocketIOWithTimeout", "method": "doIO", "file_name": "SocketIOWithTimeout.java", "line_number": 142}, "13": {"package_class": "org.apache.hadoop.net.SocketOutputStream", "method": "write", "file_name": "SocketOutputStream.java", "line_number": 151}, "14": {"package_class": "org.apache.hadoop.net.SocketOutputStream", "method": "write", "file_name": "SocketOutputStream.java", "line_number": 112}, "15": {"package_class": "org.apache.hadoop.security.SaslOutputStream", "method": "write", "file_name": "SaslOutputStream.java", "line_number": 168}, "19": {"package_class": "org.apache.hadoop.ipc.Client$Connection", "method": "sendParam", "file_name": "Client.java", "line_number": 796}, "20": {"package_class": "org.apache.hadoop.ipc.Client", "method": "call", "file_name": "Client.java", "line_number": 1066}, "21": {"package_class": "org.apache.hadoop.ipc.WritableRpcEngine$Invoker", "method": "invoke", "file_name": "WritableRpcEngine.java", "line_number": 193}, "23": {"package_class": "org.apache.hadoop.mapreduce.task.reduce.EventFetcher", "method": "getMapCompletionEvents", "file_name": "EventFetcher.java", "line_number": 99}, "24": {"package_class": "org.apache.hadoop.mapreduce.task.reduce.EventFetcher", "method": "run", "file_name": "EventFetcher.java", "line_number": 65}, "29": {"package_class": "org.apache.hadoop.mapreduce.task.reduce.EventFetcher", "method": "run", "file_name": "EventFetcher.java", "line_number": 71}, "37": {"package_class": "org.apache.hadoop.mapreduce.task.reduce.Shuffle", "method": "run", "file_name": "Shuffle.java", "line_number": 135}, "38": {"package_class": "org.apache.hadoop.mapred.ReduceTask", "method": "run", "file_name": "ReduceTask.java", "line_number": 367}, "39": {"package_class": "org.apache.hadoop.mapred.YarnChild$2", "method": "run", "file_name": "YarnChild.java", "line_number": 147}, "42": {"package_class": "org.apache.hadoop.security.UserGroupInformation", "method": "doAs", "file_name": "UserGroupInformation.java", "line_number": 1135}, "43": {"package_class": "org.apache.hadoop.mapred.YarnChild", "method": "main", "file_name": "YarnChild.java", "line_number": 142}}}}