{"bug_id": "mr-3226", "link": "https://issues.apache.org/jira/browse/MAPREDUCE-3226", "title": "Few reduce tasks hanging in a gridmix-run\n\n", "description": "In a gridmix run with ~1000 jobs, one job is getting stuck because of 2-3 hanging reducers. All of them are stuck after downloading all map outputs and have the following thread dump.", "logs_traces": "2011-10-18 10:34:41,006 INFO org.apache.hadoop.mapred.Task: Communication exception: java.io.IOException: Failed on local exception: java.nio.channels.ClosedByInterruptException; Host Details : local host is: \"host.name.com/$IP\"; destination host is: \u201c\"host.name.com\":48314;            \n\n           at org.apache.hadoop.net.NetUtils.wrapException(NetUtils.java:601)              \n\n            at org.apache.hadoop.ipc.Client.call(Client.java:1089)\n\n            at org.apache.hadoop.ipc.WritableRpcEngine$Invoker.invoke(WritableRpcEngine.java:193)\n\n            at $Proxy6.statusUpdate(Unknown Source)\n\n            at org.apache.hadoop.mapred.Task$TaskReporter.run(Task.java:671)\n\n            at java.lang.Thread.run(Thread.java:619)\n\nCaused by: java.nio.channels.ClosedByInterruptException\n\n            at java.nio.channels.spi.AbstractInterruptibleChannel.end(AbstractInterruptibleChannel.java:184)\n\n            at sun.nio.ch.SocketChannelImpl.write(SocketChannelImpl.java:341)\n\n            at org.apache.hadoop.net.SocketOutputStream$Writer.performIO(SocketOutputStream.java:60)\n\n            at org.apache.hadoop.net.SocketIOWithTimeout.doIO(SocketIOWithTimeout.java:142)\n\n            at org.apache.hadoop.net.SocketOutputStream.write(SocketOutputStream.java:151)\n\n            at org.apache.hadoop.net.SocketOutputStream.write(SocketOutputStream.java:112)\n\n            at org.apache.hadoop.security.SaslOutputStream.write(SaslOutputStream.java:168)\n\n            at java.io.BufferedOutputStream.flushBuffer(BufferedOutputStream.java:65)\n\n            at java.io.BufferedOutputStream.flush(BufferedOutputStream.java:123)\n\n            at java.io.DataOutputStream.flush(DataOutputStream.java:106)\n\n            at org.apache.hadoop.ipc.Client$Connection.sendParam(Client.java:796)\n\n            at org.apache.hadoop.ipc.Client.call(Client.java:1066)\n\n            at org.apache.hadoop.ipc.WritableRpcEngine$Invoker.invoke(WritableRpcEngine.java:193)\n\n            at $Proxy6.getMapCompletionEvents(Unknown Source)\n\n            at org.apache.hadoop.mapreduce.task.reduce.EventFetcher.getMapCompletionEvents(EventFetcher.java:99)\n\n            at org.apache.hadoop.mapreduce.task.reduce.EventFetcher.run(EventFetcher.java:65)\n\nThe hanging reducers\u2019 thread dump:\n\n\"EventFetcher for fetching Map Completion Events\" daemon prio=10 tid=0xa325fc00 nid=0x1ca4 waiting on condition [0xa315c000]\n\n   java.lang.Thread.State: TIMED_WAITING (sleeping)\n\n            at java.lang.Thread.sleep(Native Method)\n\n            at org.apache.hadoop.mapreduce.task.reduce.EventFetcher.run(EventFetcher.java:71)\n\n\"main\" prio=10 tid=0x080ed400 nid=0x1c71 in Object.wait() [0xf73a2000]\n\n   java.lang.Thread.State: WAITING (on object monitor)\n\n            at java.lang.Object.wait(Native Method)\n\n            - waiting on <0xa94b23d8> (a org.apache.hadoop.mapreduce.task.reduce.EventFetcher)\n\n            at java.lang.Thread.join(Thread.java:1143)\n\n            - locked <0xa94b23d8> (a org.apache.hadoop.mapreduce.task.reduce.EventFetcher)\n\n            at java.lang.Thread.join(Thread.java:1196)\n\n            at org.apache.hadoop.mapreduce.task.reduce.Shuffle.run(Shuffle.java:135)\n\n            at org.apache.hadoop.mapred.ReduceTask.run(ReduceTask.java:367)\n\n            at org.apache.hadoop.mapred.YarnChild$2.run(YarnChild.java:147)\n\n            at java.security.AccessController.doPrivileged(Native Method)\n\n            at javax.security.auth.Subject.doAs(Subject.java:396)\n\n            at org.apache.hadoop.security.UserGroupInformation.doAs(UserGroupInformation.java:1135)\n\n              at org.apache.hadoop.mapred.YarnChild.main(YarnChild.java:142)", "parsed_logs_traces": {"logs": {"0": "2011-10-18 10:34:41,006 INFO org.apache.hadoop.mapred.Task: Communication exception: java.io.IOException: Failed on local exception: java.nio.channels.ClosedByInterruptException; Host Details : local host is: \"host.name.com/$IP\"; destination host is: \u201c\"host.name.com\":48314;            "}, "traces": {"1": "           at org.apache.hadoop.net.NetUtils.wrapException(NetUtils.java:601)              ", "2": "            at org.apache.hadoop.ipc.Client.call(Client.java:1089)", "3": "            at org.apache.hadoop.ipc.WritableRpcEngine$Invoker.invoke(WritableRpcEngine.java:193)", "5": "            at org.apache.hadoop.mapred.Task$TaskReporter.run(Task.java:671)", "10": "            at org.apache.hadoop.net.SocketOutputStream$Writer.performIO(SocketOutputStream.java:60)", "11": "            at org.apache.hadoop.net.SocketIOWithTimeout.doIO(SocketIOWithTimeout.java:142)", "12": "            at org.apache.hadoop.net.SocketOutputStream.write(SocketOutputStream.java:151)", "13": "            at org.apache.hadoop.net.SocketOutputStream.write(SocketOutputStream.java:112)", "14": "            at org.apache.hadoop.security.SaslOutputStream.write(SaslOutputStream.java:168)", "18": "            at org.apache.hadoop.ipc.Client$Connection.sendParam(Client.java:796)", "19": "            at org.apache.hadoop.ipc.Client.call(Client.java:1066)", "20": "            at org.apache.hadoop.ipc.WritableRpcEngine$Invoker.invoke(WritableRpcEngine.java:193)", "22": "            at org.apache.hadoop.mapreduce.task.reduce.EventFetcher.getMapCompletionEvents(EventFetcher.java:99)", "23": "            at org.apache.hadoop.mapreduce.task.reduce.EventFetcher.run(EventFetcher.java:65)", "28": "            at org.apache.hadoop.mapreduce.task.reduce.EventFetcher.run(EventFetcher.java:71)", "36": "            at org.apache.hadoop.mapreduce.task.reduce.Shuffle.run(Shuffle.java:135)", "37": "            at org.apache.hadoop.mapred.ReduceTask.run(ReduceTask.java:367)", "38": "            at org.apache.hadoop.mapred.YarnChild$2.run(YarnChild.java:147)", "41": "            at org.apache.hadoop.security.UserGroupInformation.doAs(UserGroupInformation.java:1135)", "42": "              at org.apache.hadoop.mapred.YarnChild.main(YarnChild.java:142)"}, "parsed_logs": {"0": {"class": "org.apache.hadoop.mapred.Task", "method": "", "line_number": "", "message": "Communication exception: java.io.IOException: Failed on local exception: java.nio.channels.ClosedByInterruptException; Host Details : local host is: \"host.name.com/$IP\"; destination host is: \u201c\"host.name.com\":48314;"}}, "parsed_traces": {"1": {"package_class": "org.apache.hadoop.net.NetUtils", "method": "wrapException", "file_name": "NetUtils.java", "line_number": 601}, "2": {"package_class": "org.apache.hadoop.ipc.Client", "method": "call", "file_name": "Client.java", "line_number": 1089}, "3": {"package_class": "org.apache.hadoop.ipc.WritableRpcEngine$Invoker", "method": "invoke", "file_name": "WritableRpcEngine.java", "line_number": 193}, "5": {"package_class": "org.apache.hadoop.mapred.Task$TaskReporter", "method": "run", "file_name": "Task.java", "line_number": 671}, "10": {"package_class": "org.apache.hadoop.net.SocketOutputStream$Writer", "method": "performIO", "file_name": "SocketOutputStream.java", "line_number": 60}, "11": {"package_class": "org.apache.hadoop.net.SocketIOWithTimeout", "method": "doIO", "file_name": "SocketIOWithTimeout.java", "line_number": 142}, "12": {"package_class": "org.apache.hadoop.net.SocketOutputStream", "method": "write", "file_name": "SocketOutputStream.java", "line_number": 151}, "13": {"package_class": "org.apache.hadoop.net.SocketOutputStream", "method": "write", "file_name": "SocketOutputStream.java", "line_number": 112}, "14": {"package_class": "org.apache.hadoop.security.SaslOutputStream", "method": "write", "file_name": "SaslOutputStream.java", "line_number": 168}, "18": {"package_class": "org.apache.hadoop.ipc.Client$Connection", "method": "sendParam", "file_name": "Client.java", "line_number": 796}, "19": {"package_class": "org.apache.hadoop.ipc.Client", "method": "call", "file_name": "Client.java", "line_number": 1066}, "20": {"package_class": "org.apache.hadoop.ipc.WritableRpcEngine$Invoker", "method": "invoke", "file_name": "WritableRpcEngine.java", "line_number": 193}, "22": {"package_class": "org.apache.hadoop.mapreduce.task.reduce.EventFetcher", "method": "getMapCompletionEvents", "file_name": "EventFetcher.java", "line_number": 99}, "23": {"package_class": "org.apache.hadoop.mapreduce.task.reduce.EventFetcher", "method": "run", "file_name": "EventFetcher.java", "line_number": 65}, "28": {"package_class": "org.apache.hadoop.mapreduce.task.reduce.EventFetcher", "method": "run", "file_name": "EventFetcher.java", "line_number": 71}, "36": {"package_class": "org.apache.hadoop.mapreduce.task.reduce.Shuffle", "method": "run", "file_name": "Shuffle.java", "line_number": 135}, "37": {"package_class": "org.apache.hadoop.mapred.ReduceTask", "method": "run", "file_name": "ReduceTask.java", "line_number": 367}, "38": {"package_class": "org.apache.hadoop.mapred.YarnChild$2", "method": "run", "file_name": "YarnChild.java", "line_number": 147}, "41": {"package_class": "org.apache.hadoop.security.UserGroupInformation", "method": "doAs", "file_name": "UserGroupInformation.java", "line_number": 1135}, "42": {"package_class": "org.apache.hadoop.mapred.YarnChild", "method": "main", "file_name": "YarnChild.java", "line_number": 142}}}}