{"bug_id": "mr-3531", "link": "https://issues.apache.org/jira/browse/MAPREDUCE-3531", "title": "Sometimes java.lang.IllegalArgumentException: Invalid key to HMAC computation in NODE_UPDATE also causing RM to stop scheduling\n\n", "description": "Started 350 cluster. Submmited large sleep job.\n\nFound that job was not running as RM has not allocated resouces to it.\n\nThe following log comes from RM.", "logs_traces": "2011-12-01 11:56:25,200 INFO org.apache.hadoop.yarn.server.resourcemanager.scheduler.capacity.CapacityScheduler: nodeUpdate: <NMHost>:48490 clusterResources: memory: 3225600\n\n2011-12-01 11:56:25,202 ERROR org.apache.hadoop.yarn.server.resourcemanager.ResourceManager: Error in handling event\n\ntype NODE_UPDATE to the scheduler\n\njava.lang.IllegalArgumentException: Invalid key to HMAC computation\n\n        at org.apache.hadoop.security.token.SecretManager.createPassword(SecretManager.java:141)\n\n        at org.apache.hadoop.yarn.server.security.ContainerTokenSecretManager.createPassword(ContainerTokenSecretManager.java:61)\n\n        atorg.apache.hadoop.yarn.server.resourcemanager.scheduler.capacity.LeafQueue.createContainer(LeafQueue.java:1108)\n\n        at org.apache.hadoop.yarn.server.resourcemanager.scheduler.capacity.LeafQueue.getContainer(LeafQueue.java:1091)\n\n        at org.apache.hadoop.yarn.server.resourcemanager.scheduler.capacity.LeafQueue.assignContainer(LeafQueue.java:1137)\n\n        at org.apache.hadoop.yarn.server.resourcemanager.scheduler.capacity.LeafQueue.assignNodeLocalContainers(LeafQueue.java:1001)\n\n        at org.apache.hadoop.yarn.server.resourcemanager.scheduler.capacity.LeafQueue.assignContainersOnNode(LeafQueue.java:973)\n\n        at org.apache.hadoop.yarn.server.resourcemanager.scheduler.capacity.LeafQueue.assignContainers(LeafQueue.java:760)\n\n        at org.apache.hadoop.yarn.server.resourcemanager.scheduler.capacity.ParentQueue.assignContainersToChildQueues(ParentQueue.java:583)\n\n        at org.apache.hadoop.yarn.server.resourcemanager.scheduler.capacity.ParentQueue.assignContainers(ParentQueue.java:513)\n\n        at org.apache.hadoop.yarn.server.resourcemanager.scheduler.capacity.CapacityScheduler.nodeUpdate(CapacityScheduler.java:569)\n\n        at org.apache.hadoop.yarn.server.resourcemanager.scheduler.capacity.CapacityScheduler.handle(CapacityScheduler.java:611)\n\n        at org.apache.hadoop.yarn.server.resourcemanager.scheduler.capacity.CapacityScheduler.handle(CapacityScheduler.java:77)\n\n        at org.apache.hadoop.yarn.server.resourcemanager.ResourceManager$SchedulerEventDispatcher$EventProcessor.run(ResourceManager.java:294)\n\n        at java.lang.Thread.run(Thread.java:619)\n\nCaused by: java.security.InvalidKeyException: Secret key expected\n\n        at com.sun.crypto.provider.HmacCore.a(DashoA13*..)\n\n        at com.sun.crypto.provider.HmacSHA1.engineInit(DashoA13*..)\n\n        at javax.crypto.Mac.init(DashoA13*..)\n\n        at org.apache.hadoop.security.token.SecretManager.createPassword(SecretManager.java:139)\n\n        ... 14 more", "parsed_logs_traces": {"logs": {"0": "2011-12-01 11:56:25,200 INFO org.apache.hadoop.yarn.server.resourcemanager.scheduler.capacity.CapacityScheduler: nodeUpdate: <NMHost>:48490 clusterResources: memory: 3225600", "1": "2011-12-01 11:56:25,202 ERROR org.apache.hadoop.yarn.server.resourcemanager.ResourceManager: Error in handling event"}, "traces": {"4": "        at org.apache.hadoop.security.token.SecretManager.createPassword(SecretManager.java:141)", "5": "        at org.apache.hadoop.yarn.server.security.ContainerTokenSecretManager.createPassword(ContainerTokenSecretManager.java:61)", "7": "        at org.apache.hadoop.yarn.server.resourcemanager.scheduler.capacity.LeafQueue.getContainer(LeafQueue.java:1091)", "8": "        at org.apache.hadoop.yarn.server.resourcemanager.scheduler.capacity.LeafQueue.assignContainer(LeafQueue.java:1137)", "9": "        at org.apache.hadoop.yarn.server.resourcemanager.scheduler.capacity.LeafQueue.assignNodeLocalContainers(LeafQueue.java:1001)", "10": "        at org.apache.hadoop.yarn.server.resourcemanager.scheduler.capacity.LeafQueue.assignContainersOnNode(LeafQueue.java:973)", "11": "        at org.apache.hadoop.yarn.server.resourcemanager.scheduler.capacity.LeafQueue.assignContainers(LeafQueue.java:760)", "12": "        at org.apache.hadoop.yarn.server.resourcemanager.scheduler.capacity.ParentQueue.assignContainersToChildQueues(ParentQueue.java:583)", "13": "        at org.apache.hadoop.yarn.server.resourcemanager.scheduler.capacity.ParentQueue.assignContainers(ParentQueue.java:513)", "14": "        at org.apache.hadoop.yarn.server.resourcemanager.scheduler.capacity.CapacityScheduler.nodeUpdate(CapacityScheduler.java:569)", "15": "        at org.apache.hadoop.yarn.server.resourcemanager.scheduler.capacity.CapacityScheduler.handle(CapacityScheduler.java:611)", "16": "        at org.apache.hadoop.yarn.server.resourcemanager.scheduler.capacity.CapacityScheduler.handle(CapacityScheduler.java:77)", "17": "        at org.apache.hadoop.yarn.server.resourcemanager.ResourceManager$SchedulerEventDispatcher$EventProcessor.run(ResourceManager.java:294)", "23": "        at org.apache.hadoop.security.token.SecretManager.createPassword(SecretManager.java:139)"}, "parsed_logs": {"0": {"class": "org.apache.hadoop.yarn.server.resourcemanager.scheduler.capacity.CapacityScheduler", "method": "nodeUpdate", "line_number": "", "message": "<NMHost>:48490 clusterResources: memory: 3225600"}, "1": {"class": "org.apache.hadoop.yarn.server.resourcemanager.ResourceManager", "method": "", "line_number": "", "message": "Error in handling event"}}, "parsed_traces": {"4": {"package_class": "org.apache.hadoop.security.token.SecretManager", "method": "createPassword", "file_name": "SecretManager.java", "line_number": 141}, "5": {"package_class": "org.apache.hadoop.yarn.server.security.ContainerTokenSecretManager", "method": "createPassword", "file_name": "ContainerTokenSecretManager.java", "line_number": 61}, "7": {"package_class": "org.apache.hadoop.yarn.server.resourcemanager.scheduler.capacity.LeafQueue", "method": "getContainer", "file_name": "LeafQueue.java", "line_number": 1091}, "8": {"package_class": "org.apache.hadoop.yarn.server.resourcemanager.scheduler.capacity.LeafQueue", "method": "assignContainer", "file_name": "LeafQueue.java", "line_number": 1137}, "9": {"package_class": "org.apache.hadoop.yarn.server.resourcemanager.scheduler.capacity.LeafQueue", "method": "assignNodeLocalContainers", "file_name": "LeafQueue.java", "line_number": 1001}, "10": {"package_class": "org.apache.hadoop.yarn.server.resourcemanager.scheduler.capacity.LeafQueue", "method": "assignContainersOnNode", "file_name": "LeafQueue.java", "line_number": 973}, "11": {"package_class": "org.apache.hadoop.yarn.server.resourcemanager.scheduler.capacity.LeafQueue", "method": "assignContainers", "file_name": "LeafQueue.java", "line_number": 760}, "12": {"package_class": "org.apache.hadoop.yarn.server.resourcemanager.scheduler.capacity.ParentQueue", "method": "assignContainersToChildQueues", "file_name": "ParentQueue.java", "line_number": 583}, "13": {"package_class": "org.apache.hadoop.yarn.server.resourcemanager.scheduler.capacity.ParentQueue", "method": "assignContainers", "file_name": "ParentQueue.java", "line_number": 513}, "14": {"package_class": "org.apache.hadoop.yarn.server.resourcemanager.scheduler.capacity.CapacityScheduler", "method": "nodeUpdate", "file_name": "CapacityScheduler.java", "line_number": 569}, "15": {"package_class": "org.apache.hadoop.yarn.server.resourcemanager.scheduler.capacity.CapacityScheduler", "method": "handle", "file_name": "CapacityScheduler.java", "line_number": 611}, "16": {"package_class": "org.apache.hadoop.yarn.server.resourcemanager.scheduler.capacity.CapacityScheduler", "method": "handle", "file_name": "CapacityScheduler.java", "line_number": 77}, "17": {"package_class": "org.apache.hadoop.yarn.server.resourcemanager.ResourceManager$SchedulerEventDispatcher$EventProcessor", "method": "run", "file_name": "ResourceManager.java", "line_number": 294}, "23": {"package_class": "org.apache.hadoop.security.token.SecretManager", "method": "createPassword", "file_name": "SecretManager.java", "line_number": 139}}}}