{"bug_id": "mr-3333", "link": "https://issues.apache.org/jira/browse/MAPREDUCE-3333", "title": "MR AM for sort-job going out of memory\n\n", "description": "Karams just found this. The usual sort job on a 350 node cluster hung due to OutOfMemory and eventually failed after an hour instead of the usual odd 20 minutes.\n\n", "logs_traces": "2011-11-02 11:40:36,438 ERROR [ContainerLauncher #258] org.apache.hadoop.mapreduce.v2.app.launcher.ContainerLauncherImpl: Container launch failed for container_1320233407485_0002\n_01_001434 : java.lang.reflect.UndeclaredThrowableException\n        at org.apache.hadoop.yarn.api.impl.pb.client.ContainerManagerPBClientImpl.startContainer(ContainerManagerPBClientImpl.java:88)\n        at org.apache.hadoop.mapreduce.v2.app.launcher.ContainerLauncherImpl$EventProcessor.run(ContainerLauncherImpl.java:290)\n        at java.util.concurrent.ThreadPoolExecutor$Worker.runTask(ThreadPoolExecutor.java:886)\n        at java.util.concurrent.ThreadPoolExecutor$Worker.run(ThreadPoolExecutor.java:908)\n        at java.lang.Thread.run(Thread.java:619)\nCaused by: com.google.protobuf.ServiceException: java.io.IOException: Failed on local exception: java.io.IOException: Couldn't set up IO streams; Host Details : local host is: \"gsbl91281.blue.ygrid.yahoo.com/98.137.101.189\"; destination host is: \"\"gsbl91525.blue.ygrid.yahoo.com\":45450; \n        at org.apache.hadoop.yarn.ipc.ProtoOverHadoopRpcEngine$Invoker.invoke(ProtoOverHadoopRpcEngine.java:139)\n        at $Proxy20.startContainer(Unknown Source)\n        at org.apache.hadoop.yarn.api.impl.pb.client.ContainerManagerPBClientImpl.startContainer(ContainerManagerPBClientImpl.java:81)\n        ... 4 more\nCaused by: java.io.IOException: Failed on local exception: java.io.IOException: Couldn't set up IO streams; Host Details : local host is: \"gsbl91281.blue.ygrid.yahoo.com/98.137.101.189\"; destination host is: \"\"gsbl91525.blue.ygrid.yahoo.com\":45450; \n        at org.apache.hadoop.net.NetUtils.wrapException(NetUtils.java:655)\n        at org.apache.hadoop.ipc.Client.call(Client.java:1089)\n        at org.apache.hadoop.yarn.ipc.ProtoOverHadoopRpcEngine$Invoker.invoke(ProtoOverHadoopRpcEngine.java:136)\n        ... 6 more\nCaused by: java.io.IOException: Couldn't set up IO streams\n        at org.apache.hadoop.ipc.Client$Connection.setupIOstreams(Client.java:621)\n        at org.apache.hadoop.ipc.Client$Connection.access$2000(Client.java:205)\n        at org.apache.hadoop.ipc.Client.getConnection(Client.java:1195)\n        at org.apache.hadoop.ipc.Client.call(Client.java:1065)\n        ... 7 more\nCaused by: java.lang.OutOfMemoryError: unable to create new native thread\n        at java.lang.Thread.start0(Native Method)\n        at java.lang.Thread.start(Thread.java:597)\n        at org.apache.hadoop.ipc.Client$Connection.setupIOstreams(Client.java:614)\n        ... 10 more", "parsed_logs_traces": {"logs": {"0": "2011-11-02 11:40:36,438 ERROR [ContainerLauncher #258] org.apache.hadoop.mapreduce.v2.app.launcher.ContainerLauncherImpl: Container launch failed for container_1320233407485_0002"}, "traces": {"2": "        at org.apache.hadoop.yarn.api.impl.pb.client.ContainerManagerPBClientImpl.startContainer(ContainerManagerPBClientImpl.java:88)", "3": "        at org.apache.hadoop.mapreduce.v2.app.launcher.ContainerLauncherImpl$EventProcessor.run(ContainerLauncherImpl.java:290)", "8": "        at org.apache.hadoop.yarn.ipc.ProtoOverHadoopRpcEngine$Invoker.invoke(ProtoOverHadoopRpcEngine.java:139)", "10": "        at org.apache.hadoop.yarn.api.impl.pb.client.ContainerManagerPBClientImpl.startContainer(ContainerManagerPBClientImpl.java:81)", "13": "        at org.apache.hadoop.net.NetUtils.wrapException(NetUtils.java:655)", "14": "        at org.apache.hadoop.ipc.Client.call(Client.java:1089)", "15": "        at org.apache.hadoop.yarn.ipc.ProtoOverHadoopRpcEngine$Invoker.invoke(ProtoOverHadoopRpcEngine.java:136)", "18": "        at org.apache.hadoop.ipc.Client$Connection.setupIOstreams(Client.java:621)", "19": "        at org.apache.hadoop.ipc.Client$Connection.access$2000(Client.java:205)", "20": "        at org.apache.hadoop.ipc.Client.getConnection(Client.java:1195)", "21": "        at org.apache.hadoop.ipc.Client.call(Client.java:1065)", "26": "        at org.apache.hadoop.ipc.Client$Connection.setupIOstreams(Client.java:614)"}, "parsed_logs": {"0": {"class": "org.apache.hadoop.mapreduce.v2.app.launcher.ContainerLauncherImpl", "method": "", "line_number": "", "message": "Container launch failed for container_1320233407485_0002"}}, "parsed_traces": {"2": {"package_class": "org.apache.hadoop.yarn.api.impl.pb.client.ContainerManagerPBClientImpl", "method": "startContainer", "file_name": "ContainerManagerPBClientImpl.java", "line_number": 88}, "3": {"package_class": "org.apache.hadoop.mapreduce.v2.app.launcher.ContainerLauncherImpl$EventProcessor", "method": "run", "file_name": "ContainerLauncherImpl.java", "line_number": 290}, "8": {"package_class": "org.apache.hadoop.yarn.ipc.ProtoOverHadoopRpcEngine$Invoker", "method": "invoke", "file_name": "ProtoOverHadoopRpcEngine.java", "line_number": 139}, "10": {"package_class": "org.apache.hadoop.yarn.api.impl.pb.client.ContainerManagerPBClientImpl", "method": "startContainer", "file_name": "ContainerManagerPBClientImpl.java", "line_number": 81}, "13": {"package_class": "org.apache.hadoop.net.NetUtils", "method": "wrapException", "file_name": "NetUtils.java", "line_number": 655}, "14": {"package_class": "org.apache.hadoop.ipc.Client", "method": "call", "file_name": "Client.java", "line_number": 1089}, "15": {"package_class": "org.apache.hadoop.yarn.ipc.ProtoOverHadoopRpcEngine$Invoker", "method": "invoke", "file_name": "ProtoOverHadoopRpcEngine.java", "line_number": 136}, "18": {"package_class": "org.apache.hadoop.ipc.Client$Connection", "method": "setupIOstreams", "file_name": "Client.java", "line_number": 621}, "19": {"package_class": "org.apache.hadoop.ipc.Client$Connection", "method": "access$2000", "file_name": "Client.java", "line_number": 205}, "20": {"package_class": "org.apache.hadoop.ipc.Client", "method": "getConnection", "file_name": "Client.java", "line_number": 1195}, "21": {"package_class": "org.apache.hadoop.ipc.Client", "method": "call", "file_name": "Client.java", "line_number": 1065}, "26": {"package_class": "org.apache.hadoop.ipc.Client$Connection", "method": "setupIOstreams", "file_name": "Client.java", "line_number": 614}}}}