{"bug_id": "mr-3186", "link": "https://issues.apache.org/jira/browse/MAPREDUCE-3186", "title": "User jobs are getting hanged if the Resource manager process goes down and comes up while job is getting executed.\n\n", "description": "If the resource manager is restarted while the job execution is in progress, the job is getting hanged.\nUI shows the job as running.\nIn the RM log, it is throwing an error", "logs_traces": "ERROR org.apache.hadoop.yarn.server.resourcemanager.ApplicationMasterService: AppAttemptId doesnt exist in cache appattempt_1318579738195_0004_000001", "parsed_logs_traces": {"logs": {"0": "ERROR org.apache.hadoop.yarn.server.resourcemanager.ApplicationMasterService: AppAttemptId doesnt exist in cache appattempt_1318579738195_0004_000001"}, "traces": {}, "parsed_logs": {"0": {"class": "org.apache.hadoop.yarn.server.resourcemanager.ApplicationMasterService", "method": "", "line_number": "", "message": "AppAttemptId doesnt exist in cache appattempt_1318579738195_0004_000001"}}, "parsed_traces": {}}}