{"bug_id": "mr-4801", "link": "https://issues.apache.org/jira/browse/MAPREDUCE-4801", "title": "ShuffleHandler can generate large logs due to prematurely closed channels\n\n", "description": "We ran into an instance where many nodes on a cluster ran out of disk space because the nodemanager logs were huge. Examining the logs showed many, many shuffle errors due to either ClosedChannelException or IOException from \"Connection reset by peer\" or \"Broken pipe\".\n\n", "logs_traces": "2012-11-15 12:47:02,365 [New I/O server worker #1-14] ERROR org.apache.hadoop.mapred.ShuffleHandler: Shuffle error:\n\njava.io.IOException: Connection reset by peer\n\n            at sun.nio.ch.FileDispatcher.read0(Native Method)\n\n            at sun.nio.ch.SocketDispatcher.read(SocketDispatcher.java:21)\n\n            at sun.nio.ch.IOUtil.readIntoNativeBuffer(IOUtil.java:237)\n\n            at sun.nio.ch.IOUtil.read(IOUtil.java:204)\n\n            at sun.nio.ch.SocketChannelImpl.read(SocketChannelImpl.java:236)\n\n            at org.jboss.netty.channel.socket.nio.NioWorker.read(NioWorker.java:321)\n\n            at org.jboss.netty.channel.socket.nio.NioWorker.processSelectedKeys(NioWorker.java:280)\n\n            at org.jboss.netty.channel.socket.nio.NioWorker.run(NioWorker.java:200)\n\n            at java.util.concurrent.ThreadPoolExecutor$Worker.runTask(ThreadPoolExecutor.java:886)\n\n            at java.util.concurrent.ThreadPoolExecutor$Worker.run(ThreadPoolExecutor.java:908)\n\n            at java.lang.Thread.run(Thread.java:619)\n\n2012-11-15 12:47:02,366 [New I/O server worker #1-14] ERROR org.apache.hadoop.mapred.ShuffleHandler: Shuffle error [id: 0x01901fc1, /xx.xx.xx.xx:xx => /xx.xx.xx.xx:xx] EXCEPTION: java.io.IOException: Connection reset by peer\n\n2012-11-15 12:47:02,366 [New I/O server worker #1-14] ERROR org.apache.hadoop.mapred.ShuffleHandler: Shuffle error:\n\njava.nio.channels.ClosedChannelException\n\n            at org.jboss.netty.channel.socket.nio.NioWorker.cleanUpWriteBuffer(NioWorker.java:616)\n\n            at org.jboss.netty.channel.socket.nio.NioWorker.close(NioWorker.java:592)\n\n            at org.jboss.netty.channel.socket.nio.NioWorker.read(NioWorker.java:355)\n\n            at org.jboss.netty.channel.socket.nio.NioWorker.processSelectedKeys(NioWorker.java:280)\n\n            at org.jboss.netty.channel.socket.nio.NioWorker.run(NioWorker.java:200)\n\n            at java.util.concurrent.ThreadPoolExecutor$Worker.runTask(ThreadPoolExecutor.java:886)\n\n            at java.util.concurrent.ThreadPoolExecutor$Worker.run(ThreadPoolExecutor.java:908)\n\n            at java.lang.Thread.run(Thread.java:619)\n\n...\n\n2012-11-15 12:47:02,367 [New I/O server worker #1-15] ERROR org.apache.hadoop.mapred.ShuffleHandler: Shuffle error:\n\njava.io.IOException: Broken pipe\n\n            at sun.nio.ch.FileDispatcher.write0(Native Method)\n\n            at sun.nio.ch.SocketDispatcher.write(SocketDispatcher.java:29)\n\n            at sun.nio.ch.IOUtil.writeFromNativeBuffer(IOUtil.java:100)\n\n            at sun.nio.ch.IOUtil.write(IOUtil.java:56)\n\n            at sun.nio.ch.SocketChannelImpl.write(SocketChannelImpl.java:334)\n\n            at org.jboss.netty.channel.socket.nio.SocketSendBufferPool$PooledSendBuffer.transferTo(SocketSendBufferPool.java:239)\n\n            at org.jboss.netty.channel.socket.nio.NioWorker.write0(NioWorker.java:469)\n\n            at org.jboss.netty.channel.socket.nio.NioWorker.writeFromUserCode(NioWorker.java:387)\n\n            at org.jboss.netty.channel.socket.nio.NioServerSocketPipelineSink.handleAcceptedSocket(NioServerSocketPipelineSink.java:137)\n\n            at org.jboss.netty.channel.socket.nio.NioServerSocketPipelineSink.eventSunk(NioServerSocketPipelineSink.java:76)\n\n            at org.jboss.netty.handler.codec.oneone.OneToOneEncoder.handleDownstream(OneToOneEncoder.java:68)\n\n            at org.jboss.netty.handler.stream.ChunkedWriteHandler.flush(ChunkedWriteHandler.java:255)\n\n            at org.jboss.netty.handler.stream.ChunkedWriteHandler.handleDownstream(ChunkedWriteHandler.java:124)\n\n            at org.jboss.netty.channel.Channels.write(Channels.java:611)\n\n            at org.jboss.netty.channel.Channels.write(Channels.java:578)\n\n            at org.jboss.netty.channel.AbstractChannel.write(AbstractChannel.java:259)\n\n            at org.apache.hadoop.mapred.ShuffleHandler$Shuffle.sendMapOutput(ShuffleHandler.java:477)\n\n            at org.apache.hadoop.mapred.ShuffleHandler$Shuffle.messageReceived(ShuffleHandler.java:397)\n\n            at org.jboss.netty.handler.stream.ChunkedWriteHandler.handleUpstream(ChunkedWriteHandler.java:148)\n\n            at org.jboss.netty.handler.codec.http.HttpChunkAggregator.messageReceived(HttpChunkAggregator.java:116)\n\n            at org.jboss.netty.channel.Channels.fireMessageReceived(Channels.java:302)\n\n            at org.jboss.netty.handler.codec.replay.ReplayingDecoder.unfoldAndfireMessageReceived(ReplayingDecoder.java:522)\n\n            at org.jboss.netty.handler.codec.replay.ReplayingDecoder.callDecode(ReplayingDecoder.java:506)\n\n            at org.jboss.netty.handler.codec.replay.ReplayingDecoder.messageReceived(ReplayingDecoder.java:443)\n\n            at org.jboss.netty.channel.Channels.fireMessageReceived(Channels.java:274)\n\n            at org.jboss.netty.channel.Channels.fireMessageReceived(Channels.java:261)\n\n            at org.jboss.netty.channel.socket.nio.NioWorker.read(NioWorker.java:349)\n\n            at org.jboss.netty.channel.socket.nio.NioWorker.processSelectedKeys(NioWorker.java:280)\n\n            at org.jboss.netty.channel.socket.nio.NioWorker.run(NioWorker.java:200)\n\n            at java.util.concurrent.ThreadPoolExecutor$Worker.runTask(ThreadPoolExecutor.java:886)\n\n            at java.util.concurrent.ThreadPoolExecutor$Worker.run(ThreadPoolExecutor.java:908)\n\n            at java.lang.Thread.run(Thread.java:619)\n\n2012-11-15 12:47:02,367 [New I/O server worker #1-15] ERROR org.apache.hadoop.mapred.ShuffleHandler: Shuffle error [id: 0x01fd225b, /xx.xx.xx.xx:xx => /xx.xx.xx.xx:xx] EXCEPTION: java.io.IOException: Broken pipe\n\n2012-11-15 12:47:02,367 [New I/O server worker #1-15] ERROR org.apache.hadoop.mapred.ShuffleHandler: Shuffle error:\n\njava.nio.channels.ClosedChannelException\n\n            at org.jboss.netty.channel.socket.nio.NioWorker.cleanUpWriteBuffer(NioWorker.java:636)\n\n            at org.jboss.netty.channel.socket.nio.NioWorker.close(NioWorker.java:592)\n\n            at org.jboss.netty.channel.socket.nio.NioWorker.write0(NioWorker.java:512)\n\n            at org.jboss.netty.channel.socket.nio.NioWorker.writeFromUserCode(NioWorker.java:387)\n\n            at org.jboss.netty.channel.socket.nio.NioServerSocketPipelineSink.handleAcceptedSocket(NioServerSocketPipelineSink.java:137)\n\n            at org.jboss.netty.channel.socket.nio.NioServerSocketPipelineSink.eventSunk(NioServerSocketPipelineSink.java:76)\n\n            at org.jboss.netty.handler.codec.oneone.OneToOneEncoder.handleDownstream(OneToOneEncoder.java:68)\n\n            at org.jboss.netty.handler.stream.ChunkedWriteHandler.flush(ChunkedWriteHandler.java:255)\n\n            at org.jboss.netty.handler.stream.ChunkedWriteHandler.handleDownstream(ChunkedWriteHandler.java:124)\n\n            at org.jboss.netty.channel.Channels.write(Channels.java:611)\n\n            at org.jboss.netty.channel.Channels.write(Channels.java:578)\n\n            at org.jboss.netty.channel.AbstractChannel.write(AbstractChannel.java:259)\n\n            at org.apache.hadoop.mapred.ShuffleHandler$Shuffle.sendMapOutput(ShuffleHandler.java:477)\n\n            at org.apache.hadoop.mapred.ShuffleHandler$Shuffle.messageReceived(ShuffleHandler.java:397)\n\n            at org.jboss.netty.handler.stream.ChunkedWriteHandler.handleUpstream(ChunkedWriteHandler.java:148)\n\n            at org.jboss.netty.handler.codec.http.HttpChunkAggregator.messageReceived(HttpChunkAggregator.java:116)\n\n            at org.jboss.netty.channel.Channels.fireMessageReceived(Channels.java:302)\n\n            at org.jboss.netty.handler.codec.replay.ReplayingDecoder.unfoldAndfireMessageReceived(ReplayingDecoder.java:522)\n\n            at org.jboss.netty.handler.codec.replay.ReplayingDecoder.callDecode(ReplayingDecoder.java:506)\n\n            at org.jboss.netty.handler.codec.replay.ReplayingDecoder.messageReceived(ReplayingDecoder.java:443)\n\n            at org.jboss.netty.channel.Channels.fireMessageReceived(Channels.java:274)\n\n            at org.jboss.netty.channel.Channels.fireMessageReceived(Channels.java:261)\n\n            at org.jboss.netty.channel.socket.nio.NioWorker.read(NioWorker.java:349)\n\n            at org.jboss.netty.channel.socket.nio.NioWorker.processSelectedKeys(NioWorker.java:280)\n\n            at org.jboss.netty.channel.socket.nio.NioWorker.run(NioWorker.java:200)\n\n            at java.util.concurrent.ThreadPoolExecutor$Worker.runTask(ThreadPoolExecutor.java:886)\n\n            at java.util.concurrent.ThreadPoolExecutor$Worker.run(ThreadPoolExecutor.java:908)\n\n            at java.lang.Thread.run(Thread.java:619)\n\nThe IOExceptions are shown in many nodes(NodeManager). The containers running in each node may contain several map/reduce tasks.", "parsed_logs_traces": {"logs": {"0": "2012-11-15 12:47:02,365 [New I/O server worker #1-14] ERROR org.apache.hadoop.mapred.ShuffleHandler: Shuffle error:", "13": "2012-11-15 12:47:02,366 [New I/O server worker #1-14] ERROR org.apache.hadoop.mapred.ShuffleHandler: Shuffle error [id: 0x01901fc1, /xx.xx.xx.xx:xx => /xx.xx.xx.xx:xx] EXCEPTION: java.io.IOException: Connection reset by peer", "14": "2012-11-15 12:47:02,366 [New I/O server worker #1-14] ERROR org.apache.hadoop.mapred.ShuffleHandler: Shuffle error:", "25": "2012-11-15 12:47:02,367 [New I/O server worker #1-15] ERROR org.apache.hadoop.mapred.ShuffleHandler: Shuffle error:", "59": "2012-11-15 12:47:02,367 [New I/O server worker #1-15] ERROR org.apache.hadoop.mapred.ShuffleHandler: Shuffle error [id: 0x01fd225b, /xx.xx.xx.xx:xx => /xx.xx.xx.xx:xx] EXCEPTION: java.io.IOException: Broken pipe", "60": "2012-11-15 12:47:02,367 [New I/O server worker #1-15] ERROR org.apache.hadoop.mapred.ShuffleHandler: Shuffle error:"}, "traces": {"43": "            at org.apache.hadoop.mapred.ShuffleHandler$Shuffle.sendMapOutput(ShuffleHandler.java:477)", "44": "            at org.apache.hadoop.mapred.ShuffleHandler$Shuffle.messageReceived(ShuffleHandler.java:397)", "74": "            at org.apache.hadoop.mapred.ShuffleHandler$Shuffle.sendMapOutput(ShuffleHandler.java:477)", "75": "            at org.apache.hadoop.mapred.ShuffleHandler$Shuffle.messageReceived(ShuffleHandler.java:397)"}, "parsed_logs": {"0": {"class": "org.apache.hadoop.mapred.ShuffleHandler", "method": "", "line_number": "", "message": "Shuffle error:"}, "13": {"class": "org.apache.hadoop.mapred.ShuffleHandler", "method": "", "line_number": "", "message": "Shuffle error [id: 0x01901fc1, /xx.xx.xx.xx:xx => /xx.xx.xx.xx:xx] EXCEPTION: java.io.IOException: Connection reset by peer"}, "14": {"class": "org.apache.hadoop.mapred.ShuffleHandler", "method": "", "line_number": "", "message": "Shuffle error:"}, "25": {"class": "org.apache.hadoop.mapred.ShuffleHandler", "method": "", "line_number": "", "message": "Shuffle error:"}, "59": {"class": "org.apache.hadoop.mapred.ShuffleHandler", "method": "", "line_number": "", "message": "Shuffle error [id: 0x01fd225b, /xx.xx.xx.xx:xx => /xx.xx.xx.xx:xx] EXCEPTION: java.io.IOException: Broken pipe"}, "60": {"class": "org.apache.hadoop.mapred.ShuffleHandler", "method": "", "line_number": "", "message": "Shuffle error:"}}, "parsed_traces": {"43": {"package_class": "org.apache.hadoop.mapred.ShuffleHandler$Shuffle", "method": "sendMapOutput", "file_name": "ShuffleHandler.java", "line_number": 477}, "44": {"package_class": "org.apache.hadoop.mapred.ShuffleHandler$Shuffle", "method": "messageReceived", "file_name": "ShuffleHandler.java", "line_number": 397}, "74": {"package_class": "org.apache.hadoop.mapred.ShuffleHandler$Shuffle", "method": "sendMapOutput", "file_name": "ShuffleHandler.java", "line_number": 477}, "75": {"package_class": "org.apache.hadoop.mapred.ShuffleHandler$Shuffle", "method": "messageReceived", "file_name": "ShuffleHandler.java", "line_number": 397}}}}