{"bug_id": "mr-4842", "link": "https://issues.apache.org/jira/browse/MAPREDUCE-4842", "title": "Shuffle race can hang reducer\n\n", "description": "Saw an instance where the shuffle caused multiple reducers in a job to hang. It looked similar to the problem described in MAPREDUCE-3721, where the fetchers were all being told to WAIT by the MergeManager but no merge was taking place.\n\n", "logs_traces": "2013-07-18 04:32:57,900 INFO fetcher#4 org.apache.hadoop.mapreduce.task.reduce.Fetcher: fetcher#4 - MergerManager returned Status.WAIT ...\n\n...\n\n2013-07-18 04:32:57,904 INFO fetcher#3 org.apache.hadoop.mapreduce.task.reduce.Fetcher: fetcher#3 - MergerManager returned Status.WAIT ...", "parsed_logs_traces": {"logs": {"0": "2013-07-18 04:32:57,900 INFO fetcher#4 org.apache.hadoop.mapreduce.task.reduce.Fetcher: fetcher#4 - MergerManager returned Status.WAIT ...", "2": "2013-07-18 04:32:57,904 INFO fetcher#3 org.apache.hadoop.mapreduce.task.reduce.Fetcher: fetcher#3 - MergerManager returned Status.WAIT ..."}, "traces": {}, "parsed_logs": {"0": {"class": "org.apache.hadoop.mapreduce.task.reduce.Fetcher", "method": "", "line_number": "", "message": "fetcher#4 - MergerManager returned Status.WAIT ..."}, "2": {"class": "org.apache.hadoop.mapreduce.task.reduce.Fetcher", "method": "", "line_number": "", "message": "fetcher#3 - MergerManager returned Status.WAIT ..."}}, "parsed_traces": {}}}