{"bug_id": "mr-4457", "link": "https://issues.apache.org/jira/browse/MAPREDUCE-4457", "title": "mr job invalid transition TA_TOO_MANY_FETCH_FAILURE at FAILE\n", "description": "we saw a job go into the ERROR state from an invalid state transition.\n\n", "logs_traces": "2012-07-16 08:49:53,600 INFO [AsyncDispatcher event handler]\n\norg.apache.hadoop.mapreduce.v2.app.job.impl.TaskAttemptImpl: attempt_1342238829791_2501_m_007743_0 TaskAttempt Transitioned from SUCCEEDED to FAILED\n\n2012-07-16 08:49:53,600 INFO [AsyncDispatcher event handler]\n\norg.apache.hadoop.mapreduce.v2.app.job.impl.TaskAttemptImpl: attempt_1342238829791_2501_m_008850_0 TaskAttempt Transitioned from SUCCEEDED to FAILED  \n\n2012-07-16 08:49:53,600 INFO [AsyncDispatcher event handler]\n\norg.apache.hadoop.mapreduce.v2.app.job.impl.TaskAttemptImpl: attempt_1342238829791_2501_m_017344_1000 TaskAttempt Transitioned from RUNNING to SUCCESS_CONTAINER_CLEANUP\n\n2012-07-16 08:49:53,601 ERROR [AsyncDispatcher event handler]\n\norg.apache.hadoop.mapreduce.v2.app.job.impl.TaskAttemptImpl: Can't handle this event at current state for attempt_1342238829791_2501_m_000027_0\n\norg.apache.hadoop.yarn.state.InvalidStateTransitonException: Invalid event:\n\nTA_TOO_MANY_FETCH_FAILURE at FAILED\n\nat org.apache.hadoop.yarn.state.StateMachineFactory.doTransition(StateMachineFactory.java:301)\n\nat org.apache.hadoop.yarn.state.StateMachineFactory.access$300(StateMachineFactory.java:43)\n\nat org.apache.hadoop.yarn.state.StateMachineFactory$InternalStateMachine.doTransition(StateMachineFactory.java:443)\n\nat org.apache.hadoop.mapreduce.v2.app.job.impl.TaskAttemptImpl.handle(TaskAttemptImpl.java:954)\n\nat org.apache.hadoop.mapreduce.v2.app.job.impl.TaskAttemptImpl.handle(TaskAttemptImpl.java:133)\n\nat org.apache.hadoop.mapreduce.v2.app.MRAppMaster$TaskAttemptEventDispatcher.handle(MRAppMaster.java:913)\n\nat org.apache.hadoop.mapreduce.v2.app.MRAppMaster$TaskAttemptEventDispatcher.handle(MRAppMaster.java:905)\n\nat org.apache.hadoop.yarn.event.AsyncDispatcher.dispatch(AsyncDispatcher.java:126)\n\nat org.apache.hadoop.mapreduce.v2.app.recover.RecoveryService$RecoveryDispatcher.realDispatch(RecoveryService.java:285)\n\nat org.apache.hadoop.mapreduce.v2.app.recover.RecoveryService$RecoveryDispatcher.dispatch(RecoveryService.java:281)\n\nat org.apache.hadoop.yarn.event.AsyncDispatcher$1.run(AsyncDispatcher.java:75)\n\nat java.lang.Thread.run(Thread.java:619)\n\n2012-07-16 08:49:53,601 INFO [AsyncDispatcher event handler]\n\norg.apache.hadoop.mapreduce.v2.app.job.impl.TaskAttemptImpl: attempt_1342238829791_2501_m_029091_1000 TaskAttempt Transitioned from RUNNING to SUCCESS_CONTAINER_CLEANUP\n\n2012-07-16 08:49:53,601 INFO [IPC Server handler 17 on 47153]\n\norg.apache.hadoop.mapred.TaskAttemptListenerImpl: Status update from attempt_1342238829791_2501_r_000461_1000", "parsed_logs_traces": {"logs": {"0": "2012-07-16 08:49:53,600 INFO [AsyncDispatcher event handler]", "2": "2012-07-16 08:49:53,600 INFO [AsyncDispatcher event handler]", "4": "2012-07-16 08:49:53,600 INFO [AsyncDispatcher event handler]", "6": "2012-07-16 08:49:53,601 ERROR [AsyncDispatcher event handler]", "22": "2012-07-16 08:49:53,601 INFO [AsyncDispatcher event handler]", "24": "2012-07-16 08:49:53,601 INFO [IPC Server handler 17 on 47153]"}, "traces": {"10": "at org.apache.hadoop.yarn.state.StateMachineFactory.doTransition(StateMachineFactory.java:301)", "11": "at org.apache.hadoop.yarn.state.StateMachineFactory.access$300(StateMachineFactory.java:43)", "12": "at org.apache.hadoop.yarn.state.StateMachineFactory$InternalStateMachine.doTransition(StateMachineFactory.java:443)", "13": "at org.apache.hadoop.mapreduce.v2.app.job.impl.TaskAttemptImpl.handle(TaskAttemptImpl.java:954)", "14": "at org.apache.hadoop.mapreduce.v2.app.job.impl.TaskAttemptImpl.handle(TaskAttemptImpl.java:133)", "15": "at org.apache.hadoop.mapreduce.v2.app.MRAppMaster$TaskAttemptEventDispatcher.handle(MRAppMaster.java:913)", "16": "at org.apache.hadoop.mapreduce.v2.app.MRAppMaster$TaskAttemptEventDispatcher.handle(MRAppMaster.java:905)", "17": "at org.apache.hadoop.yarn.event.AsyncDispatcher.dispatch(AsyncDispatcher.java:126)", "18": "at org.apache.hadoop.mapreduce.v2.app.recover.RecoveryService$RecoveryDispatcher.realDispatch(RecoveryService.java:285)", "19": "at org.apache.hadoop.mapreduce.v2.app.recover.RecoveryService$RecoveryDispatcher.dispatch(RecoveryService.java:281)", "20": "at org.apache.hadoop.yarn.event.AsyncDispatcher$1.run(AsyncDispatcher.java:75)"}, "parsed_logs": {"0": {"class": "AsyncDispatcher event handler", "method": "", "line_number": "", "message": ""}, "2": {"class": "AsyncDispatcher event handler", "method": "", "line_number": "", "message": ""}, "4": {"class": "AsyncDispatcher event handler", "method": "", "line_number": "", "message": ""}, "6": {"class": "AsyncDispatcher event handler", "method": "", "line_number": "", "message": ""}, "22": {"class": "AsyncDispatcher event handler", "method": "", "line_number": "", "message": ""}, "24": {"class": "IPC Server handler 17 on 47153", "method": "", "line_number": "", "message": ""}}, "parsed_traces": {"10": {"package_class": "org.apache.hadoop.yarn.state.StateMachineFactory", "method": "doTransition", "file_name": "StateMachineFactory.java", "line_number": 301}, "11": {"package_class": "org.apache.hadoop.yarn.state.StateMachineFactory", "method": "access$300", "file_name": "StateMachineFactory.java", "line_number": 43}, "12": {"package_class": "org.apache.hadoop.yarn.state.StateMachineFactory$InternalStateMachine", "method": "doTransition", "file_name": "StateMachineFactory.java", "line_number": 443}, "13": {"package_class": "org.apache.hadoop.mapreduce.v2.app.job.impl.TaskAttemptImpl", "method": "handle", "file_name": "TaskAttemptImpl.java", "line_number": 954}, "14": {"package_class": "org.apache.hadoop.mapreduce.v2.app.job.impl.TaskAttemptImpl", "method": "handle", "file_name": "TaskAttemptImpl.java", "line_number": 133}, "15": {"package_class": "org.apache.hadoop.mapreduce.v2.app.MRAppMaster$TaskAttemptEventDispatcher", "method": "handle", "file_name": "MRAppMaster.java", "line_number": 913}, "16": {"package_class": "org.apache.hadoop.mapreduce.v2.app.MRAppMaster$TaskAttemptEventDispatcher", "method": "handle", "file_name": "MRAppMaster.java", "line_number": 905}, "17": {"package_class": "org.apache.hadoop.yarn.event.AsyncDispatcher", "method": "dispatch", "file_name": "AsyncDispatcher.java", "line_number": 126}, "18": {"package_class": "org.apache.hadoop.mapreduce.v2.app.recover.RecoveryService$RecoveryDispatcher", "method": "realDispatch", "file_name": "RecoveryService.java", "line_number": 285}, "19": {"package_class": "org.apache.hadoop.mapreduce.v2.app.recover.RecoveryService$RecoveryDispatcher", "method": "dispatch", "file_name": "RecoveryService.java", "line_number": 281}, "20": {"package_class": "org.apache.hadoop.yarn.event.AsyncDispatcher$1", "method": "run", "file_name": "AsyncDispatcher.java", "line_number": 75}}}}