{"bug_id": "mr-4691", "link": "https://issues.apache.org/jira/browse/MAPREDUCE-4691", "title": "Historyserver can report \"Unknown job\" after RM says job has completed\n\n", "description": "There is a race condition in the historyserver where two threads can be trying to scan the same user's done intermediate directory for two separate jobs. One thread will win the race and update the user timestamp in HistoryFileManager.scanIntermediateDirectory before it has actually completed the scan. The second thread will then see the timestamp has been updated, think there's no point in doing a scan, and return with no job found.\n\n", "logs_traces": "2012-09-27 20:28:38,068 [main] INFO  org.apache.hadoop.mapred.ClientServiceDelegate - Application state is completed. FinalApplicationStatus=SUCCEEDED. Redirecting to job history server\n2012-09-27 20:28:38,530 [main] WARN  org.apache.hadoop.mapred.ClientServiceDelegate - Error from remote end: Unknown job job_1348097917603_3019\n2012-09-27 20:28:38,530 [main] ERROR org.apache.hadoop.security.UserGroupInformation - PriviledgedActionException as:xxx (auth:KERBEROS) cause:org.apache.hadoop.yarn.exceptions.impl.pb.YarnRemoteExceptionPBImpl: Unknown job job_1348097917603_3019\n2012-09-27 20:28:38,531 [main] WARN  org.apache.pig.tools.pigstats.JobStats - Failed to get map task report\nRemoteTrace: \n at LocalTrace: \n        org.apache.hadoop.yarn.exceptions.impl.pb.YarnRemoteExceptionPBImpl: Unknown job job_1348097917603_3019\n        at org.apache.hadoop.yarn.ipc.ProtoOverHadoopRpcEngine$Invoker.invoke(ProtoOverHadoopRpcEngine.java:156)\n        at $Proxy11.getJobReport(Unknown Source)\n        at org.apache.hadoop.mapreduce.v2.api.impl.pb.client.MRClientProtocolPBClientImpl.getJobReport(MRClientProtocolPBClientImpl.java:116)\n        at sun.reflect.GeneratedMethodAccessor6.invoke(Unknown Source)\n        at sun.reflect.DelegatingMethodAccessorImpl.invoke(DelegatingMethodAccessorImpl.java:25)\n        at java.lang.reflect.Method.invoke(Method.java:597)\n        at org.apache.hadoop.mapred.ClientServiceDelegate.invoke(ClientServiceDelegate.java:298)\n        at org.apache.hadoop.mapred.ClientServiceDelegate.getJobStatus(ClientServiceDelegate.java:383)\n        at org.apache.hadoop.mapred.YARNRunner.getJobStatus(YARNRunner.java:482)\n        at org.apache.hadoop.mapreduce.Cluster.getJob(Cluster.java:184)\n...", "parsed_logs_traces": {"logs": {"0": "2012-09-27 20:28:38,068 [main] INFO  org.apache.hadoop.mapred.ClientServiceDelegate - Application state is completed. FinalApplicationStatus=SUCCEEDED. Redirecting to job history server", "1": "2012-09-27 20:28:38,530 [main] WARN  org.apache.hadoop.mapred.ClientServiceDelegate - Error from remote end: Unknown job job_1348097917603_3019", "2": "2012-09-27 20:28:38,530 [main] ERROR org.apache.hadoop.security.UserGroupInformation - PriviledgedActionException as:xxx (auth:KERBEROS) cause:org.apache.hadoop.yarn.exceptions.impl.pb.YarnRemoteExceptionPBImpl: Unknown job job_1348097917603_3019", "3": "2012-09-27 20:28:38,531 [main] WARN  org.apache.pig.tools.pigstats.JobStats - Failed to get map task report"}, "traces": {"7": "        at org.apache.hadoop.yarn.ipc.ProtoOverHadoopRpcEngine$Invoker.invoke(ProtoOverHadoopRpcEngine.java:156)", "9": "        at org.apache.hadoop.mapreduce.v2.api.impl.pb.client.MRClientProtocolPBClientImpl.getJobReport(MRClientProtocolPBClientImpl.java:116)", "13": "        at org.apache.hadoop.mapred.ClientServiceDelegate.invoke(ClientServiceDelegate.java:298)", "14": "        at org.apache.hadoop.mapred.ClientServiceDelegate.getJobStatus(ClientServiceDelegate.java:383)", "15": "        at org.apache.hadoop.mapred.YARNRunner.getJobStatus(YARNRunner.java:482)", "16": "        at org.apache.hadoop.mapreduce.Cluster.getJob(Cluster.java:184)"}, "parsed_logs": {"0": {"class": "org.apache.hadoop.mapred.ClientServiceDelegate", "method": "", "line_number": "", "message": "Application state is completed. FinalApplicationStatus=SUCCEEDED. Redirecting to job history server"}, "1": {"class": "org.apache.hadoop.mapred.ClientServiceDelegate", "method": "", "line_number": "", "message": "Error from remote end: Unknown job job_1348097917603_3019"}, "2": {"class": "org.apache.hadoop.security.UserGroupInformation", "method": "", "line_number": "", "message": "PriviledgedActionException as:xxx (auth:KERBEROS) cause:org.apache.hadoop.yarn.exceptions.impl.pb.YarnRemoteExceptionPBImpl: Unknown job job_1348097917603_3019"}, "3": {"class": "org.apache.pig.tools.pigstats.JobStats", "method": "", "line_number": "", "message": "Failed to get map task report"}}, "parsed_traces": {"7": {"package_class": "org.apache.hadoop.yarn.ipc.ProtoOverHadoopRpcEngine$Invoker", "method": "invoke", "file_name": "ProtoOverHadoopRpcEngine.java", "line_number": 156}, "9": {"package_class": "org.apache.hadoop.mapreduce.v2.api.impl.pb.client.MRClientProtocolPBClientImpl", "method": "getJobReport", "file_name": "MRClientProtocolPBClientImpl.java", "line_number": 116}, "13": {"package_class": "org.apache.hadoop.mapred.ClientServiceDelegate", "method": "invoke", "file_name": "ClientServiceDelegate.java", "line_number": 298}, "14": {"package_class": "org.apache.hadoop.mapred.ClientServiceDelegate", "method": "getJobStatus", "file_name": "ClientServiceDelegate.java", "line_number": 383}, "15": {"package_class": "org.apache.hadoop.mapred.YARNRunner", "method": "getJobStatus", "file_name": "YARNRunner.java", "line_number": 482}, "16": {"package_class": "org.apache.hadoop.mapreduce.Cluster", "method": "getJob", "file_name": "Cluster.java", "line_number": 184}}}}