{"bug_id": "mr-5169", "link": "https://issues.apache.org/jira/browse/MAPREDUCE-5169", "title": "Job recovery fails if job tracker is restarted after the job is submitted but before its initialized\n\n", "description": NaN, "logs_traces": "(JobClient logs)\n\n\u2726         When the job begins to run, the exception occurs.\n\n13/04/17 22:04:11 INFO mapred.JobClient: Running job: job_201304172049_0008\n\n13/04/17 22:04:12 INFO mapred.JobClient:  map 0% reduce 0%\n\n13/04/17 22:04:32 INFO ipc.Client: Retrying connect to server: host:50300. Already tried 0 time(s); retry policy is MultipleLinearRandomRetry[6x10000ms, 10x60000ms]50300\n\njava.io.IOException: The job appears to have been removed.\n\nat org.apache.hadoop.mapred.JobClient$NetworkedJob.updateStatus(JobClient.java:241)\n\nat org.apache.hadoop.mapred.JobClient$NetworkedJob.isComplete(JobClient.java:321)\n\nat org.apache.hadoop.mapred.JobClient.monitorAndPrintJob(JobClient.java:1382)\n\nat org.apache.hadoop.mapreduce.Job.waitForCompletion(Job.java:583)\n\nat org.apache.hadoop.examples.WordCount.main(WordCount.java:82)\n\nat sun.reflect.NativeMethodAccessorImpl.invoke0(Native Method)\n\nat sun.reflect.NativeMethodAccessorImpl.invoke(NativeMethodAccessorImpl.java:39)\n\nat sun.reflect.DelegatingMethodAccessorImpl.invoke(DelegatingMethodAccessorImpl.java:25)\n\nat java.lang.reflect.Method.invoke(Method.java:597)\n\nat org.apache.hadoop.util.ProgramDriver$ProgramDescription.invoke(ProgramDriver.java:68)\n\nat org.apache.hadoop.util.ProgramDriver.driver(ProgramDriver.java:139)\n\nat org.apache.hadoop.examples.ExampleDriver.main(ExampleDriver.java:64)\n\nat sun.reflect.NativeMethodAccessorImpl.invoke0(Native Method)\n\nat sun.reflect.NativeMethodAccessorImpl.invoke(NativeMethodAccessorImpl.java:39)\n\nat sun.reflect.DelegatingMethodAccessorImpl.invoke(DelegatingMethodAccessorImpl.java:25)\n\nat java.lang.reflect.Method.invoke(Method.java:597)\n\nat org.apache.hadoop.util.RunJar.main(RunJar.java:160)\n\n(JobTracker logs)\n\n\u2726     When the client submitted the job to JT, JT submitted the job to CapacityScheduler\u2019s listener \u201cJobQueuesManager\u201d, and added the job into the waiting queue, then the job will be initialized by thread \u201cinitializationPoller\u201d.\n\n2013-04-17 22:04:11,305 INFO org.apache.hadoop.mapred.JobInProgress: job_201304172049_0008: nMaps=180 nReduces=1 max=-1           checkTaskLimits()\n\n2013-04-17 22:04:11,357 INFO org.apache.hadoop.mapred.JobQueuesManager: Job job_201304172049_0008 submitted to queue default   JobQueuesManager.jobAdded()\n\n2013-04-17 22:04:11,357 INFO org.apache.hadoop.mapred.JobTracker: Job job_201304172049_0008 added successfully for user 'hrt_qa' to queue 'default'  JobStatus addJob(JobID jobId, JobInProgress job):  Add a job to the jobtracker. This is the main logic of job submission.\n\n2013-04-17 22:04:14,268 INFO org.apache.hadoop.mapred.JobInitializationPoller: Passing to Initializer Job Id :job_201304172049_0008 User: user Queue : default   Print log statements about which jobs are being passed to init-threads.\n\n2013-04-17 22:04:15,181 INFO org.apache.hadoop.mapred.JobTracker: SHUTDOWN_MSG:\n\n/************************************************************\n\nSHUTDOWN_MSG: Shutting down JobTracker at\n\n************************************************************/\n\n2013-04-17 22:04:15,204 INFO org.apache.hadoop.mapred.JobInitializationPoller: Initializing job : job_201304172049_0008 in Queue default For user : user\n\n2013-04-17 22:04:15,204 INFO org.apache.hadoop.mapred.JobTracker: Initializing job_201304172049_0008\n\n2013-04-17 22:04:15,204 INFO org.apache.hadoop.mapred.JobInProgress: Initializing job_201304172049_0008\n\n2013-04-17 22:04:30,900 INFO org.apache.hadoop.mapred.JobTracker: STARTUP_MSG:\n\n/************************************************************\n\nSTARTUP_MSG: Starting JobTracker\n\nSTARTUP_MSG:   host =\n\nSTARTUP_MSG:   args = []\n\nSTARTUP_MSG:   version =\n\nSTARTUP_MSG:   build =\n\nSTARTUP_MSG:   java = 1.6.0_31\n\n************************************************************/\n\n...\n\n2013-04-17 22:04:31,862 WARN org.apache.hadoop.mapred.JobTracker: Job job_201304172049_0008 does not have valid info/token file so ignoring for recovery    isJobDirValid(JobID jobId)", "parsed_logs_traces": {"logs": {"2": "13/04/17 22:04:11 INFO mapred.JobClient: Running job: job_201304172049_0008", "3": "13/04/17 22:04:12 INFO mapred.JobClient:  map 0% reduce 0%", "4": "13/04/17 22:04:32 INFO ipc.Client: Retrying connect to server: host:50300. Already tried 0 time(s); retry policy is MultipleLinearRandomRetry[6x10000ms, 10x60000ms]50300", "25": "2013-04-17 22:04:11,305 INFO org.apache.hadoop.mapred.JobInProgress: job_201304172049_0008: nMaps=180 nReduces=1 max=-1           checkTaskLimits()", "26": "2013-04-17 22:04:11,357 INFO org.apache.hadoop.mapred.JobQueuesManager: Job job_201304172049_0008 submitted to queue default   JobQueuesManager.jobAdded()", "27": "2013-04-17 22:04:11,357 INFO org.apache.hadoop.mapred.JobTracker: Job job_201304172049_0008 added successfully for user 'hrt_qa' to queue 'default'  JobStatus addJob(JobID jobId, JobInProgress job):  Add a job to the jobtracker. This is the main logic of job submission.", "28": "2013-04-17 22:04:14,268 INFO org.apache.hadoop.mapred.JobInitializationPoller: Passing to Initializer Job Id :job_201304172049_0008 User: user Queue : default   Print log statements about which jobs are being passed to init-threads.", "29": "2013-04-17 22:04:15,181 INFO org.apache.hadoop.mapred.JobTracker: SHUTDOWN_MSG:", "33": "2013-04-17 22:04:15,204 INFO org.apache.hadoop.mapred.JobInitializationPoller: Initializing job : job_201304172049_0008 in Queue default For user : user", "34": "2013-04-17 22:04:15,204 INFO org.apache.hadoop.mapred.JobTracker: Initializing job_201304172049_0008", "35": "2013-04-17 22:04:15,204 INFO org.apache.hadoop.mapred.JobInProgress: Initializing job_201304172049_0008", "36": "2013-04-17 22:04:30,900 INFO org.apache.hadoop.mapred.JobTracker: STARTUP_MSG:", "46": "2013-04-17 22:04:31,862 WARN org.apache.hadoop.mapred.JobTracker: Job job_201304172049_0008 does not have valid info/token file so ignoring for recovery    isJobDirValid(JobID jobId)"}, "traces": {"6": "at org.apache.hadoop.mapred.JobClient$NetworkedJob.updateStatus(JobClient.java:241)", "7": "at org.apache.hadoop.mapred.JobClient$NetworkedJob.isComplete(JobClient.java:321)", "8": "at org.apache.hadoop.mapred.JobClient.monitorAndPrintJob(JobClient.java:1382)", "9": "at org.apache.hadoop.mapreduce.Job.waitForCompletion(Job.java:583)", "10": "at org.apache.hadoop.examples.WordCount.main(WordCount.java:82)", "15": "at org.apache.hadoop.util.ProgramDriver$ProgramDescription.invoke(ProgramDriver.java:68)", "16": "at org.apache.hadoop.util.ProgramDriver.driver(ProgramDriver.java:139)", "17": "at org.apache.hadoop.examples.ExampleDriver.main(ExampleDriver.java:64)", "22": "at org.apache.hadoop.util.RunJar.main(RunJar.java:160)"}, "parsed_logs": {"2": {"class": "mapred.JobClient", "method": "", "line_number": "", "message": "Running job: job_201304172049_0008"}, "3": {"class": "mapred.JobClient", "method": "", "line_number": "", "message": "map 0% reduce 0%"}, "4": {"class": "ipc.Client", "method": "", "line_number": "", "message": "Retrying connect to server: host:50300. Already tried 0 time(s); retry policy is MultipleLinearRandomRetry[6x10000ms, 10x60000ms]50300"}, "25": {"class": "org.apache.hadoop.mapred.JobInProgress", "method": "checkTaskLimits", "line_number": "", "message": "job_201304172049_0008: nMaps=180 nReduces=1 max=-1"}, "26": {"class": "org.apache.hadoop.mapred.JobQueuesManager", "method": "jobAdded", "line_number": "", "message": "Job job_201304172049_0008 submitted to queue default"}, "27": {"class": "org.apache.hadoop.mapred.JobTracker", "method": "addJob", "line_number": "", "message": "Job job_201304172049_0008 added successfully for user 'hrt_qa' to queue 'default'"}, "28": {"class": "org.apache.hadoop.mapred.JobInitializationPoller", "method": "", "line_number": "", "message": "Passing to Initializer Job Id :job_201304172049_0008 User: user Queue : default Print log statements about which jobs are being passed to init-threads."}, "29": {"class": "org.apache.hadoop.mapred.JobTracker", "method": "", "line_number": "", "message": "SHUTDOWN_MSG:"}, "33": {"class": "org.apache.hadoop.mapred.JobInitializationPoller", "method": "", "line_number": "", "message": "Initializing job : job_201304172049_0008 in Queue default For user : user"}, "34": {"class": "org.apache.hadoop.mapred.JobTracker", "method": "", "line_number": "", "message": "Initializing job_201304172049_0008"}, "35": {"class": "org.apache.hadoop.mapred.JobInProgress", "method": "", "line_number": "", "message": "Initializing job_201304172049_0008"}, "36": {"class": "org.apache.hadoop.mapred.JobTracker", "method": "", "line_number": "", "message": "STARTUP_MSG:"}, "46": {"class": "org.apache.hadoop.mapred.JobTracker", "method": "isJobDirValid", "line_number": "", "message": "Job job_201304172049_0008 does not have valid info/token file so ignoring for recovery"}}, "parsed_traces": {"6": {"package_class": "org.apache.hadoop.mapred.JobClient$NetworkedJob", "method": "updateStatus", "file_name": "JobClient.java", "line_number": 241}, "7": {"package_class": "org.apache.hadoop.mapred.JobClient$NetworkedJob", "method": "isComplete", "file_name": "JobClient.java", "line_number": 321}, "8": {"package_class": "org.apache.hadoop.mapred.JobClient", "method": "monitorAndPrintJob", "file_name": "JobClient.java", "line_number": 1382}, "9": {"package_class": "org.apache.hadoop.mapreduce.Job", "method": "waitForCompletion", "file_name": "Job.java", "line_number": 583}, "10": {"package_class": "org.apache.hadoop.examples.WordCount", "method": "main", "file_name": "WordCount.java", "line_number": 82}, "15": {"package_class": "org.apache.hadoop.util.ProgramDriver$ProgramDescription", "method": "invoke", "file_name": "ProgramDriver.java", "line_number": 68}, "16": {"package_class": "org.apache.hadoop.util.ProgramDriver", "method": "driver", "file_name": "ProgramDriver.java", "line_number": 139}, "17": {"package_class": "org.apache.hadoop.examples.ExampleDriver", "method": "main", "file_name": "ExampleDriver.java", "line_number": 64}, "22": {"package_class": "org.apache.hadoop.util.RunJar", "method": "main", "file_name": "RunJar.java", "line_number": 160}}}}