{"bug_id": "mr-5512", "link": "https://issues.apache.org/jira/browse/MAPREDUCE-5512", "title": "TaskTracker hung after failed reconnect to the JobTracker", "description": "TaskTracker hung after failed reconnect to the JobTracker. This is the problematic piece of code:\n\n    this.distributedCacheManager = new TrackerDistributedCacheManager(\n        this.fConf, taskController);\n    this.distributedCacheManager.startCleanupThread();\n    \n    this.jobClient = (InterTrackerProtocol) \n    UserGroupInformation.getLoginUser().doAs(\n        new PrivilegedExceptionAction<Object>() {\n      public Object run() throws IOException {\n        return RPC.waitForProxy(InterTrackerProtocol.class,\n            InterTrackerProtocol.versionID,\n            jobTrackAddr, fConf);\n      }\n    });\nIn case RPC.waitForProxy() throws, TrackerDistributedCacheManager cleanup thread will never be stopped, and given that it is a non daemon thread it will keep TT up forever.", "logs_traces": "2013-09-08 04:20:48,441 ERROR org.apache.hadoop.mapred.TaskTracker: Caught exception: java.io.IOException: Call to jobtrackerhost/100.70.178.36:9010 failed on local exception: java.io.IOException: An existing connection was forcibly closed by the remote host\n\n             at org.apache.hadoop.ipc.Client.wrapException(Client.java:1155)\n\n             at org.apache.hadoop.ipc.Client.call(Client.java:1123)\n\n             at org.apache.hadoop.ipc.RPC$Invoker.invoke(RPC.java:229)\n\n             at org.apache.hadoop.mapred.$Proxy5.heartbeat(Unknown Source)\n\n             at org.apache.hadoop.mapred.TaskTracker.transmitHeartBeat(TaskTracker.java:2038)\n\n             at org.apache.hadoop.mapred.TaskTracker.offerService(TaskTracker.java:1832)\n\n             at org.apache.hadoop.mapred.TaskTracker.run(TaskTracker.java:2685)\n\n             at org.apache.hadoop.mapred.TaskTracker.main(TaskTracker.java:3950)\n\nCaused by: java.io.IOException: An existing connection was forcibly closed by the remote host\n\n             at sun.nio.ch.SocketDispatcher.read0(Native Method)\n\n             at sun.nio.ch.SocketDispatcher.read(SocketDispatcher.java:43)\n\n             at sun.nio.ch.IOUtil.readIntoNativeBuffer(IOUtil.java:225)\n\n             at sun.nio.ch.IOUtil.read(IOUtil.java:198)\n\n             at sun.nio.ch.SocketChannelImpl.read(SocketChannelImpl.java:359)\n\n             at org.apache.hadoop.net.SocketInputStream$Reader.performIO(SocketInputStream.java:55)\n\n             at org.apache.hadoop.net.SocketIOWithTimeout.doIO(SocketIOWithTimeout.java:142)\n\n             at org.apache.hadoop.net.SocketInputStream.read(SocketInputStream.java:155)\n\n             at org.apache.hadoop.net.SocketInputStream.read(SocketInputStream.java:128)\n\n             at java.io.FilterInputStream.read(FilterInputStream.java:133)\n\n             at org.apache.hadoop.ipc.Client$Connection$PingInputStream.read(Client.java:370)\n\n             at java.io.BufferedInputStream.fill(BufferedInputStream.java:235)\n\n             at java.io.BufferedInputStream.read(BufferedInputStream.java:254)\n\n             at java.io.DataInputStream.readInt(DataInputStream.java:387)\n\n             at org.apache.hadoop.ipc.Client$Connection.receiveResponse(Client.java:852)\n\n             at org.apache.hadoop.ipc.Client$Connection.run(Client.java:797)\n\n\u2726          2013-09-08 04:20:48,441 INFO org.apache.hadoop.mapred.TaskTracker: Resending 'status' to 'jobtrackerhost' with reponseId \u2018-27775\u2019\u201d         \n\n          (if the last heartbeat got through, resend the previous status information)\n\u2726    2013-09-08 04:21:09,454 INFO org.apache.hadoop.ipc.Client: Retrying connect to server: jobtrackerhost/100.70.178.36:9010. Already tried 0 time(s); maxRetries=45\n\n        ...        \n\n       2013-09-08 04:22:12,490 INFO org.apache.hadoop.ipc.Client: Retrying connect to server: jobtrackerhost/100.70.178.36:9010. Already tried 3 time(s); maxRetries=45\n\n\u2726    2013-09-08 04:22:21,723 INFO org.apache.hadoop.mapred.TaskTracker: Recieved ReinitTrackerAction from JobTracker                  (now, TT: State.STALE)\n\n \n\n\u2726    2013-09-08 04:22:21,801 INFO org.apache.hadoop.filecache.TrackerDistributedCacheManager: Cleanup...\n\n             java.lang.InterruptedException: sleep interrupted\n\n                       at java.lang.Thread.sleep(Native Method)\n\nat org.apache.hadoop.filecache.TrackerDistributedCacheManager$CleanupThread.run (TrackerDistributedCacheManager.java:1038)\n\n\u2726    2013-09-08 04:22:21,801 INFO org.apache.hadoop.mapred.TaskTracker: Shutting down: Map-events fetcher for all reduce tasks on tracker_workernode0:127.0.0.1/127.0.0.1:63692\n\n             2013-09-08 04:22:21,801 INFO org.apache.hadoop.ipc.Server: Stopping server on 63692\n\n             ...\n\n\u2726    2013-09-08 04:22:21,801 WARN org.apache.hadoop.mapred.TaskTracker: Reinitializing local state\n\n             2013-09-08 04:22:21,833 INFO org.apache.hadoop.mapred.TaskTracker: Starting tasktracker with owner as hdp\n\n             2013-09-08 04:22:21,833 INFO org.apache.hadoop.mapred.TaskTracker: Good mapred local directories are: c:\\hdfs\\mapred\\local\n\n             ...\n\n             2013-09-08 04:22:21,833 INFO org.apache.hadoop.ipc.Server: IPC Server handler 0 on 63692: exiting\n\n             ...\n\n             2013-09-08 04:22:21,833 INFO org.apache.hadoop.ipc.Server: IPC Server handler 2 on 63692: exiting\n\n             ...\n\n\u2726    2013-09-08 04:22:21,864 INFO org.apache.hadoop.mapred.TaskTracker: TaskTracker up at: 127.0.0.1/127.0.0.1:62593\n\n\u2726    2013-09-08 04:22:21,864 INFO org.apache.hadoop.mapred.TaskTracker: Starting tracker tracker_workernode0:127.0.0.1/127.0.0.1:62593         (Then initialize DistributedCache)\n\n             2013-09-08 04:22:21,864 INFO org.apache.hadoop.ipc.Server: IPC Server Responder: starting\n\n             ...\n\n\u2726    2013-09-08 04:22:22,208 ERROR org.apache.hadoop.security.UserGroupInformation: PriviledgedActionException as:hdp cause:java.io.IOException: Call to jobtrackerhost/100.70.178.36:9010 failed on local exception: java.io.IOException: An existing connection was forcibly closed by the remote host\n\n             2013-09-08 04:22:22,223 ERROR org.apache.hadoop.mapred.TaskTracker: Got fatal exception while reinitializing TaskTracker: java.io.IOException: Call to jobtrackerhost/100.70.178.36:9010 failed on local exception: java.io.IOException: An existing connection was forcibly closed by the remote host\n\n                               at org.apache.hadoop.ipc.Client.wrapException(Client.java:1155)\n\n                               at org.apache.hadoop.ipc.Client.call(Client.java:1123)\n\n                               at org.apache.hadoop.ipc.RPC$Invoker.invoke(RPC.java:229)\n\n                               at org.apache.hadoop.mapred.$Proxy5.getProtocolVersion(Unknown Source)\n\n                               at org.apache.hadoop.ipc.RPC.checkVersion(RPC.java:422)\n\n                               at org.apache.hadoop.ipc.RPC.getProxy(RPC.java:414)\n\n                               at org.apache.hadoop.ipc.RPC.getProxy(RPC.java:392)\n\n                               at org.apache.hadoop.ipc.RPC.getProxy(RPC.java:374)\n\n                               at org.apache.hadoop.ipc.RPC.getProxy(RPC.java:453)\n\n                               at org.apache.hadoop.ipc.RPC.waitForProxy(RPC.java:335)\n\n                               at org.apache.hadoop.ipc.RPC.waitForProxy(RPC.java:300)\n\n                               at org.apache.hadoop.mapred.TaskTracker$3.run(TaskTracker.java:916)\n\n                               at java.security.AccessController.doPrivileged(Native Method)\n\n                               at javax.security.auth.Subject.doAs(Subject.java:415)\n\n                               at org.apache.hadoop.security.UserGroupInformation.doAs(UserGroupInformation.java:1233)\n\n                               at org.apache.hadoop.mapred.TaskTracker.initialize(TaskTracker.java:912)\n\n                               at org.apache.hadoop.mapred.TaskTracker.run(TaskTracker.java:2713)\n\n                               at org.apache.hadoop.mapred.TaskTracker.main(TaskTracker.java:3950)\n\n             Caused by: java.io.IOException: An existing connection was forcibly closed by the remote host\n\n                               at sun.nio.ch.SocketDispatcher.read0(Native Method)\n\n                               at sun.nio.ch.SocketDispatcher.read(SocketDispatcher.java:43)\n\n                               at sun.nio.ch.IOUtil.readIntoNativeBuffer(IOUtil.java:225)\n\n                               at sun.nio.ch.IOUtil.read(IOUtil.java:198)\n\n                               at sun.nio.ch.SocketChannelImpl.read(SocketChannelImpl.java:359)\n\n                               at org.apache.hadoop.net.SocketInputStream$Reader.performIO(SocketInputStream.java:55)\n\n                               at org.apache.hadoop.net.SocketIOWithTimeout.doIO(SocketIOWithTimeout.java:142)\n\n                               at org.apache.hadoop.net.SocketInputStream.read(SocketInputStream.java:155)\n\n                               at org.apache.hadoop.net.SocketInputStream.read(SocketInputStream.java:128)\n\n                               at java.io.FilterInputStream.read(FilterInputStream.java:133)\n\n                               at org.apache.hadoop.ipc.Client$Connection$PingInputStream.read(Client.java:370)\n\n                               at java.io.BufferedInputStream.fill(BufferedInputStream.java:235)\n\n                               at java.io.BufferedInputStream.read(BufferedInputStream.java:254)\n\n                               at java.io.DataInputStream.readInt(DataInputStream.java:387)\n\n                               at org.apache.hadoop.ipc.Client$Connection.receiveResponse(Client.java:852)\n\n                               at org.apache.hadoop.ipc.Client$Connection.run(Client.java:797)", "parsed_logs_traces": {"logs": {"0": "2013-09-08 04:20:48,441 ERROR org.apache.hadoop.mapred.TaskTracker: Caught exception: java.io.IOException: Call to jobtrackerhost/100.70.178.36:9010 failed on local exception: java.io.IOException: An existing connection was forcibly closed by the remote host", "26": "\u2726          2013-09-08 04:20:48,441 INFO org.apache.hadoop.mapred.TaskTracker: Resending 'status' to 'jobtrackerhost' with reponseId \u2018-27775\u2019\u201d         ", "28": "\u2726    2013-09-08 04:21:09,454 INFO org.apache.hadoop.ipc.Client: Retrying connect to server: jobtrackerhost/100.70.178.36:9010. Already tried 0 time(s); maxRetries=45", "30": "       2013-09-08 04:22:12,490 INFO org.apache.hadoop.ipc.Client: Retrying connect to server: jobtrackerhost/100.70.178.36:9010. Already tried 3 time(s); maxRetries=45", "31": "\u2726    2013-09-08 04:22:21,723 INFO org.apache.hadoop.mapred.TaskTracker: Recieved ReinitTrackerAction from JobTracker                  (now, TT: State.STALE)", "32": "\u2726    2013-09-08 04:22:21,801 INFO org.apache.hadoop.filecache.TrackerDistributedCacheManager: Cleanup...", "36": "\u2726    2013-09-08 04:22:21,801 INFO org.apache.hadoop.mapred.TaskTracker: Shutting down: Map-events fetcher for all reduce tasks on tracker_workernode0:127.0.0.1/127.0.0.1:63692", "37": "             2013-09-08 04:22:21,801 INFO org.apache.hadoop.ipc.Server: Stopping server on 63692", "39": "\u2726    2013-09-08 04:22:21,801 WARN org.apache.hadoop.mapred.TaskTracker: Reinitializing local state", "40": "             2013-09-08 04:22:21,833 INFO org.apache.hadoop.mapred.TaskTracker: Starting tasktracker with owner as hdp", "41": "             2013-09-08 04:22:21,833 INFO org.apache.hadoop.mapred.TaskTracker: Good mapred local directories are: c:\\hdfs\\mapred\\local", "43": "             2013-09-08 04:22:21,833 INFO org.apache.hadoop.ipc.Server: IPC Server handler 0 on 63692: exiting", "45": "             2013-09-08 04:22:21,833 INFO org.apache.hadoop.ipc.Server: IPC Server handler 2 on 63692: exiting", "47": "\u2726    2013-09-08 04:22:21,864 INFO org.apache.hadoop.mapred.TaskTracker: TaskTracker up at: 127.0.0.1/127.0.0.1:62593", "48": "\u2726    2013-09-08 04:22:21,864 INFO org.apache.hadoop.mapred.TaskTracker: Starting tracker tracker_workernode0:127.0.0.1/127.0.0.1:62593         (Then initialize DistributedCache)", "49": "             2013-09-08 04:22:21,864 INFO org.apache.hadoop.ipc.Server: IPC Server Responder: starting", "51": "\u2726    2013-09-08 04:22:22,208 ERROR org.apache.hadoop.security.UserGroupInformation: PriviledgedActionException as:hdp cause:java.io.IOException: Call to jobtrackerhost/100.70.178.36:9010 failed on local exception: java.io.IOException: An existing connection was forcibly closed by the remote host", "52": "             2013-09-08 04:22:22,223 ERROR org.apache.hadoop.mapred.TaskTracker: Got fatal exception while reinitializing TaskTracker: java.io.IOException: Call to jobtrackerhost/100.70.178.36:9010 failed on local exception: java.io.IOException: An existing connection was forcibly closed by the remote host"}, "traces": {"1": "             at org.apache.hadoop.ipc.Client.wrapException(Client.java:1155)", "2": "             at org.apache.hadoop.ipc.Client.call(Client.java:1123)", "3": "             at org.apache.hadoop.ipc.RPC$Invoker.invoke(RPC.java:229)", "4": "             at org.apache.hadoop.mapred.$Proxy5.heartbeat(Unknown Source)", "5": "             at org.apache.hadoop.mapred.TaskTracker.transmitHeartBeat(TaskTracker.java:2038)", "6": "             at org.apache.hadoop.mapred.TaskTracker.offerService(TaskTracker.java:1832)", "7": "             at org.apache.hadoop.mapred.TaskTracker.run(TaskTracker.java:2685)", "8": "             at org.apache.hadoop.mapred.TaskTracker.main(TaskTracker.java:3950)", "15": "             at org.apache.hadoop.net.SocketInputStream$Reader.performIO(SocketInputStream.java:55)", "16": "             at org.apache.hadoop.net.SocketIOWithTimeout.doIO(SocketIOWithTimeout.java:142)", "17": "             at org.apache.hadoop.net.SocketInputStream.read(SocketInputStream.java:155)", "18": "             at org.apache.hadoop.net.SocketInputStream.read(SocketInputStream.java:128)", "20": "             at org.apache.hadoop.ipc.Client$Connection$PingInputStream.read(Client.java:370)", "24": "             at org.apache.hadoop.ipc.Client$Connection.receiveResponse(Client.java:852)", "25": "             at org.apache.hadoop.ipc.Client$Connection.run(Client.java:797)", "35": "at org.apache.hadoop.filecache.TrackerDistributedCacheManager$CleanupThread.run (TrackerDistributedCacheManager.java:1038)", "53": "                               at org.apache.hadoop.ipc.Client.wrapException(Client.java:1155)", "54": "                               at org.apache.hadoop.ipc.Client.call(Client.java:1123)", "55": "                               at org.apache.hadoop.ipc.RPC$Invoker.invoke(RPC.java:229)", "56": "                               at org.apache.hadoop.mapred.$Proxy5.getProtocolVersion(Unknown Source)", "57": "                               at org.apache.hadoop.ipc.RPC.checkVersion(RPC.java:422)", "58": "                               at org.apache.hadoop.ipc.RPC.getProxy(RPC.java:414)", "59": "                               at org.apache.hadoop.ipc.RPC.getProxy(RPC.java:392)", "60": "                               at org.apache.hadoop.ipc.RPC.getProxy(RPC.java:374)", "61": "                               at org.apache.hadoop.ipc.RPC.getProxy(RPC.java:453)", "62": "                               at org.apache.hadoop.ipc.RPC.waitForProxy(RPC.java:335)", "63": "                               at org.apache.hadoop.ipc.RPC.waitForProxy(RPC.java:300)", "64": "                               at org.apache.hadoop.mapred.TaskTracker$3.run(TaskTracker.java:916)", "67": "                               at org.apache.hadoop.security.UserGroupInformation.doAs(UserGroupInformation.java:1233)", "68": "                               at org.apache.hadoop.mapred.TaskTracker.initialize(TaskTracker.java:912)", "69": "                               at org.apache.hadoop.mapred.TaskTracker.run(TaskTracker.java:2713)", "70": "                               at org.apache.hadoop.mapred.TaskTracker.main(TaskTracker.java:3950)", "77": "                               at org.apache.hadoop.net.SocketInputStream$Reader.performIO(SocketInputStream.java:55)", "78": "                               at org.apache.hadoop.net.SocketIOWithTimeout.doIO(SocketIOWithTimeout.java:142)", "79": "                               at org.apache.hadoop.net.SocketInputStream.read(SocketInputStream.java:155)", "80": "                               at org.apache.hadoop.net.SocketInputStream.read(SocketInputStream.java:128)", "82": "                               at org.apache.hadoop.ipc.Client$Connection$PingInputStream.read(Client.java:370)", "86": "                               at org.apache.hadoop.ipc.Client$Connection.receiveResponse(Client.java:852)", "87": "                               at org.apache.hadoop.ipc.Client$Connection.run(Client.java:797)"}, "parsed_logs": {"0": {"class": "org.apache.hadoop.mapred.TaskTracker", "method": "", "line_number": "", "message": "Caught exception: java.io.IOException: Call to jobtrackerhost/100.70.178.36:9010 failed on local exception: java.io.IOException: An existing connection was forcibly closed by the remote host"}, "26": {"class": "org.apache.hadoop.mapred.TaskTracker", "method": "", "line_number": "", "message": "Resending 'status' to 'jobtrackerhost' with reponseId \u2018-27775\u2019"}, "28": {"class": "org.apache.hadoop.ipc.Client", "method": "", "line_number": "", "message": "Retrying connect to server: jobtrackerhost/100.70.178.36:9010. Already tried 0 time(s); maxRetries=45"}, "30": {"class": "org.apache.hadoop.ipc.Client", "method": "", "line_number": "", "message": "Retrying connect to server: jobtrackerhost/100.70.178.36:9010. Already tried 3 time(s); maxRetries=45"}, "31": {"class": "org.apache.hadoop.mapred.TaskTracker", "method": "", "line_number": "", "message": "Recieved ReinitTrackerAction from JobTracker (now, TT: State.STALE)"}, "32": {"class": "org.apache.hadoop.filecache.TrackerDistributedCacheManager", "method": "", "line_number": "", "message": "Cleanup..."}, "36": {"class": "org.apache.hadoop.mapred.TaskTracker", "method": "", "line_number": "", "message": "Shutting down: Map-events fetcher for all reduce tasks on tracker_workernode0:127.0.0.1/127.0.0.1:63692"}, "37": {"class": "org.apache.hadoop.ipc.Server", "method": "", "line_number": "", "message": "Stopping server on 63692"}, "39": {"class": "org.apache.hadoop.mapred.TaskTracker", "method": "", "line_number": "", "message": "Reinitializing local state"}, "40": {"class": "org.apache.hadoop.mapred.TaskTracker", "method": "", "line_number": "", "message": "Starting tasktracker with owner as hdp"}, "41": {"class": "org.apache.hadoop.mapred.TaskTracker", "method": "", "line_number": "", "message": "Good mapred local directories are: c:\\hdfs\\mapred\\local"}, "43": {"class": "org.apache.hadoop.ipc.Server", "method": "", "line_number": "", "message": "IPC Server handler 0 on 63692: exiting"}, "45": {"class": "org.apache.hadoop.ipc.Server", "method": "", "line_number": "", "message": "IPC Server handler 2 on 63692: exiting"}, "47": {"class": "org.apache.hadoop.mapred.TaskTracker", "method": "", "line_number": "", "message": "TaskTracker up at: 127.0.0.1/127.0.0.1:62593"}, "48": {"class": "org.apache.hadoop.mapred.TaskTracker", "method": "", "line_number": "", "message": "Starting tracker tracker_workernode0:127.0.0.1/127.0.0.1:62593 (Then initialize DistributedCache)"}, "49": {"class": "org.apache.hadoop.ipc.Server", "method": "IPC Server Responder", "line_number": "", "message": "starting"}, "51": {"class": "org.apache.hadoop.security.UserGroupInformation", "method": "", "line_number": "", "message": "PriviledgedActionException as:hdp cause:java.io.IOException: Call to jobtrackerhost/100.70.178.36:9010 failed on local exception: java.io.IOException: An existing connection was forcibly closed by the remote host"}, "52": {"class": "org.apache.hadoop.mapred.TaskTracker", "method": "", "line_number": "", "message": "Got fatal exception while reinitializing TaskTracker: java.io.IOException: Call to jobtrackerhost/100.70.178.36:9010 failed on local exception: java.io.IOException: An existing connection was forcibly closed by the remote host"}}, "parsed_traces": {"1": {"package_class": "org.apache.hadoop.ipc.Client", "method": "wrapException", "file_name": "Client.java", "line_number": 1155}, "2": {"package_class": "org.apache.hadoop.ipc.Client", "method": "call", "file_name": "Client.java", "line_number": 1123}, "3": {"package_class": "org.apache.hadoop.ipc.RPC$Invoker", "method": "invoke", "file_name": "RPC.java", "line_number": 229}, "5": {"package_class": "org.apache.hadoop.mapred.TaskTracker", "method": "transmitHeartBeat", "file_name": "TaskTracker.java", "line_number": 2038}, "6": {"package_class": "org.apache.hadoop.mapred.TaskTracker", "method": "offerService", "file_name": "TaskTracker.java", "line_number": 1832}, "7": {"package_class": "org.apache.hadoop.mapred.TaskTracker", "method": "run", "file_name": "TaskTracker.java", "line_number": 2685}, "8": {"package_class": "org.apache.hadoop.mapred.TaskTracker", "method": "main", "file_name": "TaskTracker.java", "line_number": 3950}, "15": {"package_class": "org.apache.hadoop.net.SocketInputStream$Reader", "method": "performIO", "file_name": "SocketInputStream.java", "line_number": 55}, "16": {"package_class": "org.apache.hadoop.net.SocketIOWithTimeout", "method": "doIO", "file_name": "SocketIOWithTimeout.java", "line_number": 142}, "17": {"package_class": "org.apache.hadoop.net.SocketInputStream", "method": "read", "file_name": "SocketInputStream.java", "line_number": 155}, "18": {"package_class": "org.apache.hadoop.net.SocketInputStream", "method": "read", "file_name": "SocketInputStream.java", "line_number": 128}, "20": {"package_class": "org.apache.hadoop.ipc.Client$Connection$PingInputStream", "method": "read", "file_name": "Client.java", "line_number": 370}, "24": {"package_class": "org.apache.hadoop.ipc.Client$Connection", "method": "receiveResponse", "file_name": "Client.java", "line_number": 852}, "25": {"package_class": "org.apache.hadoop.ipc.Client$Connection", "method": "run", "file_name": "Client.java", "line_number": 797}, "35": {"package_class": "org.apache.hadoop.filecache.TrackerDistributedCacheManager$CleanupThread", "method": "run ", "file_name": "TrackerDistributedCacheManager.java", "line_number": 1038}, "53": {"package_class": "org.apache.hadoop.ipc.Client", "method": "wrapException", "file_name": "Client.java", "line_number": 1155}, "54": {"package_class": "org.apache.hadoop.ipc.Client", "method": "call", "file_name": "Client.java", "line_number": 1123}, "55": {"package_class": "org.apache.hadoop.ipc.RPC$Invoker", "method": "invoke", "file_name": "RPC.java", "line_number": 229}, "57": {"package_class": "org.apache.hadoop.ipc.RPC", "method": "checkVersion", "file_name": "RPC.java", "line_number": 422}, "58": {"package_class": "org.apache.hadoop.ipc.RPC", "method": "getProxy", "file_name": "RPC.java", "line_number": 414}, "59": {"package_class": "org.apache.hadoop.ipc.RPC", "method": "getProxy", "file_name": "RPC.java", "line_number": 392}, "60": {"package_class": "org.apache.hadoop.ipc.RPC", "method": "getProxy", "file_name": "RPC.java", "line_number": 374}, "61": {"package_class": "org.apache.hadoop.ipc.RPC", "method": "getProxy", "file_name": "RPC.java", "line_number": 453}, "62": {"package_class": "org.apache.hadoop.ipc.RPC", "method": "waitForProxy", "file_name": "RPC.java", "line_number": 335}, "63": {"package_class": "org.apache.hadoop.ipc.RPC", "method": "waitForProxy", "file_name": "RPC.java", "line_number": 300}, "64": {"package_class": "org.apache.hadoop.mapred.TaskTracker$3", "method": "run", "file_name": "TaskTracker.java", "line_number": 916}, "67": {"package_class": "org.apache.hadoop.security.UserGroupInformation", "method": "doAs", "file_name": "UserGroupInformation.java", "line_number": 1233}, "68": {"package_class": "org.apache.hadoop.mapred.TaskTracker", "method": "initialize", "file_name": "TaskTracker.java", "line_number": 912}, "69": {"package_class": "org.apache.hadoop.mapred.TaskTracker", "method": "run", "file_name": "TaskTracker.java", "line_number": 2713}, "70": {"package_class": "org.apache.hadoop.mapred.TaskTracker", "method": "main", "file_name": "TaskTracker.java", "line_number": 3950}, "77": {"package_class": "org.apache.hadoop.net.SocketInputStream$Reader", "method": "performIO", "file_name": "SocketInputStream.java", "line_number": 55}, "78": {"package_class": "org.apache.hadoop.net.SocketIOWithTimeout", "method": "doIO", "file_name": "SocketIOWithTimeout.java", "line_number": 142}, "79": {"package_class": "org.apache.hadoop.net.SocketInputStream", "method": "read", "file_name": "SocketInputStream.java", "line_number": 155}, "80": {"package_class": "org.apache.hadoop.net.SocketInputStream", "method": "read", "file_name": "SocketInputStream.java", "line_number": 128}, "82": {"package_class": "org.apache.hadoop.ipc.Client$Connection$PingInputStream", "method": "read", "file_name": "Client.java", "line_number": 370}, "86": {"package_class": "org.apache.hadoop.ipc.Client$Connection", "method": "receiveResponse", "file_name": "Client.java", "line_number": 852}, "87": {"package_class": "org.apache.hadoop.ipc.Client$Connection", "method": "run", "file_name": "Client.java", "line_number": 797}}}}