{"bug_id": "mr-5466", "link": "https://issues.apache.org/jira/browse/MAPREDUCE-5466", "title": "Historyserver does not refresh the result of restarted jobs after RM restart\n\n", "description": "Restart RM when sort job is running and verify that the job passes successfully after RM restarts.\n\nOnce the job finishes successfully, run job status command for sort job. It shows \"Job state =FAILED\".", "logs_traces": "hadoop job -status job_1375923346354_0003\n\n13/08/08 01:24:13 INFO mapred.ClientServiceDelegate: Application state is completed. FinalApplicationStatus=SUCCEEDED. Redirecting to job history server\n\nJob: job_1375923346354_0003\n\nJob File: hdfs://host1:port1/history/done/2013/08/08/000000/job_1375923346354_0003_conf.xml\n\nJob Tracking URL : http://historyserver:port2/jobhistory/job/job_1375923346354_0003\n\nUber job : false\n\nNumber of maps: 80\n\nNumber of reduces: 1\n\nmap() completion: 0.0\n\nreduce() completion: 0.0\n\nJob state: FAILED\n\nretired: false\n\nreason for failure: There are no failed tasks for the job. Job is failed due to some other reason and reason can be found in the logs.\n\nCounters not available. Job is retired.", "parsed_logs_traces": {"logs": {"1": "13/08/08 01:24:13 INFO mapred.ClientServiceDelegate: Application state is completed. FinalApplicationStatus=SUCCEEDED. Redirecting to job history server"}, "traces": {}, "parsed_logs": {"1": {"class": "mapred.ClientServiceDelegate", "method": "", "line_number": "", "message": "Application state is completed. FinalApplicationStatus=SUCCEEDED. Redirecting to job history server"}}, "parsed_traces": {}}}