{"bug_id": "zk-1496", "link": "https://issues.apache.org/jira/browse/ZOOKEEPER-1496", "title": "Ephemeral node not getting cleared even after client has exited\n", "description": "Hadoop setup. We were using Namenode HA with bookkeeper as shared storage and auto failover enabled. NN102 was active and NN55 was standby. FailoverController at 102 got shut down due to ZK connection error. The lock-ActiveStandbyElectorLock created (ephemeral node) by this failovercontroller is not cleared from ZK\u201d.\n\nBackground: Hadoop HA uses Zookeeper to coordinate and share states. Name node HA uses an active/standby mode so that there is only one active NN at any given time. To compete for the active NN among multiple hosts, an ActiveStandbyElector is designed to integrate with zookeeper to achieve this goal. ActiveStandbyElector is more like a zookeeper handler working between zookeeper and the controller such as ZKFailoverControllerc(ZKFC).\n\nThe main idea is to create an ephemeral node \"ActiveStandbyElectorLock\" and whoever creates this node successfully becomes active. Since this node is ephemeral, the current active one could lose this node if the session expires or connection is lost so that another node has an opportunity to create the same node and become active.\n\nBased on the environment and background above, the symptom should be: in Hadoop cluster, the active NN 102 does not work, and the standby NN 55 cannot become active (due to the remaining ephemeral node), so the HDFS is not working.", "logs_traces": "2012-06-26 13:10:18,834 [myid:3] - DEBUG [ProcessThread(sid:3 cport:-1)::CommitProcessor@171] - Processing request:: sessionid:0x1382791d4e50004 type:closeSession cxid:0x0 zxid:0x200000074 txntype:-11 reqpath:n/a\n2012-06-26 13:10:19,892 [myid:3] - DEBUG [ProcessThread(sid:3 cport:-1)::Leader@716] - Proposing:: sessionid:0x1382791d4e50004 type:closeSession cxid:0x0 zxid:0x200000074 txntype:-11 reqpath:n/a\n2012-06-26 13:10:19,919 [myid:3] - DEBUG [LearnerHandler-/xx.xx.xx.102:13846:CommitProcessor@161] - Committing request:: sessionid:0x1382791d4e50004 type:closeSession cxid:0x0 zxid:0x200000074 txntype:-11 reqpath:n/a\n2012-06-26 13:10:20,608 [myid:3] - DEBUG [CommitProcessor:3:FinalRequestProcessor@88] - Processing request:: sessionid:0x1382791d4e50004 type:closeSession cxid:0x0 zxid:0x200000074 txntype:-11 reqpath:n/a\n\nHOSt-xx-xx-xx-91:/home/Jun25_LR/install/zookeeper/logs # grep -E \"/hadoop-ha/hacluster/ActiveStandbyElectorLock|0x1382791d4e50004\" *|grep 0x200000075\n2012-06-26 13:10:19,893 [myid:3] - DEBUG [ProcessThread(sid:3 cport:-1)::CommitProcessor@171] - Processing request:: sessionid:0x1382791d4e50004 type:create cxid:0x2 zxid:0x200000075 txntype:1 reqpath:n/a\n2012-06-26 13:10:19,920 [myid:3] - DEBUG [ProcessThread(sid:3 cport:-1)::Leader@716] - Proposing:: sessionid:0x1382791d4e50004 type:create cxid:0x2 zxid:0x200000075 txntype:1 reqpath:n/a\n2012-06-26 13:10:20,278 [myid:3] - DEBUG [LearnerHandler-/xx.xx.xx.102:13846:CommitProcessor@161] - Committing request:: sessionid:0x1382791d4e50004 type:create cxid:0x2 zxid:0x200000075 txntype:1 reqpath:n/a\n2012-06-26 13:10:20,752 [myid:3] - DEBUG [CommitProcessor:3:FinalRequestProcessor@88] - Processing request:: sessionid:0x1382791d4e50004 type:create cxid:0x2 zxid:0x200000075 txntype:1 reqpath:n/a", "parsed_logs_traces": {"logs": {"0": "2012-06-26 13:10:18,834 [myid:3] - DEBUG [ProcessThread(sid:3 cport:-1)::CommitProcessor@171] - Processing request:: sessionid:0x1382791d4e50004 type:closeSession cxid:0x0 zxid:0x200000074 txntype:-11 reqpath:n/a", "1": "2012-06-26 13:10:19,892 [myid:3] - DEBUG [ProcessThread(sid:3 cport:-1)::Leader@716] - Proposing:: sessionid:0x1382791d4e50004 type:closeSession cxid:0x0 zxid:0x200000074 txntype:-11 reqpath:n/a", "2": "2012-06-26 13:10:19,919 [myid:3] - DEBUG [LearnerHandler-/xx.xx.xx.102:13846:CommitProcessor@161] - Committing request:: sessionid:0x1382791d4e50004 type:closeSession cxid:0x0 zxid:0x200000074 txntype:-11 reqpath:n/a", "3": "2012-06-26 13:10:20,608 [myid:3] - DEBUG [CommitProcessor:3:FinalRequestProcessor@88] - Processing request:: sessionid:0x1382791d4e50004 type:closeSession cxid:0x0 zxid:0x200000074 txntype:-11 reqpath:n/a", "5": "2012-06-26 13:10:19,893 [myid:3] - DEBUG [ProcessThread(sid:3 cport:-1)::CommitProcessor@171] - Processing request:: sessionid:0x1382791d4e50004 type:create cxid:0x2 zxid:0x200000075 txntype:1 reqpath:n/a", "6": "2012-06-26 13:10:19,920 [myid:3] - DEBUG [ProcessThread(sid:3 cport:-1)::Leader@716] - Proposing:: sessionid:0x1382791d4e50004 type:create cxid:0x2 zxid:0x200000075 txntype:1 reqpath:n/a", "7": "2012-06-26 13:10:20,278 [myid:3] - DEBUG [LearnerHandler-/xx.xx.xx.102:13846:CommitProcessor@161] - Committing request:: sessionid:0x1382791d4e50004 type:create cxid:0x2 zxid:0x200000075 txntype:1 reqpath:n/a", "8": "2012-06-26 13:10:20,752 [myid:3] - DEBUG [CommitProcessor:3:FinalRequestProcessor@88] - Processing request:: sessionid:0x1382791d4e50004 type:create cxid:0x2 zxid:0x200000075 txntype:1 reqpath:n/a"}, "traces": {}, "parsed_logs": {"0": {"class": "CommitProcessor", "method": "", "line_number": "171", "message": "Processing request:: sessionid:0x1382791d4e50004 type:closeSession cxid:0x0 zxid:0x200000074 txntype:-11 reqpath:n/a"}, "1": {"class": "Leader", "method": "", "line_number": "716", "message": "Proposing:: sessionid:0x1382791d4e50004 type:closeSession cxid:0x0 zxid:0x200000074 txntype:-11 reqpath:n/a"}, "2": {"class": "CommitProcessor", "method": "LearnerHandler-/xx.xx.xx.102:13846", "line_number": "161", "message": "Committing request:: sessionid:0x1382791d4e50004 type:closeSession cxid:0x0 zxid:0x200000074 txntype:-11 reqpath:n/a"}, "3": {"class": "FinalRequestProcessor", "method": "", "line_number": "88", "message": "Processing request:: sessionid:0x1382791d4e50004 type:closeSession cxid:0x0 zxid:0x200000074 txntype:-11 reqpath:n/a"}, "5": {"class": "CommitProcessor", "method": "", "line_number": "171", "message": "Processing request:: sessionid:0x1382791d4e50004 type:create cxid:0x2 zxid:0x200000075 txntype:1 reqpath:n/a"}, "6": {"class": "Leader", "method": "", "line_number": "716", "message": "Proposing:: sessionid:0x1382791d4e50004 type:create cxid:0x2 zxid:0x200000075 txntype:1 reqpath:n/a"}, "7": {"class": "CommitProcessor", "method": "", "line_number": "161", "message": "Committing request:: sessionid:0x1382791d4e50004 type:create cxid:0x2 zxid:0x200000075 txntype:1 reqpath:n/a"}, "8": {"class": "FinalRequestProcessor", "method": "", "line_number": "88", "message": "Processing request:: sessionid:0x1382791d4e50004 type:create cxid:0x2 zxid:0x200000075 txntype:1 reqpath:n/a"}}, "parsed_traces": {}}}