{"bug_id": "zk-1683", "link": "https://issues.apache.org/jira/browse/ZOOKEEPER-1683", "title": "ZooKeeper client NPE when updating server list on disconnected client\n", "description": "The duff code is this:\n\nClientCnxnSocket clientCnxnSocket = cnxn.sendThread.getClientCnxnSocket();\nInetSocketAddress currentHost = (InetSocketAddress) clientCnxnSocket.getRemoteSocketAddress();\nboolean reconfigMode = hostProvider.updateServerList(serverAddresses, currentHost);\n\nNow, currentHost might be null, if we're not yet connected. But StaticHostProvider.updateServerList indirects on it unconditionally.\n\nThis would be caught by findbugs.", "logs_traces": "2013-04-04 22:16:15,872 ERROR [pool-4-thread-1] com.netflix.curator.ConnectionState.getZooKeeper (ConnectionState.java:84) - Background exception caught\n\njava.lang.NullPointerException\n\nat org.apache.zookeeper.client.StaticHostProvider.updateServerList(StaticHostProvider.java:161) ~[zookeeper-3.5.0.jar:3.5.0--1]\n\nat org.apache.zookeeper.ZooKeeper.updateServerList(ZooKeeper.java:183) ~[zookeeper-3.5.0.jar:3.5.0--1]\n\nat com.netflix.curator.HandleHolder$1$1.setConnectionString(HandleHolder.java:121) ~[curator-client-1.3.5-SNAPSHOT.jar:?]", "parsed_logs_traces": {"logs": {"0": "2013-04-04 22:16:15,872 ERROR [pool-4-thread-1] com.netflix.curator.ConnectionState.getZooKeeper (ConnectionState.java:84) - Background exception caught"}, "traces": {"2": "at org.apache.zookeeper.client.StaticHostProvider.updateServerList(StaticHostProvider.java:161) ~[zookeeper-3.5.0.jar:3.5.0--1]", "3": "at org.apache.zookeeper.ZooKeeper.updateServerList(ZooKeeper.java:183) ~[zookeeper-3.5.0.jar:3.5.0--1]"}, "parsed_logs": {"0": {"class": "com.netflix.curator.ConnectionState", "method": "getZooKeeper", "line_number": "84", "message": "Background exception caught"}}, "parsed_traces": {}}}