{"bug_id": "zk-1576", "link": "https://issues.apache.org/jira/browse/ZOOKEEPER-1576", "title": "Zookeeper cluster - failed to connect to cluster if one of the provided IPs causes java.net.UnknownHostException\n", "description": "Using a cluster of three 3.4.3 zookeeper servers.\n\nAll the servers are up, but on the client machine, the firewall is blocking one of the servers.\n\nThe following exception is happening, and the client is not connected to any of the other cluster members.", "logs_traces": "Nov 02, 2012 9:54:32 PM com.netflix.curator.framework.imps.CuratorFrameworkImpl logError\n\nSEVERE: Background exception was not retry-able or retry gave up\n\njava.net.UnknownHostException: scnrmq003.myworkday.com\n\nat java.net.Inet4AddressImpl.lookupAllHostAddr(Native Method)\n\nat java.net.InetAddress$1.lookupAllHostAddr(Unknown Source)\n\nat java.net.InetAddress.getAddressesFromNameService(Unknown Source)\n\nat java.net.InetAddress.getAllByName0(Unknown Source)\n\nat java.net.InetAddress.getAllByName(Unknown Source)\n\nat java.net.InetAddress.getAllByName(Unknown Source)\n\nat org.apache.zookeeper.client.StaticHostProvider.<init>(StaticHostProvider.java:60)\n\nat org.apache.zookeeper.ZooKeeper.<init>(ZooKeeper.java:440)\n\nat org.apache.zookeeper.ZooKeeper.<init>(ZooKeeper.java:375)", "parsed_logs_traces": {"logs": {}, "traces": {"9": "at org.apache.zookeeper.client.StaticHostProvider.<init>(StaticHostProvider.java:60)", "10": "at org.apache.zookeeper.ZooKeeper.<init>(ZooKeeper.java:440)", "11": "at org.apache.zookeeper.ZooKeeper.<init>(ZooKeeper.java:375)"}, "parsed_logs": {}, "parsed_traces": {"9": {"package_class": "org.apache.zookeeper.client.StaticHostProvider", "method": "<init>", "file_name": "StaticHostProvider.java", "line_number": 60}, "10": {"package_class": "org.apache.zookeeper.ZooKeeper", "method": "<init>", "file_name": "ZooKeeper.java", "line_number": 440}, "11": {"package_class": "org.apache.zookeeper.ZooKeeper", "method": "<init>", "file_name": "ZooKeeper.java", "line_number": 375}}}}