{"bug_id": "zk-1294", "link": "https://issues.apache.org/jira/browse/ZOOKEEPER-1294", "title": "One of the zookeeper server is not accepting any requests\n", "description": "Like above I have configured 3 PARTICIPANTS and 3 OBSERVERS\nin the cluster of 6 zookeepers\n\nSteps to reproduce the defect\n1. Start all the 3 participant zookeeper\n2. Stop all the participant zookeeper\n3. Start zookeeper 1(Participant)\n4. Start zookeeper 2(Participant)\n5. Start zookeeper 4(Observer)\n6. Create a persistent node with external client and close it\n7. Stop the zookeeper 1(Participant neo quorum is unstable)\n8. Create a new client and try to find the node created b4 using exists api (will fail since quorum not statisfied)\n9. Start the Zookeeper 1 (Participant stabilise the quorum)\n\nNow check the observer using 4 letter word (Server.4)\nlinux-216:/home/amith/CI/source/install/zookeeper/zookeeper2/bin # echo stat | netcat localhost 65200\nZookeeper version: 3.3.2-1031432, built on 11/05/2010 05:32 GMT\nClients:\n/127.0.0.1:46370[0](queued=0,recved=1,sent=0)\n\nLatency min/avg/max: 0/0/0\nReceived: 1\nSent: 0\nOutstanding: 0\nZxid: 0x100000003\nMode: observer\nNode count: 5\n\ncheck the participant 2 with 4 letter word\n\nLatency min/avg/max: 22/48/83\nReceived: 39\nSent: 3\nOutstanding: 35\nZxid: 0x100000003\nMode: leader\nNode count: 5\nlinux-216:/home/amith/CI/source/install/zookeeper/zookeeper2/bin #\n\ncheck the participant 1 with 4 letter word\n\nlinux-216:/home/amith/CI/source/install/zookeeper/zookeeper2/bin # echo stat | netcat localhost 65170\nThis ZooKeeper instance is not currently serving requests\n\nWe can see the participant1 logs filled with\n\nProblem here is participent1 is not responding / accepting any requests", "logs_traces": "2011-11-08 15:49:51,360 - WARN [NIOServerCxn.Factory:0.0.0.0/0.0.0.0:65170:NIOServerCnxn@642] - Exception causing close of session 0x0 due to java.io.IOException: ZooKeeperServer not running\n", "parsed_logs_traces": {"logs": {"0": "2011-11-08 15:49:51,360 - WARN [NIOServerCxn.Factory:0.0.0.0/0.0.0.0:65170:NIOServerCnxn@642] - Exception causing close of session 0x0 due to java.io.IOException: ZooKeeperServer not running"}, "traces": {}, "parsed_logs": {"0": {"class": "NIOServerCnxn", "method": "", "line_number": "642", "message": "Exception causing close of session 0x0 due to java.io.IOException: ZooKeeperServer not running"}}, "parsed_traces": {}}}