{"bug_id": "zk-512", "link": "https://issues.apache.org/jira/browse/ZOOKEEPER-512", "title": "FLE election fails to elect leader\n", "description": "Environment:\n\nThere are 5 zk servers in the cluster.\n\n\u201cI was doing fault injection testing using aspectj and noticed that after some time (after 16:23:50,525) no quorum is formed.\n\nThe faults are injected into socketchannel read/write, I throw exceptions randomly at a 1/200 ratio (rand.nextFloat() <= .005 => throw IOException\n\nYou can see when a fault is injected in the log via:", "logs_traces": "2009-08-19 16:57:09,568 - INFO [Thread-74:ReadRequestFailsIntermittently@38] - READPACKET FORCED FAIL\u201d\n\nThe jstack trace is for one of the servers. Notice that #RecvWorker != #SendWorker\n\n2009-08-19 16:59:45  Full thread dump Java HotSpot(TM) Client VM (14.0-b16 mixed mode, sharing):\n\n\"Thread-182\" prio=10 tid=0x08a81c00 nid=0x6fa9 runnable [0xb48ff000]\n\n   java.lang.Thread.State: RUNNABLE\n\n       ...\n\n       at org.apache.zookeeper.server.quorum.QuorumCnxManager$RecvWorker.run(QuorumCnxManager.java:594)\n\n\"Thread-181\" prio=10 tid=0x08b32800 nid=0x6fa7 waiting on condition [0xb4476000]\n\n   java.lang.Thread.State: WAITING (parking)\n\n       ...\n\n       at org.apache.zookeeper.server.quorum.QuorumCnxManager$SendWorker.run(QuorumCnxManager.java:533)\n\n       ...\n\n\"Thread-180\" prio=10 tid=0x08af4000 nid=0x6edd runnable [0xb4569000]\n\n   java.lang.Thread.State: RUNNABLE\n\n       ...\n\n       at org.apache.zookeeper.server.quorum.QuorumCnxManager$RecvWorker.run(QuorumCnxManager.java:594)\n\n\"Thread-179\" prio=10 tid=0x08a87800 nid=0x6edb waiting on condition [0xb4b87000]\n\n   java.lang.Thread.State: WAITING (parking)\n\n       ...\n\n       at org.apache.zookeeper.server.quorum.QuorumCnxManager$SendWorker.run(QuorumCnxManager.java:533)\n\n\"Thread-131\" prio=10 tid=0x08a0d400 nid=0x5fc3 waiting on condition [0xb4bd8000]\n\n   java.lang.Thread.State: WAITING (parking)\n\n       ...\n\n       at org.apache.zookeeper.server.quorum.QuorumCnxManager$SendWorker.run(QuorumCnxManager.java:533)\n\n       ...\n\n\"Thread-2\" prio=10 tid=0x08aee400 nid=0x58e8 waiting on condition [0xb4c29000]\n\n   java.lang.Thread.State: WAITING (parking)\n\n       ...\n\n       at org.apache.zookeeper.server.quorum.QuorumCnxManager$SendWorker.run(QuorumCnxManager.java:533)\n\nFrom the thread dump, 2 RecvWorker, 4 SendWorker (#RecvWorker != #SendWorker), which is abnormal, since the RecvWorker and sendWorker come in pairs.", "parsed_logs_traces": {"logs": {"0": "2009-08-19 16:57:09,568 - INFO [Thread-74:ReadRequestFailsIntermittently@38] - READPACKET FORCED FAIL\u201d"}, "traces": {"6": "       at org.apache.zookeeper.server.quorum.QuorumCnxManager$RecvWorker.run(QuorumCnxManager.java:594)", "10": "       at org.apache.zookeeper.server.quorum.QuorumCnxManager$SendWorker.run(QuorumCnxManager.java:533)", "15": "       at org.apache.zookeeper.server.quorum.QuorumCnxManager$RecvWorker.run(QuorumCnxManager.java:594)", "19": "       at org.apache.zookeeper.server.quorum.QuorumCnxManager$SendWorker.run(QuorumCnxManager.java:533)", "23": "       at org.apache.zookeeper.server.quorum.QuorumCnxManager$SendWorker.run(QuorumCnxManager.java:533)", "28": "       at org.apache.zookeeper.server.quorum.QuorumCnxManager$SendWorker.run(QuorumCnxManager.java:533)"}, "parsed_logs": {"0": {"class": "ReadRequestFailsIntermittently", "method": "", "line_number": "38", "message": "READPACKET FORCED FAIL"}}, "parsed_traces": {"6": {"package_class": "org.apache.zookeeper.server.quorum.QuorumCnxManager$RecvWorker", "method": "run", "file_name": "QuorumCnxManager.java", "line_number": 594}, "10": {"package_class": "org.apache.zookeeper.server.quorum.QuorumCnxManager$SendWorker", "method": "run", "file_name": "QuorumCnxManager.java", "line_number": 533}, "15": {"package_class": "org.apache.zookeeper.server.quorum.QuorumCnxManager$RecvWorker", "method": "run", "file_name": "QuorumCnxManager.java", "line_number": 594}, "19": {"package_class": "org.apache.zookeeper.server.quorum.QuorumCnxManager$SendWorker", "method": "run", "file_name": "QuorumCnxManager.java", "line_number": 533}, "23": {"package_class": "org.apache.zookeeper.server.quorum.QuorumCnxManager$SendWorker", "method": "run", "file_name": "QuorumCnxManager.java", "line_number": 533}, "28": {"package_class": "org.apache.zookeeper.server.quorum.QuorumCnxManager$SendWorker", "method": "run", "file_name": "QuorumCnxManager.java", "line_number": 533}}}}